============================================================
  Generated by:           Genus(TM) Synthesis Solution 20.11-s111_1
  Generated on:           Apr 17 2026  11:17:30 pm
  Module:                 systolic_array
  Operating conditions:   slow (balanced_tree)
  Wireload mode:          enclosed
  Area mode:              timing library
============================================================


Path 1: MET (2393 ps) Setup Check with Pin P16/result_reg[31]/CK->D
          Group: C2C
     Startpoint: (R) weight_reg_reg[15][2]/CK
          Clock: (R) clk
       Endpoint: (R) P16/result_reg[31]/D
          Clock: (R) clk

                     Capture       Launch     
        Clock Edge:+   13330            0     
       Src Latency:+       0            0     
       Net Latency:+       0 (I)        0 (I) 
           Arrival:=   13330            0     
                                              
             Setup:-     109                  
       Uncertainty:-     300                  
     Required Time:=   12921                  
      Launch Clock:-       0                  
         Data Path:-   10528                  
             Slack:=    2393                  

#--------------------------------------------------------------------------------------------------------------------
#               Timing Point                 Flags    Arc   Edge   Cell     Fanout Load Trans Delay Arrival Instance 
#                                                                                  (fF)  (ps)  (ps)   (ps)  Location 
#--------------------------------------------------------------------------------------------------------------------
  weight_reg_reg[15][2]/CK                   -       -      R     (arrival)   1910    -   200     0       0    (-,-) 
  weight_reg_reg[15][2]/Q                    -       CK->Q  R     DFFRHQX1      26 49.3   422   650     650    (-,-) 
  P16/csa_tree_add_33_32_groupi_g3965/Y      -       A->Y   F     CLKINVX1      23 45.5   368   344     994    (-,-) 
  P16/csa_tree_add_33_32_groupi_g3910/Y      -       A->Y   R     MXI2XL         2  5.6   242   247    1241    (-,-) 
  P16/csa_tree_add_33_32_groupi_g3891/Y      -       B->Y   F     NAND2X1       18 30.3   426   352    1593    (-,-) 
  P16/csa_tree_add_33_32_groupi_g3858/Y      -       A0->Y  R     AOI21XL        1  3.7   198   215    1808    (-,-) 
  P16/csa_tree_add_33_32_groupi_g3769/Y      -       S0->Y  F     MXI2XL         1  6.2   237   159    1966    (-,-) 
  P16/csa_tree_add_33_32_groupi_cdnfadd/CO   -       B->CO  F     ADDFXL         1  4.9   118   307    2274    (-,-) 
  P16/csa_tree_add_33_32_groupi_cdnfadd1/CO  -       CI->CO F     ADDFXL         1  4.9   118   259    2533    (-,-) 
  P16/csa_tree_add_33_32_groupi_cdnfadd2/CO  -       CI->CO F     ADDFXL         1  4.9   118   259    2791    (-,-) 
  P16/csa_tree_add_33_32_groupi_cdnfadd3/CO  -       CI->CO F     ADDFXL         1  4.9   118   259    3050    (-,-) 
  P16/csa_tree_add_33_32_groupi_cdnfadd4/CO  -       CI->CO F     ADDFXL         1  4.9   118   259    3309    (-,-) 
  P16/csa_tree_add_33_32_groupi_cdnfadd5/CO  -       CI->CO F     ADDFXL         1  4.9   118   259    3568    (-,-) 
  P16/csa_tree_add_33_32_groupi_cdnfadd6/CO  -       CI->CO F     ADDFXL         1  4.9   118   259    3827    (-,-) 
  P16/csa_tree_add_33_32_groupi_cdnfadd7/CO  -       CI->CO F     ADDFXL         1  4.9   116   259    4085    (-,-) 
  P16/csa_tree_add_33_32_groupi_cdnfadd8/CO  -       CI->CO F     ADDFXL         1  4.9   116   258    4344    (-,-) 
  P16/csa_tree_add_33_32_groupi_cdnfadd9/CO  -       CI->CO F     ADDFXL         1  4.9   116   258    4602    (-,-) 
  P16/csa_tree_add_33_32_groupi_cdnfadd10/CO -       CI->CO F     ADDFXL         1  4.9   116   258    4861    (-,-) 
  P16/csa_tree_add_33_32_groupi_cdnfadd11/CO -       CI->CO F     ADDFXL         1  4.9   116   258    5119    (-,-) 
  P16/csa_tree_add_33_32_groupi_cdnfadd12/CO -       CI->CO F     ADDFXL         1  4.9   116   258    5377    (-,-) 
  P16/csa_tree_add_33_32_groupi_cdnfadd13/CO -       CI->CO F     ADDFXL         1  4.9   116   258    5636    (-,-) 
  P16/csa_tree_add_33_32_groupi_cdnfadd14/CO -       CI->CO F     ADDFXL         1  4.9   116   258    5894    (-,-) 
  P16/csa_tree_add_33_32_groupi_cdnfadd15/CO -       CI->CO F     ADDFXL         1  4.9   116   258    6153    (-,-) 
  P16/csa_tree_add_33_32_groupi_cdnfadd16/CO -       CI->CO F     ADDFXL         1  4.9   116   258    6411    (-,-) 
  P16/csa_tree_add_33_32_groupi_cdnfadd17/CO -       CI->CO F     ADDFXL         1  4.9   116   258    6669    (-,-) 
  P16/csa_tree_add_33_32_groupi_cdnfadd18/CO -       CI->CO F     ADDFXL         1  4.9   116   258    6928    (-,-) 
  P16/csa_tree_add_33_32_groupi_cdnfadd19/CO -       CI->CO F     ADDFXL         1  4.9   116   258    7186    (-,-) 
  P16/csa_tree_add_33_32_groupi_cdnfadd20/CO -       CI->CO F     ADDFXL         1  4.9   116   258    7445    (-,-) 
  P16/csa_tree_add_33_32_groupi_cdnfadd21/CO -       CI->CO F     ADDFXL         1  4.9   116   258    7703    (-,-) 
  P16/csa_tree_add_33_32_groupi_cdnfadd22/CO -       CI->CO F     ADDFXL         1  4.9   116   258    7961    (-,-) 
  P16/csa_tree_add_33_32_groupi_cdnfadd23/CO -       CI->CO F     ADDFXL         1  4.9   116   258    8220    (-,-) 
  P16/csa_tree_add_33_32_groupi_cdnfadd24/CO -       CI->CO F     ADDFXL         1  4.9   116   258    8478    (-,-) 
  P16/csa_tree_add_33_32_groupi_cdnfadd25/CO -       CI->CO F     ADDFXL         1  4.9   116   258    8737    (-,-) 
  P16/csa_tree_add_33_32_groupi_cdnfadd26/CO -       CI->CO F     ADDFXL         1  4.9   116   258    8995    (-,-) 
  P16/csa_tree_add_33_32_groupi_cdnfadd27/CO -       CI->CO F     ADDFXL         1  4.9   116   258    9253    (-,-) 
  P16/csa_tree_add_33_32_groupi_cdnfadd28/CO -       CI->CO F     ADDFXL         1  4.9   116   258    9512    (-,-) 
  P16/csa_tree_add_33_32_groupi_cdnfadd29/CO -       CI->CO F     ADDFXL         1  4.9   116   258    9770    (-,-) 
  P16/csa_tree_add_33_32_groupi_cdnfadd30/CO -       CI->CO F     ADDFXL         1  4.9   116   258   10029    (-,-) 
  P16/csa_tree_add_33_32_groupi_cdnfadd31/S  -       CI->S  R     ADDFXL         1  1.9    79   349   10377    (-,-) 
  P16/g108/Y                                 -       B->Y   R     MX2XL          1  2.3    77   150   10528    (-,-) 
  P16/result_reg[31]/D                       -       -      R     DFFRHQX2       1    -     -     0   10528    (-,-) 
#--------------------------------------------------------------------------------------------------------------------



Path 2: MET (2393 ps) Setup Check with Pin P14/result_reg[31]/CK->D
          Group: C2C
     Startpoint: (R) weight_reg_reg[13][2]/CK
          Clock: (R) clk
       Endpoint: (R) P14/result_reg[31]/D
          Clock: (R) clk

                     Capture       Launch     
        Clock Edge:+   13330            0     
       Src Latency:+       0            0     
       Net Latency:+       0 (I)        0 (I) 
           Arrival:=   13330            0     
                                              
             Setup:-     109                  
       Uncertainty:-     300                  
     Required Time:=   12921                  
      Launch Clock:-       0                  
         Data Path:-   10528                  
             Slack:=    2393                  

#--------------------------------------------------------------------------------------------------------------------
#               Timing Point                 Flags    Arc   Edge   Cell     Fanout Load Trans Delay Arrival Instance 
#                                                                                  (fF)  (ps)  (ps)   (ps)  Location 
#--------------------------------------------------------------------------------------------------------------------
  weight_reg_reg[13][2]/CK                   -       -      R     (arrival)   1910    -   200     0       0    (-,-) 
  weight_reg_reg[13][2]/Q                    -       CK->Q  R     DFFRHQX1      26 49.3   422   650     650    (-,-) 
  P14/csa_tree_add_33_32_groupi_g3965/Y      -       A->Y   F     CLKINVX1      23 45.5   368   344     994    (-,-) 
  P14/csa_tree_add_33_32_groupi_g3910/Y      -       A->Y   R     MXI2XL         2  5.6   242   247    1241    (-,-) 
  P14/csa_tree_add_33_32_groupi_g3891/Y      -       B->Y   F     NAND2X1       18 30.3   426   352    1593    (-,-) 
  P14/csa_tree_add_33_32_groupi_g3858/Y      -       A0->Y  R     AOI21XL        1  3.7   198   215    1808    (-,-) 
  P14/csa_tree_add_33_32_groupi_g3769/Y      -       S0->Y  F     MXI2XL         1  6.2   237   159    1966    (-,-) 
  P14/csa_tree_add_33_32_groupi_cdnfadd/CO   -       B->CO  F     ADDFXL         1  4.9   118   307    2274    (-,-) 
  P14/csa_tree_add_33_32_groupi_cdnfadd1/CO  -       CI->CO F     ADDFXL         1  4.9   118   259    2533    (-,-) 
  P14/csa_tree_add_33_32_groupi_cdnfadd2/CO  -       CI->CO F     ADDFXL         1  4.9   118   259    2791    (-,-) 
  P14/csa_tree_add_33_32_groupi_cdnfadd3/CO  -       CI->CO F     ADDFXL         1  4.9   118   259    3050    (-,-) 
  P14/csa_tree_add_33_32_groupi_cdnfadd4/CO  -       CI->CO F     ADDFXL         1  4.9   118   259    3309    (-,-) 
  P14/csa_tree_add_33_32_groupi_cdnfadd5/CO  -       CI->CO F     ADDFXL         1  4.9   118   259    3568    (-,-) 
  P14/csa_tree_add_33_32_groupi_cdnfadd6/CO  -       CI->CO F     ADDFXL         1  4.9   118   259    3827    (-,-) 
  P14/csa_tree_add_33_32_groupi_cdnfadd7/CO  -       CI->CO F     ADDFXL         1  4.9   116   259    4085    (-,-) 
  P14/csa_tree_add_33_32_groupi_cdnfadd8/CO  -       CI->CO F     ADDFXL         1  4.9   116   258    4344    (-,-) 
  P14/csa_tree_add_33_32_groupi_cdnfadd9/CO  -       CI->CO F     ADDFXL         1  4.9   116   258    4602    (-,-) 
  P14/csa_tree_add_33_32_groupi_cdnfadd10/CO -       CI->CO F     ADDFXL         1  4.9   116   258    4861    (-,-) 
  P14/csa_tree_add_33_32_groupi_cdnfadd11/CO -       CI->CO F     ADDFXL         1  4.9   116   258    5119    (-,-) 
  P14/csa_tree_add_33_32_groupi_cdnfadd12/CO -       CI->CO F     ADDFXL         1  4.9   116   258    5377    (-,-) 
  P14/csa_tree_add_33_32_groupi_cdnfadd13/CO -       CI->CO F     ADDFXL         1  4.9   116   258    5636    (-,-) 
  P14/csa_tree_add_33_32_groupi_cdnfadd14/CO -       CI->CO F     ADDFXL         1  4.9   116   258    5894    (-,-) 
  P14/csa_tree_add_33_32_groupi_cdnfadd15/CO -       CI->CO F     ADDFXL         1  4.9   116   258    6153    (-,-) 
  P14/csa_tree_add_33_32_groupi_cdnfadd16/CO -       CI->CO F     ADDFXL         1  4.9   116   258    6411    (-,-) 
  P14/csa_tree_add_33_32_groupi_cdnfadd17/CO -       CI->CO F     ADDFXL         1  4.9   116   258    6669    (-,-) 
  P14/csa_tree_add_33_32_groupi_cdnfadd18/CO -       CI->CO F     ADDFXL         1  4.9   116   258    6928    (-,-) 
  P14/csa_tree_add_33_32_groupi_cdnfadd19/CO -       CI->CO F     ADDFXL         1  4.9   116   258    7186    (-,-) 
  P14/csa_tree_add_33_32_groupi_cdnfadd20/CO -       CI->CO F     ADDFXL         1  4.9   116   258    7445    (-,-) 
  P14/csa_tree_add_33_32_groupi_cdnfadd21/CO -       CI->CO F     ADDFXL         1  4.9   116   258    7703    (-,-) 
  P14/csa_tree_add_33_32_groupi_cdnfadd22/CO -       CI->CO F     ADDFXL         1  4.9   116   258    7961    (-,-) 
  P14/csa_tree_add_33_32_groupi_cdnfadd23/CO -       CI->CO F     ADDFXL         1  4.9   116   258    8220    (-,-) 
  P14/csa_tree_add_33_32_groupi_cdnfadd24/CO -       CI->CO F     ADDFXL         1  4.9   116   258    8478    (-,-) 
  P14/csa_tree_add_33_32_groupi_cdnfadd25/CO -       CI->CO F     ADDFXL         1  4.9   116   258    8737    (-,-) 
  P14/csa_tree_add_33_32_groupi_cdnfadd26/CO -       CI->CO F     ADDFXL         1  4.9   116   258    8995    (-,-) 
  P14/csa_tree_add_33_32_groupi_cdnfadd27/CO -       CI->CO F     ADDFXL         1  4.9   116   258    9253    (-,-) 
  P14/csa_tree_add_33_32_groupi_cdnfadd28/CO -       CI->CO F     ADDFXL         1  4.9   116   258    9512    (-,-) 
  P14/csa_tree_add_33_32_groupi_cdnfadd29/CO -       CI->CO F     ADDFXL         1  4.9   116   258    9770    (-,-) 
  P14/csa_tree_add_33_32_groupi_cdnfadd30/CO -       CI->CO F     ADDFXL         1  4.9   116   258   10029    (-,-) 
  P14/csa_tree_add_33_32_groupi_cdnfadd31/S  -       CI->S  R     ADDFXL         1  1.9    79   349   10377    (-,-) 
  P14/g106/Y                                 -       B->Y   R     MX2XL          1  2.3    77   150   10528    (-,-) 
  P14/result_reg[31]/D                       -       -      R     DFFRHQX2       1    -     -     0   10528    (-,-) 
#--------------------------------------------------------------------------------------------------------------------



Path 3: MET (2393 ps) Setup Check with Pin P13/result_reg[31]/CK->D
          Group: C2C
     Startpoint: (R) weight_reg_reg[12][2]/CK
          Clock: (R) clk
       Endpoint: (R) P13/result_reg[31]/D
          Clock: (R) clk

                     Capture       Launch     
        Clock Edge:+   13330            0     
       Src Latency:+       0            0     
       Net Latency:+       0 (I)        0 (I) 
           Arrival:=   13330            0     
                                              
             Setup:-     109                  
       Uncertainty:-     300                  
     Required Time:=   12921                  
      Launch Clock:-       0                  
         Data Path:-   10528                  
             Slack:=    2393                  

#--------------------------------------------------------------------------------------------------------------------
#               Timing Point                 Flags    Arc   Edge   Cell     Fanout Load Trans Delay Arrival Instance 
#                                                                                  (fF)  (ps)  (ps)   (ps)  Location 
#--------------------------------------------------------------------------------------------------------------------
  weight_reg_reg[12][2]/CK                   -       -      R     (arrival)   1910    -   200     0       0    (-,-) 
  weight_reg_reg[12][2]/Q                    -       CK->Q  R     DFFRHQX1      26 49.3   422   650     650    (-,-) 
  P13/csa_tree_add_33_32_groupi_g3965/Y      -       A->Y   F     CLKINVX1      23 45.5   368   344     994    (-,-) 
  P13/csa_tree_add_33_32_groupi_g3910/Y      -       A->Y   R     MXI2XL         2  5.6   242   247    1241    (-,-) 
  P13/csa_tree_add_33_32_groupi_g3891/Y      -       B->Y   F     NAND2X1       18 30.3   426   352    1593    (-,-) 
  P13/csa_tree_add_33_32_groupi_g3858/Y      -       A0->Y  R     AOI21XL        1  3.7   198   215    1808    (-,-) 
  P13/csa_tree_add_33_32_groupi_g3769/Y      -       S0->Y  F     MXI2XL         1  6.2   237   159    1966    (-,-) 
  P13/csa_tree_add_33_32_groupi_cdnfadd/CO   -       B->CO  F     ADDFXL         1  4.9   118   307    2274    (-,-) 
  P13/csa_tree_add_33_32_groupi_cdnfadd1/CO  -       CI->CO F     ADDFXL         1  4.9   118   259    2533    (-,-) 
  P13/csa_tree_add_33_32_groupi_cdnfadd2/CO  -       CI->CO F     ADDFXL         1  4.9   118   259    2791    (-,-) 
  P13/csa_tree_add_33_32_groupi_cdnfadd3/CO  -       CI->CO F     ADDFXL         1  4.9   118   259    3050    (-,-) 
  P13/csa_tree_add_33_32_groupi_cdnfadd4/CO  -       CI->CO F     ADDFXL         1  4.9   118   259    3309    (-,-) 
  P13/csa_tree_add_33_32_groupi_cdnfadd5/CO  -       CI->CO F     ADDFXL         1  4.9   118   259    3568    (-,-) 
  P13/csa_tree_add_33_32_groupi_cdnfadd6/CO  -       CI->CO F     ADDFXL         1  4.9   118   259    3827    (-,-) 
  P13/csa_tree_add_33_32_groupi_cdnfadd7/CO  -       CI->CO F     ADDFXL         1  4.9   116   259    4085    (-,-) 
  P13/csa_tree_add_33_32_groupi_cdnfadd8/CO  -       CI->CO F     ADDFXL         1  4.9   116   258    4344    (-,-) 
  P13/csa_tree_add_33_32_groupi_cdnfadd9/CO  -       CI->CO F     ADDFXL         1  4.9   116   258    4602    (-,-) 
  P13/csa_tree_add_33_32_groupi_cdnfadd10/CO -       CI->CO F     ADDFXL         1  4.9   116   258    4861    (-,-) 
  P13/csa_tree_add_33_32_groupi_cdnfadd11/CO -       CI->CO F     ADDFXL         1  4.9   116   258    5119    (-,-) 
  P13/csa_tree_add_33_32_groupi_cdnfadd12/CO -       CI->CO F     ADDFXL         1  4.9   116   258    5377    (-,-) 
  P13/csa_tree_add_33_32_groupi_cdnfadd13/CO -       CI->CO F     ADDFXL         1  4.9   116   258    5636    (-,-) 
  P13/csa_tree_add_33_32_groupi_cdnfadd14/CO -       CI->CO F     ADDFXL         1  4.9   116   258    5894    (-,-) 
  P13/csa_tree_add_33_32_groupi_cdnfadd15/CO -       CI->CO F     ADDFXL         1  4.9   116   258    6153    (-,-) 
  P13/csa_tree_add_33_32_groupi_cdnfadd16/CO -       CI->CO F     ADDFXL         1  4.9   116   258    6411    (-,-) 
  P13/csa_tree_add_33_32_groupi_cdnfadd17/CO -       CI->CO F     ADDFXL         1  4.9   116   258    6669    (-,-) 
  P13/csa_tree_add_33_32_groupi_cdnfadd18/CO -       CI->CO F     ADDFXL         1  4.9   116   258    6928    (-,-) 
  P13/csa_tree_add_33_32_groupi_cdnfadd19/CO -       CI->CO F     ADDFXL         1  4.9   116   258    7186    (-,-) 
  P13/csa_tree_add_33_32_groupi_cdnfadd20/CO -       CI->CO F     ADDFXL         1  4.9   116   258    7445    (-,-) 
  P13/csa_tree_add_33_32_groupi_cdnfadd21/CO -       CI->CO F     ADDFXL         1  4.9   116   258    7703    (-,-) 
  P13/csa_tree_add_33_32_groupi_cdnfadd22/CO -       CI->CO F     ADDFXL         1  4.9   116   258    7961    (-,-) 
  P13/csa_tree_add_33_32_groupi_cdnfadd23/CO -       CI->CO F     ADDFXL         1  4.9   116   258    8220    (-,-) 
  P13/csa_tree_add_33_32_groupi_cdnfadd24/CO -       CI->CO F     ADDFXL         1  4.9   116   258    8478    (-,-) 
  P13/csa_tree_add_33_32_groupi_cdnfadd25/CO -       CI->CO F     ADDFXL         1  4.9   116   258    8737    (-,-) 
  P13/csa_tree_add_33_32_groupi_cdnfadd26/CO -       CI->CO F     ADDFXL         1  4.9   116   258    8995    (-,-) 
  P13/csa_tree_add_33_32_groupi_cdnfadd27/CO -       CI->CO F     ADDFXL         1  4.9   116   258    9253    (-,-) 
  P13/csa_tree_add_33_32_groupi_cdnfadd28/CO -       CI->CO F     ADDFXL         1  4.9   116   258    9512    (-,-) 
  P13/csa_tree_add_33_32_groupi_cdnfadd29/CO -       CI->CO F     ADDFXL         1  4.9   116   258    9770    (-,-) 
  P13/csa_tree_add_33_32_groupi_cdnfadd30/CO -       CI->CO F     ADDFXL         1  4.9   116   258   10029    (-,-) 
  P13/csa_tree_add_33_32_groupi_cdnfadd31/S  -       CI->S  R     ADDFXL         1  1.9    79   349   10377    (-,-) 
  P13/g106/Y                                 -       B->Y   R     MX2XL          1  2.3    77   150   10528    (-,-) 
  P13/result_reg[31]/D                       -       -      R     DFFRHQX2       1    -     -     0   10528    (-,-) 
#--------------------------------------------------------------------------------------------------------------------



Path 4: MET (2393 ps) Setup Check with Pin P12/result_reg[31]/CK->D
          Group: C2C
     Startpoint: (R) weight_reg_reg[11][2]/CK
          Clock: (R) clk
       Endpoint: (R) P12/result_reg[31]/D
          Clock: (R) clk

                     Capture       Launch     
        Clock Edge:+   13330            0     
       Src Latency:+       0            0     
       Net Latency:+       0 (I)        0 (I) 
           Arrival:=   13330            0     
                                              
             Setup:-     109                  
       Uncertainty:-     300                  
     Required Time:=   12921                  
      Launch Clock:-       0                  
         Data Path:-   10528                  
             Slack:=    2393                  

#--------------------------------------------------------------------------------------------------------------------
#               Timing Point                 Flags    Arc   Edge   Cell     Fanout Load Trans Delay Arrival Instance 
#                                                                                  (fF)  (ps)  (ps)   (ps)  Location 
#--------------------------------------------------------------------------------------------------------------------
  weight_reg_reg[11][2]/CK                   -       -      R     (arrival)   1910    -   200     0       0    (-,-) 
  weight_reg_reg[11][2]/Q                    -       CK->Q  R     DFFRHQX1      26 49.3   422   650     650    (-,-) 
  P12/csa_tree_add_33_32_groupi_g3965/Y      -       A->Y   F     CLKINVX1      23 45.5   368   344     994    (-,-) 
  P12/csa_tree_add_33_32_groupi_g3910/Y      -       A->Y   R     MXI2XL         2  5.6   242   247    1241    (-,-) 
  P12/csa_tree_add_33_32_groupi_g3891/Y      -       B->Y   F     NAND2X1       18 30.3   426   352    1593    (-,-) 
  P12/csa_tree_add_33_32_groupi_g3858/Y      -       A0->Y  R     AOI21XL        1  3.7   198   215    1808    (-,-) 
  P12/csa_tree_add_33_32_groupi_g3769/Y      -       S0->Y  F     MXI2XL         1  6.2   237   159    1966    (-,-) 
  P12/csa_tree_add_33_32_groupi_cdnfadd/CO   -       B->CO  F     ADDFXL         1  4.9   118   307    2274    (-,-) 
  P12/csa_tree_add_33_32_groupi_cdnfadd1/CO  -       CI->CO F     ADDFXL         1  4.9   118   259    2533    (-,-) 
  P12/csa_tree_add_33_32_groupi_cdnfadd2/CO  -       CI->CO F     ADDFXL         1  4.9   118   259    2791    (-,-) 
  P12/csa_tree_add_33_32_groupi_cdnfadd3/CO  -       CI->CO F     ADDFXL         1  4.9   118   259    3050    (-,-) 
  P12/csa_tree_add_33_32_groupi_cdnfadd4/CO  -       CI->CO F     ADDFXL         1  4.9   118   259    3309    (-,-) 
  P12/csa_tree_add_33_32_groupi_cdnfadd5/CO  -       CI->CO F     ADDFXL         1  4.9   118   259    3568    (-,-) 
  P12/csa_tree_add_33_32_groupi_cdnfadd6/CO  -       CI->CO F     ADDFXL         1  4.9   118   259    3827    (-,-) 
  P12/csa_tree_add_33_32_groupi_cdnfadd7/CO  -       CI->CO F     ADDFXL         1  4.9   116   259    4085    (-,-) 
  P12/csa_tree_add_33_32_groupi_cdnfadd8/CO  -       CI->CO F     ADDFXL         1  4.9   116   258    4344    (-,-) 
  P12/csa_tree_add_33_32_groupi_cdnfadd9/CO  -       CI->CO F     ADDFXL         1  4.9   116   258    4602    (-,-) 
  P12/csa_tree_add_33_32_groupi_cdnfadd10/CO -       CI->CO F     ADDFXL         1  4.9   116   258    4861    (-,-) 
  P12/csa_tree_add_33_32_groupi_cdnfadd11/CO -       CI->CO F     ADDFXL         1  4.9   116   258    5119    (-,-) 
  P12/csa_tree_add_33_32_groupi_cdnfadd12/CO -       CI->CO F     ADDFXL         1  4.9   116   258    5377    (-,-) 
  P12/csa_tree_add_33_32_groupi_cdnfadd13/CO -       CI->CO F     ADDFXL         1  4.9   116   258    5636    (-,-) 
  P12/csa_tree_add_33_32_groupi_cdnfadd14/CO -       CI->CO F     ADDFXL         1  4.9   116   258    5894    (-,-) 
  P12/csa_tree_add_33_32_groupi_cdnfadd15/CO -       CI->CO F     ADDFXL         1  4.9   116   258    6153    (-,-) 
  P12/csa_tree_add_33_32_groupi_cdnfadd16/CO -       CI->CO F     ADDFXL         1  4.9   116   258    6411    (-,-) 
  P12/csa_tree_add_33_32_groupi_cdnfadd17/CO -       CI->CO F     ADDFXL         1  4.9   116   258    6669    (-,-) 
  P12/csa_tree_add_33_32_groupi_cdnfadd18/CO -       CI->CO F     ADDFXL         1  4.9   116   258    6928    (-,-) 
  P12/csa_tree_add_33_32_groupi_cdnfadd19/CO -       CI->CO F     ADDFXL         1  4.9   116   258    7186    (-,-) 
  P12/csa_tree_add_33_32_groupi_cdnfadd20/CO -       CI->CO F     ADDFXL         1  4.9   116   258    7445    (-,-) 
  P12/csa_tree_add_33_32_groupi_cdnfadd21/CO -       CI->CO F     ADDFXL         1  4.9   116   258    7703    (-,-) 
  P12/csa_tree_add_33_32_groupi_cdnfadd22/CO -       CI->CO F     ADDFXL         1  4.9   116   258    7961    (-,-) 
  P12/csa_tree_add_33_32_groupi_cdnfadd23/CO -       CI->CO F     ADDFXL         1  4.9   116   258    8220    (-,-) 
  P12/csa_tree_add_33_32_groupi_cdnfadd24/CO -       CI->CO F     ADDFXL         1  4.9   116   258    8478    (-,-) 
  P12/csa_tree_add_33_32_groupi_cdnfadd25/CO -       CI->CO F     ADDFXL         1  4.9   116   258    8737    (-,-) 
  P12/csa_tree_add_33_32_groupi_cdnfadd26/CO -       CI->CO F     ADDFXL         1  4.9   116   258    8995    (-,-) 
  P12/csa_tree_add_33_32_groupi_cdnfadd27/CO -       CI->CO F     ADDFXL         1  4.9   116   258    9253    (-,-) 
  P12/csa_tree_add_33_32_groupi_cdnfadd28/CO -       CI->CO F     ADDFXL         1  4.9   116   258    9512    (-,-) 
  P12/csa_tree_add_33_32_groupi_cdnfadd29/CO -       CI->CO F     ADDFXL         1  4.9   116   258    9770    (-,-) 
  P12/csa_tree_add_33_32_groupi_cdnfadd30/CO -       CI->CO F     ADDFXL         1  4.9   116   258   10029    (-,-) 
  P12/csa_tree_add_33_32_groupi_cdnfadd31/S  -       CI->S  R     ADDFXL         1  1.9    79   349   10377    (-,-) 
  P12/g106/Y                                 -       B->Y   R     MX2XL          1  2.3    77   150   10528    (-,-) 
  P12/result_reg[31]/D                       -       -      R     DFFRHQX1       1    -     -     0   10528    (-,-) 
#--------------------------------------------------------------------------------------------------------------------



Path 5: MET (2393 ps) Setup Check with Pin P11/result_reg[31]/CK->D
          Group: C2C
     Startpoint: (R) weight_reg_reg[10][2]/CK
          Clock: (R) clk
       Endpoint: (R) P11/result_reg[31]/D
          Clock: (R) clk

                     Capture       Launch     
        Clock Edge:+   13330            0     
       Src Latency:+       0            0     
       Net Latency:+       0 (I)        0 (I) 
           Arrival:=   13330            0     
                                              
             Setup:-     109                  
       Uncertainty:-     300                  
     Required Time:=   12921                  
      Launch Clock:-       0                  
         Data Path:-   10528                  
             Slack:=    2393                  

#--------------------------------------------------------------------------------------------------------------------
#               Timing Point                 Flags    Arc   Edge   Cell     Fanout Load Trans Delay Arrival Instance 
#                                                                                  (fF)  (ps)  (ps)   (ps)  Location 
#--------------------------------------------------------------------------------------------------------------------
  weight_reg_reg[10][2]/CK                   -       -      R     (arrival)   1910    -   200     0       0    (-,-) 
  weight_reg_reg[10][2]/Q                    -       CK->Q  R     DFFRHQX1      26 49.3   422   650     650    (-,-) 
  P11/csa_tree_add_33_32_groupi_g3965/Y      -       A->Y   F     CLKINVX1      23 45.5   368   344     994    (-,-) 
  P11/csa_tree_add_33_32_groupi_g3910/Y      -       A->Y   R     MXI2XL         2  5.6   242   247    1241    (-,-) 
  P11/csa_tree_add_33_32_groupi_g3891/Y      -       B->Y   F     NAND2X1       18 30.3   426   352    1593    (-,-) 
  P11/csa_tree_add_33_32_groupi_g3858/Y      -       A0->Y  R     AOI21XL        1  3.7   198   215    1808    (-,-) 
  P11/csa_tree_add_33_32_groupi_g3769/Y      -       S0->Y  F     MXI2XL         1  6.2   237   159    1966    (-,-) 
  P11/csa_tree_add_33_32_groupi_cdnfadd/CO   -       B->CO  F     ADDFXL         1  4.9   118   307    2274    (-,-) 
  P11/csa_tree_add_33_32_groupi_cdnfadd1/CO  -       CI->CO F     ADDFXL         1  4.9   118   259    2533    (-,-) 
  P11/csa_tree_add_33_32_groupi_cdnfadd2/CO  -       CI->CO F     ADDFXL         1  4.9   118   259    2791    (-,-) 
  P11/csa_tree_add_33_32_groupi_cdnfadd3/CO  -       CI->CO F     ADDFXL         1  4.9   118   259    3050    (-,-) 
  P11/csa_tree_add_33_32_groupi_cdnfadd4/CO  -       CI->CO F     ADDFXL         1  4.9   118   259    3309    (-,-) 
  P11/csa_tree_add_33_32_groupi_cdnfadd5/CO  -       CI->CO F     ADDFXL         1  4.9   118   259    3568    (-,-) 
  P11/csa_tree_add_33_32_groupi_cdnfadd6/CO  -       CI->CO F     ADDFXL         1  4.9   118   259    3827    (-,-) 
  P11/csa_tree_add_33_32_groupi_cdnfadd7/CO  -       CI->CO F     ADDFXL         1  4.9   116   259    4085    (-,-) 
  P11/csa_tree_add_33_32_groupi_cdnfadd8/CO  -       CI->CO F     ADDFXL         1  4.9   116   258    4344    (-,-) 
  P11/csa_tree_add_33_32_groupi_cdnfadd9/CO  -       CI->CO F     ADDFXL         1  4.9   116   258    4602    (-,-) 
  P11/csa_tree_add_33_32_groupi_cdnfadd10/CO -       CI->CO F     ADDFXL         1  4.9   116   258    4861    (-,-) 
  P11/csa_tree_add_33_32_groupi_cdnfadd11/CO -       CI->CO F     ADDFXL         1  4.9   116   258    5119    (-,-) 
  P11/csa_tree_add_33_32_groupi_cdnfadd12/CO -       CI->CO F     ADDFXL         1  4.9   116   258    5377    (-,-) 
  P11/csa_tree_add_33_32_groupi_cdnfadd13/CO -       CI->CO F     ADDFXL         1  4.9   116   258    5636    (-,-) 
  P11/csa_tree_add_33_32_groupi_cdnfadd14/CO -       CI->CO F     ADDFXL         1  4.9   116   258    5894    (-,-) 
  P11/csa_tree_add_33_32_groupi_cdnfadd15/CO -       CI->CO F     ADDFXL         1  4.9   116   258    6153    (-,-) 
  P11/csa_tree_add_33_32_groupi_cdnfadd16/CO -       CI->CO F     ADDFXL         1  4.9   116   258    6411    (-,-) 
  P11/csa_tree_add_33_32_groupi_cdnfadd17/CO -       CI->CO F     ADDFXL         1  4.9   116   258    6669    (-,-) 
  P11/csa_tree_add_33_32_groupi_cdnfadd18/CO -       CI->CO F     ADDFXL         1  4.9   116   258    6928    (-,-) 
  P11/csa_tree_add_33_32_groupi_cdnfadd19/CO -       CI->CO F     ADDFXL         1  4.9   116   258    7186    (-,-) 
  P11/csa_tree_add_33_32_groupi_cdnfadd20/CO -       CI->CO F     ADDFXL         1  4.9   116   258    7445    (-,-) 
  P11/csa_tree_add_33_32_groupi_cdnfadd21/CO -       CI->CO F     ADDFXL         1  4.9   116   258    7703    (-,-) 
  P11/csa_tree_add_33_32_groupi_cdnfadd22/CO -       CI->CO F     ADDFXL         1  4.9   116   258    7961    (-,-) 
  P11/csa_tree_add_33_32_groupi_cdnfadd23/CO -       CI->CO F     ADDFXL         1  4.9   116   258    8220    (-,-) 
  P11/csa_tree_add_33_32_groupi_cdnfadd24/CO -       CI->CO F     ADDFXL         1  4.9   116   258    8478    (-,-) 
  P11/csa_tree_add_33_32_groupi_cdnfadd25/CO -       CI->CO F     ADDFXL         1  4.9   116   258    8737    (-,-) 
  P11/csa_tree_add_33_32_groupi_cdnfadd26/CO -       CI->CO F     ADDFXL         1  4.9   116   258    8995    (-,-) 
  P11/csa_tree_add_33_32_groupi_cdnfadd27/CO -       CI->CO F     ADDFXL         1  4.9   116   258    9253    (-,-) 
  P11/csa_tree_add_33_32_groupi_cdnfadd28/CO -       CI->CO F     ADDFXL         1  4.9   116   258    9512    (-,-) 
  P11/csa_tree_add_33_32_groupi_cdnfadd29/CO -       CI->CO F     ADDFXL         1  4.9   116   258    9770    (-,-) 
  P11/csa_tree_add_33_32_groupi_cdnfadd30/CO -       CI->CO F     ADDFXL         1  4.9   116   258   10029    (-,-) 
  P11/csa_tree_add_33_32_groupi_cdnfadd31/S  -       CI->S  R     ADDFXL         1  1.9    79   349   10377    (-,-) 
  P11/g106/Y                                 -       B->Y   R     MX2XL          1  2.3    77   150   10528    (-,-) 
  P11/result_reg[31]/D                       -       -      R     DFFRHQX1       1    -     -     0   10528    (-,-) 
#--------------------------------------------------------------------------------------------------------------------



Path 6: MET (2393 ps) Setup Check with Pin P10/result_reg[31]/CK->D
          Group: C2C
     Startpoint: (R) weight_reg_reg[9][2]/CK
          Clock: (R) clk
       Endpoint: (R) P10/result_reg[31]/D
          Clock: (R) clk

                     Capture       Launch     
        Clock Edge:+   13330            0     
       Src Latency:+       0            0     
       Net Latency:+       0 (I)        0 (I) 
           Arrival:=   13330            0     
                                              
             Setup:-     109                  
       Uncertainty:-     300                  
     Required Time:=   12921                  
      Launch Clock:-       0                  
         Data Path:-   10528                  
             Slack:=    2393                  

#--------------------------------------------------------------------------------------------------------------------
#               Timing Point                 Flags    Arc   Edge   Cell     Fanout Load Trans Delay Arrival Instance 
#                                                                                  (fF)  (ps)  (ps)   (ps)  Location 
#--------------------------------------------------------------------------------------------------------------------
  weight_reg_reg[9][2]/CK                    -       -      R     (arrival)   1910    -   200     0       0    (-,-) 
  weight_reg_reg[9][2]/Q                     -       CK->Q  R     DFFRHQX1      26 49.3   422   650     650    (-,-) 
  P10/csa_tree_add_33_32_groupi_g3965/Y      -       A->Y   F     CLKINVX1      23 45.5   368   344     994    (-,-) 
  P10/csa_tree_add_33_32_groupi_g3910/Y      -       A->Y   R     MXI2XL         2  5.6   242   247    1241    (-,-) 
  P10/csa_tree_add_33_32_groupi_g3891/Y      -       B->Y   F     NAND2X1       18 30.3   426   352    1593    (-,-) 
  P10/csa_tree_add_33_32_groupi_g3858/Y      -       A0->Y  R     AOI21XL        1  3.7   198   215    1808    (-,-) 
  P10/csa_tree_add_33_32_groupi_g3769/Y      -       S0->Y  F     MXI2XL         1  6.2   237   159    1966    (-,-) 
  P10/csa_tree_add_33_32_groupi_cdnfadd/CO   -       B->CO  F     ADDFXL         1  4.9   118   307    2274    (-,-) 
  P10/csa_tree_add_33_32_groupi_cdnfadd1/CO  -       CI->CO F     ADDFXL         1  4.9   118   259    2533    (-,-) 
  P10/csa_tree_add_33_32_groupi_cdnfadd2/CO  -       CI->CO F     ADDFXL         1  4.9   118   259    2791    (-,-) 
  P10/csa_tree_add_33_32_groupi_cdnfadd3/CO  -       CI->CO F     ADDFXL         1  4.9   118   259    3050    (-,-) 
  P10/csa_tree_add_33_32_groupi_cdnfadd4/CO  -       CI->CO F     ADDFXL         1  4.9   118   259    3309    (-,-) 
  P10/csa_tree_add_33_32_groupi_cdnfadd5/CO  -       CI->CO F     ADDFXL         1  4.9   118   259    3568    (-,-) 
  P10/csa_tree_add_33_32_groupi_cdnfadd6/CO  -       CI->CO F     ADDFXL         1  4.9   118   259    3827    (-,-) 
  P10/csa_tree_add_33_32_groupi_cdnfadd7/CO  -       CI->CO F     ADDFXL         1  4.9   116   259    4085    (-,-) 
  P10/csa_tree_add_33_32_groupi_cdnfadd8/CO  -       CI->CO F     ADDFXL         1  4.9   116   258    4344    (-,-) 
  P10/csa_tree_add_33_32_groupi_cdnfadd9/CO  -       CI->CO F     ADDFXL         1  4.9   116   258    4602    (-,-) 
  P10/csa_tree_add_33_32_groupi_cdnfadd10/CO -       CI->CO F     ADDFXL         1  4.9   116   258    4861    (-,-) 
  P10/csa_tree_add_33_32_groupi_cdnfadd11/CO -       CI->CO F     ADDFXL         1  4.9   116   258    5119    (-,-) 
  P10/csa_tree_add_33_32_groupi_cdnfadd12/CO -       CI->CO F     ADDFXL         1  4.9   116   258    5377    (-,-) 
  P10/csa_tree_add_33_32_groupi_cdnfadd13/CO -       CI->CO F     ADDFXL         1  4.9   116   258    5636    (-,-) 
  P10/csa_tree_add_33_32_groupi_cdnfadd14/CO -       CI->CO F     ADDFXL         1  4.9   116   258    5894    (-,-) 
  P10/csa_tree_add_33_32_groupi_cdnfadd15/CO -       CI->CO F     ADDFXL         1  4.9   116   258    6153    (-,-) 
  P10/csa_tree_add_33_32_groupi_cdnfadd16/CO -       CI->CO F     ADDFXL         1  4.9   116   258    6411    (-,-) 
  P10/csa_tree_add_33_32_groupi_cdnfadd17/CO -       CI->CO F     ADDFXL         1  4.9   116   258    6669    (-,-) 
  P10/csa_tree_add_33_32_groupi_cdnfadd18/CO -       CI->CO F     ADDFXL         1  4.9   116   258    6928    (-,-) 
  P10/csa_tree_add_33_32_groupi_cdnfadd19/CO -       CI->CO F     ADDFXL         1  4.9   116   258    7186    (-,-) 
  P10/csa_tree_add_33_32_groupi_cdnfadd20/CO -       CI->CO F     ADDFXL         1  4.9   116   258    7445    (-,-) 
  P10/csa_tree_add_33_32_groupi_cdnfadd21/CO -       CI->CO F     ADDFXL         1  4.9   116   258    7703    (-,-) 
  P10/csa_tree_add_33_32_groupi_cdnfadd22/CO -       CI->CO F     ADDFXL         1  4.9   116   258    7961    (-,-) 
  P10/csa_tree_add_33_32_groupi_cdnfadd23/CO -       CI->CO F     ADDFXL         1  4.9   116   258    8220    (-,-) 
  P10/csa_tree_add_33_32_groupi_cdnfadd24/CO -       CI->CO F     ADDFXL         1  4.9   116   258    8478    (-,-) 
  P10/csa_tree_add_33_32_groupi_cdnfadd25/CO -       CI->CO F     ADDFXL         1  4.9   116   258    8737    (-,-) 
  P10/csa_tree_add_33_32_groupi_cdnfadd26/CO -       CI->CO F     ADDFXL         1  4.9   116   258    8995    (-,-) 
  P10/csa_tree_add_33_32_groupi_cdnfadd27/CO -       CI->CO F     ADDFXL         1  4.9   116   258    9253    (-,-) 
  P10/csa_tree_add_33_32_groupi_cdnfadd28/CO -       CI->CO F     ADDFXL         1  4.9   116   258    9512    (-,-) 
  P10/csa_tree_add_33_32_groupi_cdnfadd29/CO -       CI->CO F     ADDFXL         1  4.9   116   258    9770    (-,-) 
  P10/csa_tree_add_33_32_groupi_cdnfadd30/CO -       CI->CO F     ADDFXL         1  4.9   116   258   10029    (-,-) 
  P10/csa_tree_add_33_32_groupi_cdnfadd31/S  -       CI->S  R     ADDFXL         1  1.9    79   349   10377    (-,-) 
  P10/g106/Y                                 -       B->Y   R     MX2XL          1  2.3    77   150   10528    (-,-) 
  P10/result_reg[31]/D                       -       -      R     DFFRHQX1       1    -     -     0   10528    (-,-) 
#--------------------------------------------------------------------------------------------------------------------



Path 7: MET (2393 ps) Setup Check with Pin P9/result_reg[31]/CK->D
          Group: C2C
     Startpoint: (R) weight_reg_reg[8][2]/CK
          Clock: (R) clk
       Endpoint: (R) P9/result_reg[31]/D
          Clock: (R) clk

                     Capture       Launch     
        Clock Edge:+   13330            0     
       Src Latency:+       0            0     
       Net Latency:+       0 (I)        0 (I) 
           Arrival:=   13330            0     
                                              
             Setup:-     109                  
       Uncertainty:-     300                  
     Required Time:=   12921                  
      Launch Clock:-       0                  
         Data Path:-   10528                  
             Slack:=    2393                  

#-------------------------------------------------------------------------------------------------------------------
#               Timing Point                Flags    Arc   Edge   Cell     Fanout Load Trans Delay Arrival Instance 
#                                                                                 (fF)  (ps)  (ps)   (ps)  Location 
#-------------------------------------------------------------------------------------------------------------------
  weight_reg_reg[8][2]/CK                   -       -      R     (arrival)   1910    -   200     0       0    (-,-) 
  weight_reg_reg[8][2]/Q                    -       CK->Q  R     DFFRHQX1      26 49.3   422   650     650    (-,-) 
  P9/csa_tree_add_33_32_groupi_g3965/Y      -       A->Y   F     CLKINVX1      23 45.5   368   344     994    (-,-) 
  P9/csa_tree_add_33_32_groupi_g3910/Y      -       A->Y   R     MXI2XL         2  5.6   242   247    1241    (-,-) 
  P9/csa_tree_add_33_32_groupi_g3891/Y      -       B->Y   F     NAND2X1       18 30.3   426   352    1593    (-,-) 
  P9/csa_tree_add_33_32_groupi_g3858/Y      -       A0->Y  R     AOI21XL        1  3.7   198   215    1808    (-,-) 
  P9/csa_tree_add_33_32_groupi_g3769/Y      -       S0->Y  F     MXI2XL         1  6.2   237   159    1966    (-,-) 
  P9/csa_tree_add_33_32_groupi_cdnfadd/CO   -       B->CO  F     ADDFXL         1  4.9   118   307    2274    (-,-) 
  P9/csa_tree_add_33_32_groupi_cdnfadd1/CO  -       CI->CO F     ADDFXL         1  4.9   118   259    2533    (-,-) 
  P9/csa_tree_add_33_32_groupi_cdnfadd2/CO  -       CI->CO F     ADDFXL         1  4.9   118   259    2791    (-,-) 
  P9/csa_tree_add_33_32_groupi_cdnfadd3/CO  -       CI->CO F     ADDFXL         1  4.9   118   259    3050    (-,-) 
  P9/csa_tree_add_33_32_groupi_cdnfadd4/CO  -       CI->CO F     ADDFXL         1  4.9   118   259    3309    (-,-) 
  P9/csa_tree_add_33_32_groupi_cdnfadd5/CO  -       CI->CO F     ADDFXL         1  4.9   118   259    3568    (-,-) 
  P9/csa_tree_add_33_32_groupi_cdnfadd6/CO  -       CI->CO F     ADDFXL         1  4.9   118   259    3827    (-,-) 
  P9/csa_tree_add_33_32_groupi_cdnfadd7/CO  -       CI->CO F     ADDFXL         1  4.9   116   259    4085    (-,-) 
  P9/csa_tree_add_33_32_groupi_cdnfadd8/CO  -       CI->CO F     ADDFXL         1  4.9   116   258    4344    (-,-) 
  P9/csa_tree_add_33_32_groupi_cdnfadd9/CO  -       CI->CO F     ADDFXL         1  4.9   116   258    4602    (-,-) 
  P9/csa_tree_add_33_32_groupi_cdnfadd10/CO -       CI->CO F     ADDFXL         1  4.9   116   258    4861    (-,-) 
  P9/csa_tree_add_33_32_groupi_cdnfadd11/CO -       CI->CO F     ADDFXL         1  4.9   116   258    5119    (-,-) 
  P9/csa_tree_add_33_32_groupi_cdnfadd12/CO -       CI->CO F     ADDFXL         1  4.9   116   258    5377    (-,-) 
  P9/csa_tree_add_33_32_groupi_cdnfadd13/CO -       CI->CO F     ADDFXL         1  4.9   116   258    5636    (-,-) 
  P9/csa_tree_add_33_32_groupi_cdnfadd14/CO -       CI->CO F     ADDFXL         1  4.9   116   258    5894    (-,-) 
  P9/csa_tree_add_33_32_groupi_cdnfadd15/CO -       CI->CO F     ADDFXL         1  4.9   116   258    6153    (-,-) 
  P9/csa_tree_add_33_32_groupi_cdnfadd16/CO -       CI->CO F     ADDFXL         1  4.9   116   258    6411    (-,-) 
  P9/csa_tree_add_33_32_groupi_cdnfadd17/CO -       CI->CO F     ADDFXL         1  4.9   116   258    6669    (-,-) 
  P9/csa_tree_add_33_32_groupi_cdnfadd18/CO -       CI->CO F     ADDFXL         1  4.9   116   258    6928    (-,-) 
  P9/csa_tree_add_33_32_groupi_cdnfadd19/CO -       CI->CO F     ADDFXL         1  4.9   116   258    7186    (-,-) 
  P9/csa_tree_add_33_32_groupi_cdnfadd20/CO -       CI->CO F     ADDFXL         1  4.9   116   258    7445    (-,-) 
  P9/csa_tree_add_33_32_groupi_cdnfadd21/CO -       CI->CO F     ADDFXL         1  4.9   116   258    7703    (-,-) 
  P9/csa_tree_add_33_32_groupi_cdnfadd22/CO -       CI->CO F     ADDFXL         1  4.9   116   258    7961    (-,-) 
  P9/csa_tree_add_33_32_groupi_cdnfadd23/CO -       CI->CO F     ADDFXL         1  4.9   116   258    8220    (-,-) 
  P9/csa_tree_add_33_32_groupi_cdnfadd24/CO -       CI->CO F     ADDFXL         1  4.9   116   258    8478    (-,-) 
  P9/csa_tree_add_33_32_groupi_cdnfadd25/CO -       CI->CO F     ADDFXL         1  4.9   116   258    8737    (-,-) 
  P9/csa_tree_add_33_32_groupi_cdnfadd26/CO -       CI->CO F     ADDFXL         1  4.9   116   258    8995    (-,-) 
  P9/csa_tree_add_33_32_groupi_cdnfadd27/CO -       CI->CO F     ADDFXL         1  4.9   116   258    9253    (-,-) 
  P9/csa_tree_add_33_32_groupi_cdnfadd28/CO -       CI->CO F     ADDFXL         1  4.9   116   258    9512    (-,-) 
  P9/csa_tree_add_33_32_groupi_cdnfadd29/CO -       CI->CO F     ADDFXL         1  4.9   116   258    9770    (-,-) 
  P9/csa_tree_add_33_32_groupi_cdnfadd30/CO -       CI->CO F     ADDFXL         1  4.9   116   258   10029    (-,-) 
  P9/csa_tree_add_33_32_groupi_cdnfadd31/S  -       CI->S  R     ADDFXL         1  1.9    79   349   10377    (-,-) 
  P9/g106/Y                                 -       B->Y   R     MX2XL          1  2.3    77   150   10528    (-,-) 
  P9/result_reg[31]/D                       -       -      R     DFFRHQX1       1    -     -     0   10528    (-,-) 
#-------------------------------------------------------------------------------------------------------------------



Path 8: MET (2393 ps) Setup Check with Pin P8/result_reg[31]/CK->D
          Group: C2C
     Startpoint: (R) weight_reg_reg[7][2]/CK
          Clock: (R) clk
       Endpoint: (R) P8/result_reg[31]/D
          Clock: (R) clk

                     Capture       Launch     
        Clock Edge:+   13330            0     
       Src Latency:+       0            0     
       Net Latency:+       0 (I)        0 (I) 
           Arrival:=   13330            0     
                                              
             Setup:-     109                  
       Uncertainty:-     300                  
     Required Time:=   12921                  
      Launch Clock:-       0                  
         Data Path:-   10528                  
             Slack:=    2393                  

#-------------------------------------------------------------------------------------------------------------------
#               Timing Point                Flags    Arc   Edge   Cell     Fanout Load Trans Delay Arrival Instance 
#                                                                                 (fF)  (ps)  (ps)   (ps)  Location 
#-------------------------------------------------------------------------------------------------------------------
  weight_reg_reg[7][2]/CK                   -       -      R     (arrival)   1910    -   200     0       0    (-,-) 
  weight_reg_reg[7][2]/Q                    -       CK->Q  R     DFFRHQX1      26 49.3   422   650     650    (-,-) 
  P8/csa_tree_add_33_32_groupi_g3965/Y      -       A->Y   F     CLKINVX1      23 45.5   368   344     994    (-,-) 
  P8/csa_tree_add_33_32_groupi_g3910/Y      -       A->Y   R     MXI2XL         2  5.6   242   247    1241    (-,-) 
  P8/csa_tree_add_33_32_groupi_g3891/Y      -       B->Y   F     NAND2X1       18 30.3   426   352    1593    (-,-) 
  P8/csa_tree_add_33_32_groupi_g3858/Y      -       A0->Y  R     AOI21XL        1  3.7   198   215    1808    (-,-) 
  P8/csa_tree_add_33_32_groupi_g3769/Y      -       S0->Y  F     MXI2XL         1  6.2   237   159    1966    (-,-) 
  P8/csa_tree_add_33_32_groupi_cdnfadd/CO   -       B->CO  F     ADDFXL         1  4.9   118   307    2274    (-,-) 
  P8/csa_tree_add_33_32_groupi_cdnfadd1/CO  -       CI->CO F     ADDFXL         1  4.9   118   259    2533    (-,-) 
  P8/csa_tree_add_33_32_groupi_cdnfadd2/CO  -       CI->CO F     ADDFXL         1  4.9   118   259    2791    (-,-) 
  P8/csa_tree_add_33_32_groupi_cdnfadd3/CO  -       CI->CO F     ADDFXL         1  4.9   118   259    3050    (-,-) 
  P8/csa_tree_add_33_32_groupi_cdnfadd4/CO  -       CI->CO F     ADDFXL         1  4.9   118   259    3309    (-,-) 
  P8/csa_tree_add_33_32_groupi_cdnfadd5/CO  -       CI->CO F     ADDFXL         1  4.9   118   259    3568    (-,-) 
  P8/csa_tree_add_33_32_groupi_cdnfadd6/CO  -       CI->CO F     ADDFXL         1  4.9   118   259    3827    (-,-) 
  P8/csa_tree_add_33_32_groupi_cdnfadd7/CO  -       CI->CO F     ADDFXL         1  4.9   116   259    4085    (-,-) 
  P8/csa_tree_add_33_32_groupi_cdnfadd8/CO  -       CI->CO F     ADDFXL         1  4.9   116   258    4344    (-,-) 
  P8/csa_tree_add_33_32_groupi_cdnfadd9/CO  -       CI->CO F     ADDFXL         1  4.9   116   258    4602    (-,-) 
  P8/csa_tree_add_33_32_groupi_cdnfadd10/CO -       CI->CO F     ADDFXL         1  4.9   116   258    4861    (-,-) 
  P8/csa_tree_add_33_32_groupi_cdnfadd11/CO -       CI->CO F     ADDFXL         1  4.9   116   258    5119    (-,-) 
  P8/csa_tree_add_33_32_groupi_cdnfadd12/CO -       CI->CO F     ADDFXL         1  4.9   116   258    5377    (-,-) 
  P8/csa_tree_add_33_32_groupi_cdnfadd13/CO -       CI->CO F     ADDFXL         1  4.9   116   258    5636    (-,-) 
  P8/csa_tree_add_33_32_groupi_cdnfadd14/CO -       CI->CO F     ADDFXL         1  4.9   116   258    5894    (-,-) 
  P8/csa_tree_add_33_32_groupi_cdnfadd15/CO -       CI->CO F     ADDFXL         1  4.9   116   258    6153    (-,-) 
  P8/csa_tree_add_33_32_groupi_cdnfadd16/CO -       CI->CO F     ADDFXL         1  4.9   116   258    6411    (-,-) 
  P8/csa_tree_add_33_32_groupi_cdnfadd17/CO -       CI->CO F     ADDFXL         1  4.9   116   258    6669    (-,-) 
  P8/csa_tree_add_33_32_groupi_cdnfadd18/CO -       CI->CO F     ADDFXL         1  4.9   116   258    6928    (-,-) 
  P8/csa_tree_add_33_32_groupi_cdnfadd19/CO -       CI->CO F     ADDFXL         1  4.9   116   258    7186    (-,-) 
  P8/csa_tree_add_33_32_groupi_cdnfadd20/CO -       CI->CO F     ADDFXL         1  4.9   116   258    7445    (-,-) 
  P8/csa_tree_add_33_32_groupi_cdnfadd21/CO -       CI->CO F     ADDFXL         1  4.9   116   258    7703    (-,-) 
  P8/csa_tree_add_33_32_groupi_cdnfadd22/CO -       CI->CO F     ADDFXL         1  4.9   116   258    7961    (-,-) 
  P8/csa_tree_add_33_32_groupi_cdnfadd23/CO -       CI->CO F     ADDFXL         1  4.9   116   258    8220    (-,-) 
  P8/csa_tree_add_33_32_groupi_cdnfadd24/CO -       CI->CO F     ADDFXL         1  4.9   116   258    8478    (-,-) 
  P8/csa_tree_add_33_32_groupi_cdnfadd25/CO -       CI->CO F     ADDFXL         1  4.9   116   258    8737    (-,-) 
  P8/csa_tree_add_33_32_groupi_cdnfadd26/CO -       CI->CO F     ADDFXL         1  4.9   116   258    8995    (-,-) 
  P8/csa_tree_add_33_32_groupi_cdnfadd27/CO -       CI->CO F     ADDFXL         1  4.9   116   258    9253    (-,-) 
  P8/csa_tree_add_33_32_groupi_cdnfadd28/CO -       CI->CO F     ADDFXL         1  4.9   116   258    9512    (-,-) 
  P8/csa_tree_add_33_32_groupi_cdnfadd29/CO -       CI->CO F     ADDFXL         1  4.9   116   258    9770    (-,-) 
  P8/csa_tree_add_33_32_groupi_cdnfadd30/CO -       CI->CO F     ADDFXL         1  4.9   116   258   10029    (-,-) 
  P8/csa_tree_add_33_32_groupi_cdnfadd31/S  -       CI->S  R     ADDFXL         1  1.9    79   349   10377    (-,-) 
  P8/g106/Y                                 -       B->Y   R     MX2XL          1  2.3    77   150   10528    (-,-) 
  P8/result_reg[31]/D                       -       -      R     DFFRHQX1       1    -     -     0   10528    (-,-) 
#-------------------------------------------------------------------------------------------------------------------



Path 9: MET (2393 ps) Setup Check with Pin P7/result_reg[31]/CK->D
          Group: C2C
     Startpoint: (R) weight_reg_reg[6][2]/CK
          Clock: (R) clk
       Endpoint: (R) P7/result_reg[31]/D
          Clock: (R) clk

                     Capture       Launch     
        Clock Edge:+   13330            0     
       Src Latency:+       0            0     
       Net Latency:+       0 (I)        0 (I) 
           Arrival:=   13330            0     
                                              
             Setup:-     109                  
       Uncertainty:-     300                  
     Required Time:=   12921                  
      Launch Clock:-       0                  
         Data Path:-   10528                  
             Slack:=    2393                  

#-------------------------------------------------------------------------------------------------------------------
#               Timing Point                Flags    Arc   Edge   Cell     Fanout Load Trans Delay Arrival Instance 
#                                                                                 (fF)  (ps)  (ps)   (ps)  Location 
#-------------------------------------------------------------------------------------------------------------------
  weight_reg_reg[6][2]/CK                   -       -      R     (arrival)   1910    -   200     0       0    (-,-) 
  weight_reg_reg[6][2]/Q                    -       CK->Q  R     DFFRHQX1      26 49.3   422   650     650    (-,-) 
  P7/csa_tree_add_33_32_groupi_g3965/Y      -       A->Y   F     CLKINVX1      23 45.5   368   344     994    (-,-) 
  P7/csa_tree_add_33_32_groupi_g3910/Y      -       A->Y   R     MXI2XL         2  5.6   242   247    1241    (-,-) 
  P7/csa_tree_add_33_32_groupi_g3891/Y      -       B->Y   F     NAND2X1       18 30.3   426   352    1593    (-,-) 
  P7/csa_tree_add_33_32_groupi_g3858/Y      -       A0->Y  R     AOI21XL        1  3.7   198   215    1808    (-,-) 
  P7/csa_tree_add_33_32_groupi_g3769/Y      -       S0->Y  F     MXI2XL         1  6.2   237   159    1966    (-,-) 
  P7/csa_tree_add_33_32_groupi_cdnfadd/CO   -       B->CO  F     ADDFXL         1  4.9   118   307    2274    (-,-) 
  P7/csa_tree_add_33_32_groupi_cdnfadd1/CO  -       CI->CO F     ADDFXL         1  4.9   118   259    2533    (-,-) 
  P7/csa_tree_add_33_32_groupi_cdnfadd2/CO  -       CI->CO F     ADDFXL         1  4.9   118   259    2791    (-,-) 
  P7/csa_tree_add_33_32_groupi_cdnfadd3/CO  -       CI->CO F     ADDFXL         1  4.9   118   259    3050    (-,-) 
  P7/csa_tree_add_33_32_groupi_cdnfadd4/CO  -       CI->CO F     ADDFXL         1  4.9   118   259    3309    (-,-) 
  P7/csa_tree_add_33_32_groupi_cdnfadd5/CO  -       CI->CO F     ADDFXL         1  4.9   118   259    3568    (-,-) 
  P7/csa_tree_add_33_32_groupi_cdnfadd6/CO  -       CI->CO F     ADDFXL         1  4.9   118   259    3827    (-,-) 
  P7/csa_tree_add_33_32_groupi_cdnfadd7/CO  -       CI->CO F     ADDFXL         1  4.9   116   259    4085    (-,-) 
  P7/csa_tree_add_33_32_groupi_cdnfadd8/CO  -       CI->CO F     ADDFXL         1  4.9   116   258    4344    (-,-) 
  P7/csa_tree_add_33_32_groupi_cdnfadd9/CO  -       CI->CO F     ADDFXL         1  4.9   116   258    4602    (-,-) 
  P7/csa_tree_add_33_32_groupi_cdnfadd10/CO -       CI->CO F     ADDFXL         1  4.9   116   258    4861    (-,-) 
  P7/csa_tree_add_33_32_groupi_cdnfadd11/CO -       CI->CO F     ADDFXL         1  4.9   116   258    5119    (-,-) 
  P7/csa_tree_add_33_32_groupi_cdnfadd12/CO -       CI->CO F     ADDFXL         1  4.9   116   258    5377    (-,-) 
  P7/csa_tree_add_33_32_groupi_cdnfadd13/CO -       CI->CO F     ADDFXL         1  4.9   116   258    5636    (-,-) 
  P7/csa_tree_add_33_32_groupi_cdnfadd14/CO -       CI->CO F     ADDFXL         1  4.9   116   258    5894    (-,-) 
  P7/csa_tree_add_33_32_groupi_cdnfadd15/CO -       CI->CO F     ADDFXL         1  4.9   116   258    6153    (-,-) 
  P7/csa_tree_add_33_32_groupi_cdnfadd16/CO -       CI->CO F     ADDFXL         1  4.9   116   258    6411    (-,-) 
  P7/csa_tree_add_33_32_groupi_cdnfadd17/CO -       CI->CO F     ADDFXL         1  4.9   116   258    6669    (-,-) 
  P7/csa_tree_add_33_32_groupi_cdnfadd18/CO -       CI->CO F     ADDFXL         1  4.9   116   258    6928    (-,-) 
  P7/csa_tree_add_33_32_groupi_cdnfadd19/CO -       CI->CO F     ADDFXL         1  4.9   116   258    7186    (-,-) 
  P7/csa_tree_add_33_32_groupi_cdnfadd20/CO -       CI->CO F     ADDFXL         1  4.9   116   258    7445    (-,-) 
  P7/csa_tree_add_33_32_groupi_cdnfadd21/CO -       CI->CO F     ADDFXL         1  4.9   116   258    7703    (-,-) 
  P7/csa_tree_add_33_32_groupi_cdnfadd22/CO -       CI->CO F     ADDFXL         1  4.9   116   258    7961    (-,-) 
  P7/csa_tree_add_33_32_groupi_cdnfadd23/CO -       CI->CO F     ADDFXL         1  4.9   116   258    8220    (-,-) 
  P7/csa_tree_add_33_32_groupi_cdnfadd24/CO -       CI->CO F     ADDFXL         1  4.9   116   258    8478    (-,-) 
  P7/csa_tree_add_33_32_groupi_cdnfadd25/CO -       CI->CO F     ADDFXL         1  4.9   116   258    8737    (-,-) 
  P7/csa_tree_add_33_32_groupi_cdnfadd26/CO -       CI->CO F     ADDFXL         1  4.9   116   258    8995    (-,-) 
  P7/csa_tree_add_33_32_groupi_cdnfadd27/CO -       CI->CO F     ADDFXL         1  4.9   116   258    9253    (-,-) 
  P7/csa_tree_add_33_32_groupi_cdnfadd28/CO -       CI->CO F     ADDFXL         1  4.9   116   258    9512    (-,-) 
  P7/csa_tree_add_33_32_groupi_cdnfadd29/CO -       CI->CO F     ADDFXL         1  4.9   116   258    9770    (-,-) 
  P7/csa_tree_add_33_32_groupi_cdnfadd30/CO -       CI->CO F     ADDFXL         1  4.9   116   258   10029    (-,-) 
  P7/csa_tree_add_33_32_groupi_cdnfadd31/S  -       CI->S  R     ADDFXL         1  1.9    79   349   10377    (-,-) 
  P7/g106/Y                                 -       B->Y   R     MX2XL          1  2.3    77   150   10528    (-,-) 
  P7/result_reg[31]/D                       -       -      R     DFFRHQX1       1    -     -     0   10528    (-,-) 
#-------------------------------------------------------------------------------------------------------------------



Path 10: MET (2395 ps) Setup Check with Pin P15/result_reg[31]/CK->D
          Group: C2C
     Startpoint: (R) weight_reg_reg[14][2]/CK
          Clock: (R) clk
       Endpoint: (R) P15/result_reg[31]/D
          Clock: (R) clk

                     Capture       Launch     
        Clock Edge:+   13330            0     
       Src Latency:+       0            0     
       Net Latency:+       0 (I)        0 (I) 
           Arrival:=   13330            0     
                                              
             Setup:-     109                  
       Uncertainty:-     300                  
     Required Time:=   12921                  
      Launch Clock:-       0                  
         Data Path:-   10526                  
             Slack:=    2395                  

#--------------------------------------------------------------------------------------------------------------------
#               Timing Point                 Flags    Arc   Edge   Cell     Fanout Load Trans Delay Arrival Instance 
#                                                                                  (fF)  (ps)  (ps)   (ps)  Location 
#--------------------------------------------------------------------------------------------------------------------
  weight_reg_reg[14][2]/CK                   -       -      R     (arrival)   1910    -   200     0       0    (-,-) 
  weight_reg_reg[14][2]/Q                    -       CK->Q  R     DFFRHQX1      26 49.1   420   649     649    (-,-) 
  P15/csa_tree_add_33_32_groupi_g3965/Y      -       A->Y   F     CLKINVX1      23 45.5   367   344     993    (-,-) 
  P15/csa_tree_add_33_32_groupi_g3910/Y      -       A->Y   R     MXI2XL         2  5.6   242   247    1239    (-,-) 
  P15/csa_tree_add_33_32_groupi_g3891/Y      -       B->Y   F     NAND2X1       18 30.3   426   352    1591    (-,-) 
  P15/csa_tree_add_33_32_groupi_g3858/Y      -       A0->Y  R     AOI21XL        1  3.7   198   215    1806    (-,-) 
  P15/csa_tree_add_33_32_groupi_g3769/Y      -       S0->Y  F     MXI2XL         1  6.2   237   159    1965    (-,-) 
  P15/csa_tree_add_33_32_groupi_cdnfadd/CO   -       B->CO  F     ADDFXL         1  4.9   118   307    2272    (-,-) 
  P15/csa_tree_add_33_32_groupi_cdnfadd1/CO  -       CI->CO F     ADDFXL         1  4.9   118   259    2531    (-,-) 
  P15/csa_tree_add_33_32_groupi_cdnfadd2/CO  -       CI->CO F     ADDFXL         1  4.9   118   259    2790    (-,-) 
  P15/csa_tree_add_33_32_groupi_cdnfadd3/CO  -       CI->CO F     ADDFXL         1  4.9   118   259    3048    (-,-) 
  P15/csa_tree_add_33_32_groupi_cdnfadd4/CO  -       CI->CO F     ADDFXL         1  4.9   118   259    3307    (-,-) 
  P15/csa_tree_add_33_32_groupi_cdnfadd5/CO  -       CI->CO F     ADDFXL         1  4.9   118   259    3566    (-,-) 
  P15/csa_tree_add_33_32_groupi_cdnfadd6/CO  -       CI->CO F     ADDFXL         1  4.9   118   259    3825    (-,-) 
  P15/csa_tree_add_33_32_groupi_cdnfadd7/CO  -       CI->CO F     ADDFXL         1  4.9   116   259    4084    (-,-) 
  P15/csa_tree_add_33_32_groupi_cdnfadd8/CO  -       CI->CO F     ADDFXL         1  4.9   116   258    4342    (-,-) 
  P15/csa_tree_add_33_32_groupi_cdnfadd9/CO  -       CI->CO F     ADDFXL         1  4.9   116   258    4600    (-,-) 
  P15/csa_tree_add_33_32_groupi_cdnfadd10/CO -       CI->CO F     ADDFXL         1  4.9   116   258    4859    (-,-) 
  P15/csa_tree_add_33_32_groupi_cdnfadd11/CO -       CI->CO F     ADDFXL         1  4.9   116   258    5117    (-,-) 
  P15/csa_tree_add_33_32_groupi_cdnfadd12/CO -       CI->CO F     ADDFXL         1  4.9   116   258    5376    (-,-) 
  P15/csa_tree_add_33_32_groupi_cdnfadd13/CO -       CI->CO F     ADDFXL         1  4.9   116   258    5634    (-,-) 
  P15/csa_tree_add_33_32_groupi_cdnfadd14/CO -       CI->CO F     ADDFXL         1  4.9   116   258    5892    (-,-) 
  P15/csa_tree_add_33_32_groupi_cdnfadd15/CO -       CI->CO F     ADDFXL         1  4.9   116   258    6151    (-,-) 
  P15/csa_tree_add_33_32_groupi_cdnfadd16/CO -       CI->CO F     ADDFXL         1  4.9   116   258    6409    (-,-) 
  P15/csa_tree_add_33_32_groupi_cdnfadd17/CO -       CI->CO F     ADDFXL         1  4.9   116   258    6668    (-,-) 
  P15/csa_tree_add_33_32_groupi_cdnfadd18/CO -       CI->CO F     ADDFXL         1  4.9   116   258    6926    (-,-) 
  P15/csa_tree_add_33_32_groupi_cdnfadd19/CO -       CI->CO F     ADDFXL         1  4.9   116   258    7184    (-,-) 
  P15/csa_tree_add_33_32_groupi_cdnfadd20/CO -       CI->CO F     ADDFXL         1  4.9   116   258    7443    (-,-) 
  P15/csa_tree_add_33_32_groupi_cdnfadd21/CO -       CI->CO F     ADDFXL         1  4.9   116   258    7701    (-,-) 
  P15/csa_tree_add_33_32_groupi_cdnfadd22/CO -       CI->CO F     ADDFXL         1  4.9   116   258    7960    (-,-) 
  P15/csa_tree_add_33_32_groupi_cdnfadd23/CO -       CI->CO F     ADDFXL         1  4.9   116   258    8218    (-,-) 
  P15/csa_tree_add_33_32_groupi_cdnfadd24/CO -       CI->CO F     ADDFXL         1  4.9   116   258    8476    (-,-) 
  P15/csa_tree_add_33_32_groupi_cdnfadd25/CO -       CI->CO F     ADDFXL         1  4.9   116   258    8735    (-,-) 
  P15/csa_tree_add_33_32_groupi_cdnfadd26/CO -       CI->CO F     ADDFXL         1  4.9   116   258    8993    (-,-) 
  P15/csa_tree_add_33_32_groupi_cdnfadd27/CO -       CI->CO F     ADDFXL         1  4.9   116   258    9252    (-,-) 
  P15/csa_tree_add_33_32_groupi_cdnfadd28/CO -       CI->CO F     ADDFXL         1  4.9   116   258    9510    (-,-) 
  P15/csa_tree_add_33_32_groupi_cdnfadd29/CO -       CI->CO F     ADDFXL         1  4.9   116   258    9768    (-,-) 
  P15/csa_tree_add_33_32_groupi_cdnfadd30/CO -       CI->CO F     ADDFXL         1  4.9   116   258   10027    (-,-) 
  P15/csa_tree_add_33_32_groupi_cdnfadd31/S  -       CI->S  R     ADDFXL         1  1.9    79   349   10376    (-,-) 
  P15/g106/Y                                 -       B->Y   R     MX2XL          1  2.3    77   150   10526    (-,-) 
  P15/result_reg[31]/D                       -       -      R     DFFRHQX2       1    -     -     0   10526    (-,-) 
#--------------------------------------------------------------------------------------------------------------------



Path 11: MET (2395 ps) Setup Check with Pin P6/result_reg[31]/CK->D
          Group: C2C
     Startpoint: (R) weight_reg_reg[5][2]/CK
          Clock: (R) clk
       Endpoint: (R) P6/result_reg[31]/D
          Clock: (R) clk

                     Capture       Launch     
        Clock Edge:+   13330            0     
       Src Latency:+       0            0     
       Net Latency:+       0 (I)        0 (I) 
           Arrival:=   13330            0     
                                              
             Setup:-     109                  
       Uncertainty:-     300                  
     Required Time:=   12921                  
      Launch Clock:-       0                  
         Data Path:-   10526                  
             Slack:=    2395                  

#-------------------------------------------------------------------------------------------------------------------
#               Timing Point                Flags    Arc   Edge   Cell     Fanout Load Trans Delay Arrival Instance 
#                                                                                 (fF)  (ps)  (ps)   (ps)  Location 
#-------------------------------------------------------------------------------------------------------------------
  weight_reg_reg[5][2]/CK                   -       -      R     (arrival)   1910    -   200     0       0    (-,-) 
  weight_reg_reg[5][2]/Q                    -       CK->Q  R     DFFRHQX1      26 49.1   420   649     649    (-,-) 
  P6/csa_tree_add_33_32_groupi_g3965/Y      -       A->Y   F     CLKINVX1      23 45.5   367   344     993    (-,-) 
  P6/csa_tree_add_33_32_groupi_g3910/Y      -       A->Y   R     MXI2XL         2  5.6   242   247    1239    (-,-) 
  P6/csa_tree_add_33_32_groupi_g3891/Y      -       B->Y   F     NAND2X1       18 30.3   426   352    1591    (-,-) 
  P6/csa_tree_add_33_32_groupi_g3858/Y      -       A0->Y  R     AOI21XL        1  3.7   198   215    1806    (-,-) 
  P6/csa_tree_add_33_32_groupi_g3769/Y      -       S0->Y  F     MXI2XL         1  6.2   237   159    1965    (-,-) 
  P6/csa_tree_add_33_32_groupi_cdnfadd/CO   -       B->CO  F     ADDFXL         1  4.9   118   307    2272    (-,-) 
  P6/csa_tree_add_33_32_groupi_cdnfadd1/CO  -       CI->CO F     ADDFXL         1  4.9   118   259    2531    (-,-) 
  P6/csa_tree_add_33_32_groupi_cdnfadd2/CO  -       CI->CO F     ADDFXL         1  4.9   118   259    2790    (-,-) 
  P6/csa_tree_add_33_32_groupi_cdnfadd3/CO  -       CI->CO F     ADDFXL         1  4.9   118   259    3048    (-,-) 
  P6/csa_tree_add_33_32_groupi_cdnfadd4/CO  -       CI->CO F     ADDFXL         1  4.9   118   259    3307    (-,-) 
  P6/csa_tree_add_33_32_groupi_cdnfadd5/CO  -       CI->CO F     ADDFXL         1  4.9   118   259    3566    (-,-) 
  P6/csa_tree_add_33_32_groupi_cdnfadd6/CO  -       CI->CO F     ADDFXL         1  4.9   118   259    3825    (-,-) 
  P6/csa_tree_add_33_32_groupi_cdnfadd7/CO  -       CI->CO F     ADDFXL         1  4.9   116   259    4084    (-,-) 
  P6/csa_tree_add_33_32_groupi_cdnfadd8/CO  -       CI->CO F     ADDFXL         1  4.9   116   258    4342    (-,-) 
  P6/csa_tree_add_33_32_groupi_cdnfadd9/CO  -       CI->CO F     ADDFXL         1  4.9   116   258    4600    (-,-) 
  P6/csa_tree_add_33_32_groupi_cdnfadd10/CO -       CI->CO F     ADDFXL         1  4.9   116   258    4859    (-,-) 
  P6/csa_tree_add_33_32_groupi_cdnfadd11/CO -       CI->CO F     ADDFXL         1  4.9   116   258    5117    (-,-) 
  P6/csa_tree_add_33_32_groupi_cdnfadd12/CO -       CI->CO F     ADDFXL         1  4.9   116   258    5376    (-,-) 
  P6/csa_tree_add_33_32_groupi_cdnfadd13/CO -       CI->CO F     ADDFXL         1  4.9   116   258    5634    (-,-) 
  P6/csa_tree_add_33_32_groupi_cdnfadd14/CO -       CI->CO F     ADDFXL         1  4.9   116   258    5892    (-,-) 
  P6/csa_tree_add_33_32_groupi_cdnfadd15/CO -       CI->CO F     ADDFXL         1  4.9   116   258    6151    (-,-) 
  P6/csa_tree_add_33_32_groupi_cdnfadd16/CO -       CI->CO F     ADDFXL         1  4.9   116   258    6409    (-,-) 
  P6/csa_tree_add_33_32_groupi_cdnfadd17/CO -       CI->CO F     ADDFXL         1  4.9   116   258    6668    (-,-) 
  P6/csa_tree_add_33_32_groupi_cdnfadd18/CO -       CI->CO F     ADDFXL         1  4.9   116   258    6926    (-,-) 
  P6/csa_tree_add_33_32_groupi_cdnfadd19/CO -       CI->CO F     ADDFXL         1  4.9   116   258    7184    (-,-) 
  P6/csa_tree_add_33_32_groupi_cdnfadd20/CO -       CI->CO F     ADDFXL         1  4.9   116   258    7443    (-,-) 
  P6/csa_tree_add_33_32_groupi_cdnfadd21/CO -       CI->CO F     ADDFXL         1  4.9   116   258    7701    (-,-) 
  P6/csa_tree_add_33_32_groupi_cdnfadd22/CO -       CI->CO F     ADDFXL         1  4.9   116   258    7960    (-,-) 
  P6/csa_tree_add_33_32_groupi_cdnfadd23/CO -       CI->CO F     ADDFXL         1  4.9   116   258    8218    (-,-) 
  P6/csa_tree_add_33_32_groupi_cdnfadd24/CO -       CI->CO F     ADDFXL         1  4.9   116   258    8476    (-,-) 
  P6/csa_tree_add_33_32_groupi_cdnfadd25/CO -       CI->CO F     ADDFXL         1  4.9   116   258    8735    (-,-) 
  P6/csa_tree_add_33_32_groupi_cdnfadd26/CO -       CI->CO F     ADDFXL         1  4.9   116   258    8993    (-,-) 
  P6/csa_tree_add_33_32_groupi_cdnfadd27/CO -       CI->CO F     ADDFXL         1  4.9   116   258    9252    (-,-) 
  P6/csa_tree_add_33_32_groupi_cdnfadd28/CO -       CI->CO F     ADDFXL         1  4.9   116   258    9510    (-,-) 
  P6/csa_tree_add_33_32_groupi_cdnfadd29/CO -       CI->CO F     ADDFXL         1  4.9   116   258    9768    (-,-) 
  P6/csa_tree_add_33_32_groupi_cdnfadd30/CO -       CI->CO F     ADDFXL         1  4.9   116   258   10027    (-,-) 
  P6/csa_tree_add_33_32_groupi_cdnfadd31/S  -       CI->S  R     ADDFXL         1  1.9    79   349   10376    (-,-) 
  P6/g106/Y                                 -       B->Y   R     MX2XL          1  2.3    77   150   10526    (-,-) 
  P6/result_reg[31]/D                       -       -      R     DFFRHQX1       1    -     -     0   10526    (-,-) 
#-------------------------------------------------------------------------------------------------------------------



Path 12: MET (2395 ps) Setup Check with Pin P5/result_reg[31]/CK->D
          Group: C2C
     Startpoint: (R) weight_reg_reg[4][2]/CK
          Clock: (R) clk
       Endpoint: (R) P5/result_reg[31]/D
          Clock: (R) clk

                     Capture       Launch     
        Clock Edge:+   13330            0     
       Src Latency:+       0            0     
       Net Latency:+       0 (I)        0 (I) 
           Arrival:=   13330            0     
                                              
             Setup:-     109                  
       Uncertainty:-     300                  
     Required Time:=   12921                  
      Launch Clock:-       0                  
         Data Path:-   10526                  
             Slack:=    2395                  

#-------------------------------------------------------------------------------------------------------------------
#               Timing Point                Flags    Arc   Edge   Cell     Fanout Load Trans Delay Arrival Instance 
#                                                                                 (fF)  (ps)  (ps)   (ps)  Location 
#-------------------------------------------------------------------------------------------------------------------
  weight_reg_reg[4][2]/CK                   -       -      R     (arrival)   1910    -   200     0       0    (-,-) 
  weight_reg_reg[4][2]/Q                    -       CK->Q  R     DFFRHQX1      26 49.1   420   649     649    (-,-) 
  P5/csa_tree_add_33_32_groupi_g3965/Y      -       A->Y   F     CLKINVX1      23 45.5   367   344     993    (-,-) 
  P5/csa_tree_add_33_32_groupi_g3910/Y      -       A->Y   R     MXI2XL         2  5.6   242   247    1239    (-,-) 
  P5/csa_tree_add_33_32_groupi_g3891/Y      -       B->Y   F     NAND2X1       18 30.3   426   352    1591    (-,-) 
  P5/csa_tree_add_33_32_groupi_g3858/Y      -       A0->Y  R     AOI21XL        1  3.7   198   215    1806    (-,-) 
  P5/csa_tree_add_33_32_groupi_g3769/Y      -       S0->Y  F     MXI2XL         1  6.2   237   159    1965    (-,-) 
  P5/csa_tree_add_33_32_groupi_cdnfadd/CO   -       B->CO  F     ADDFXL         1  4.9   118   307    2272    (-,-) 
  P5/csa_tree_add_33_32_groupi_cdnfadd1/CO  -       CI->CO F     ADDFXL         1  4.9   118   259    2531    (-,-) 
  P5/csa_tree_add_33_32_groupi_cdnfadd2/CO  -       CI->CO F     ADDFXL         1  4.9   118   259    2790    (-,-) 
  P5/csa_tree_add_33_32_groupi_cdnfadd3/CO  -       CI->CO F     ADDFXL         1  4.9   118   259    3048    (-,-) 
  P5/csa_tree_add_33_32_groupi_cdnfadd4/CO  -       CI->CO F     ADDFXL         1  4.9   118   259    3307    (-,-) 
  P5/csa_tree_add_33_32_groupi_cdnfadd5/CO  -       CI->CO F     ADDFXL         1  4.9   118   259    3566    (-,-) 
  P5/csa_tree_add_33_32_groupi_cdnfadd6/CO  -       CI->CO F     ADDFXL         1  4.9   118   259    3825    (-,-) 
  P5/csa_tree_add_33_32_groupi_cdnfadd7/CO  -       CI->CO F     ADDFXL         1  4.9   116   259    4084    (-,-) 
  P5/csa_tree_add_33_32_groupi_cdnfadd8/CO  -       CI->CO F     ADDFXL         1  4.9   116   258    4342    (-,-) 
  P5/csa_tree_add_33_32_groupi_cdnfadd9/CO  -       CI->CO F     ADDFXL         1  4.9   116   258    4600    (-,-) 
  P5/csa_tree_add_33_32_groupi_cdnfadd10/CO -       CI->CO F     ADDFXL         1  4.9   116   258    4859    (-,-) 
  P5/csa_tree_add_33_32_groupi_cdnfadd11/CO -       CI->CO F     ADDFXL         1  4.9   116   258    5117    (-,-) 
  P5/csa_tree_add_33_32_groupi_cdnfadd12/CO -       CI->CO F     ADDFXL         1  4.9   116   258    5376    (-,-) 
  P5/csa_tree_add_33_32_groupi_cdnfadd13/CO -       CI->CO F     ADDFXL         1  4.9   116   258    5634    (-,-) 
  P5/csa_tree_add_33_32_groupi_cdnfadd14/CO -       CI->CO F     ADDFXL         1  4.9   116   258    5892    (-,-) 
  P5/csa_tree_add_33_32_groupi_cdnfadd15/CO -       CI->CO F     ADDFXL         1  4.9   116   258    6151    (-,-) 
  P5/csa_tree_add_33_32_groupi_cdnfadd16/CO -       CI->CO F     ADDFXL         1  4.9   116   258    6409    (-,-) 
  P5/csa_tree_add_33_32_groupi_cdnfadd17/CO -       CI->CO F     ADDFXL         1  4.9   116   258    6668    (-,-) 
  P5/csa_tree_add_33_32_groupi_cdnfadd18/CO -       CI->CO F     ADDFXL         1  4.9   116   258    6926    (-,-) 
  P5/csa_tree_add_33_32_groupi_cdnfadd19/CO -       CI->CO F     ADDFXL         1  4.9   116   258    7184    (-,-) 
  P5/csa_tree_add_33_32_groupi_cdnfadd20/CO -       CI->CO F     ADDFXL         1  4.9   116   258    7443    (-,-) 
  P5/csa_tree_add_33_32_groupi_cdnfadd21/CO -       CI->CO F     ADDFXL         1  4.9   116   258    7701    (-,-) 
  P5/csa_tree_add_33_32_groupi_cdnfadd22/CO -       CI->CO F     ADDFXL         1  4.9   116   258    7960    (-,-) 
  P5/csa_tree_add_33_32_groupi_cdnfadd23/CO -       CI->CO F     ADDFXL         1  4.9   116   258    8218    (-,-) 
  P5/csa_tree_add_33_32_groupi_cdnfadd24/CO -       CI->CO F     ADDFXL         1  4.9   116   258    8476    (-,-) 
  P5/csa_tree_add_33_32_groupi_cdnfadd25/CO -       CI->CO F     ADDFXL         1  4.9   116   258    8735    (-,-) 
  P5/csa_tree_add_33_32_groupi_cdnfadd26/CO -       CI->CO F     ADDFXL         1  4.9   116   258    8993    (-,-) 
  P5/csa_tree_add_33_32_groupi_cdnfadd27/CO -       CI->CO F     ADDFXL         1  4.9   116   258    9252    (-,-) 
  P5/csa_tree_add_33_32_groupi_cdnfadd28/CO -       CI->CO F     ADDFXL         1  4.9   116   258    9510    (-,-) 
  P5/csa_tree_add_33_32_groupi_cdnfadd29/CO -       CI->CO F     ADDFXL         1  4.9   116   258    9768    (-,-) 
  P5/csa_tree_add_33_32_groupi_cdnfadd30/CO -       CI->CO F     ADDFXL         1  4.9   116   258   10027    (-,-) 
  P5/csa_tree_add_33_32_groupi_cdnfadd31/S  -       CI->S  R     ADDFXL         1  1.9    79   349   10376    (-,-) 
  P5/g106/Y                                 -       B->Y   R     MX2XL          1  2.3    77   150   10526    (-,-) 
  P5/result_reg[31]/D                       -       -      R     DFFRHQX1       1    -     -     0   10526    (-,-) 
#-------------------------------------------------------------------------------------------------------------------



Path 13: MET (2652 ps) Setup Check with Pin P16/result_reg[30]/CK->D
          Group: C2C
     Startpoint: (R) weight_reg_reg[15][2]/CK
          Clock: (R) clk
       Endpoint: (R) P16/result_reg[30]/D
          Clock: (R) clk

                     Capture       Launch     
        Clock Edge:+   13330            0     
       Src Latency:+       0            0     
       Net Latency:+       0 (I)        0 (I) 
           Arrival:=   13330            0     
                                              
             Setup:-     109                  
       Uncertainty:-     300                  
     Required Time:=   12921                  
      Launch Clock:-       0                  
         Data Path:-   10270                  
             Slack:=    2652                  

#--------------------------------------------------------------------------------------------------------------------
#               Timing Point                 Flags    Arc   Edge   Cell     Fanout Load Trans Delay Arrival Instance 
#                                                                                  (fF)  (ps)  (ps)   (ps)  Location 
#--------------------------------------------------------------------------------------------------------------------
  weight_reg_reg[15][2]/CK                   -       -      R     (arrival)   1910    -   200     0       0    (-,-) 
  weight_reg_reg[15][2]/Q                    -       CK->Q  R     DFFRHQX1      26 49.3   422   650     650    (-,-) 
  P16/csa_tree_add_33_32_groupi_g3965/Y      -       A->Y   F     CLKINVX1      23 45.5   368   344     994    (-,-) 
  P16/csa_tree_add_33_32_groupi_g3910/Y      -       A->Y   R     MXI2XL         2  5.6   242   247    1241    (-,-) 
  P16/csa_tree_add_33_32_groupi_g3891/Y      -       B->Y   F     NAND2X1       18 30.3   426   352    1593    (-,-) 
  P16/csa_tree_add_33_32_groupi_g3858/Y      -       A0->Y  R     AOI21XL        1  3.7   198   215    1808    (-,-) 
  P16/csa_tree_add_33_32_groupi_g3769/Y      -       S0->Y  F     MXI2XL         1  6.2   237   159    1966    (-,-) 
  P16/csa_tree_add_33_32_groupi_cdnfadd/CO   -       B->CO  F     ADDFXL         1  4.9   118   307    2274    (-,-) 
  P16/csa_tree_add_33_32_groupi_cdnfadd1/CO  -       CI->CO F     ADDFXL         1  4.9   118   259    2533    (-,-) 
  P16/csa_tree_add_33_32_groupi_cdnfadd2/CO  -       CI->CO F     ADDFXL         1  4.9   118   259    2791    (-,-) 
  P16/csa_tree_add_33_32_groupi_cdnfadd3/CO  -       CI->CO F     ADDFXL         1  4.9   118   259    3050    (-,-) 
  P16/csa_tree_add_33_32_groupi_cdnfadd4/CO  -       CI->CO F     ADDFXL         1  4.9   118   259    3309    (-,-) 
  P16/csa_tree_add_33_32_groupi_cdnfadd5/CO  -       CI->CO F     ADDFXL         1  4.9   118   259    3568    (-,-) 
  P16/csa_tree_add_33_32_groupi_cdnfadd6/CO  -       CI->CO F     ADDFXL         1  4.9   118   259    3827    (-,-) 
  P16/csa_tree_add_33_32_groupi_cdnfadd7/CO  -       CI->CO F     ADDFXL         1  4.9   116   259    4085    (-,-) 
  P16/csa_tree_add_33_32_groupi_cdnfadd8/CO  -       CI->CO F     ADDFXL         1  4.9   116   258    4344    (-,-) 
  P16/csa_tree_add_33_32_groupi_cdnfadd9/CO  -       CI->CO F     ADDFXL         1  4.9   116   258    4602    (-,-) 
  P16/csa_tree_add_33_32_groupi_cdnfadd10/CO -       CI->CO F     ADDFXL         1  4.9   116   258    4861    (-,-) 
  P16/csa_tree_add_33_32_groupi_cdnfadd11/CO -       CI->CO F     ADDFXL         1  4.9   116   258    5119    (-,-) 
  P16/csa_tree_add_33_32_groupi_cdnfadd12/CO -       CI->CO F     ADDFXL         1  4.9   116   258    5377    (-,-) 
  P16/csa_tree_add_33_32_groupi_cdnfadd13/CO -       CI->CO F     ADDFXL         1  4.9   116   258    5636    (-,-) 
  P16/csa_tree_add_33_32_groupi_cdnfadd14/CO -       CI->CO F     ADDFXL         1  4.9   116   258    5894    (-,-) 
  P16/csa_tree_add_33_32_groupi_cdnfadd15/CO -       CI->CO F     ADDFXL         1  4.9   116   258    6153    (-,-) 
  P16/csa_tree_add_33_32_groupi_cdnfadd16/CO -       CI->CO F     ADDFXL         1  4.9   116   258    6411    (-,-) 
  P16/csa_tree_add_33_32_groupi_cdnfadd17/CO -       CI->CO F     ADDFXL         1  4.9   116   258    6669    (-,-) 
  P16/csa_tree_add_33_32_groupi_cdnfadd18/CO -       CI->CO F     ADDFXL         1  4.9   116   258    6928    (-,-) 
  P16/csa_tree_add_33_32_groupi_cdnfadd19/CO -       CI->CO F     ADDFXL         1  4.9   116   258    7186    (-,-) 
  P16/csa_tree_add_33_32_groupi_cdnfadd20/CO -       CI->CO F     ADDFXL         1  4.9   116   258    7445    (-,-) 
  P16/csa_tree_add_33_32_groupi_cdnfadd21/CO -       CI->CO F     ADDFXL         1  4.9   116   258    7703    (-,-) 
  P16/csa_tree_add_33_32_groupi_cdnfadd22/CO -       CI->CO F     ADDFXL         1  4.9   116   258    7961    (-,-) 
  P16/csa_tree_add_33_32_groupi_cdnfadd23/CO -       CI->CO F     ADDFXL         1  4.9   116   258    8220    (-,-) 
  P16/csa_tree_add_33_32_groupi_cdnfadd24/CO -       CI->CO F     ADDFXL         1  4.9   116   258    8478    (-,-) 
  P16/csa_tree_add_33_32_groupi_cdnfadd25/CO -       CI->CO F     ADDFXL         1  4.9   116   258    8737    (-,-) 
  P16/csa_tree_add_33_32_groupi_cdnfadd26/CO -       CI->CO F     ADDFXL         1  4.9   116   258    8995    (-,-) 
  P16/csa_tree_add_33_32_groupi_cdnfadd27/CO -       CI->CO F     ADDFXL         1  4.9   116   258    9253    (-,-) 
  P16/csa_tree_add_33_32_groupi_cdnfadd28/CO -       CI->CO F     ADDFXL         1  4.9   116   258    9512    (-,-) 
  P16/csa_tree_add_33_32_groupi_cdnfadd29/CO -       CI->CO F     ADDFXL         1  4.9   116   258    9770    (-,-) 
  P16/csa_tree_add_33_32_groupi_cdnfadd30/S  -       CI->S  R     ADDFXL         1  1.9    79   349   10119    (-,-) 
  P16/g111/Y                                 -       B->Y   R     MX2XL          1  2.3    77   150   10270    (-,-) 
  P16/result_reg[30]/D                       -       -      R     DFFRHQX2       1    -     -     0   10270    (-,-) 
#--------------------------------------------------------------------------------------------------------------------



Path 14: MET (2652 ps) Setup Check with Pin P14/result_reg[30]/CK->D
          Group: C2C
     Startpoint: (R) weight_reg_reg[13][2]/CK
          Clock: (R) clk
       Endpoint: (R) P14/result_reg[30]/D
          Clock: (R) clk

                     Capture       Launch     
        Clock Edge:+   13330            0     
       Src Latency:+       0            0     
       Net Latency:+       0 (I)        0 (I) 
           Arrival:=   13330            0     
                                              
             Setup:-     109                  
       Uncertainty:-     300                  
     Required Time:=   12921                  
      Launch Clock:-       0                  
         Data Path:-   10270                  
             Slack:=    2652                  

#--------------------------------------------------------------------------------------------------------------------
#               Timing Point                 Flags    Arc   Edge   Cell     Fanout Load Trans Delay Arrival Instance 
#                                                                                  (fF)  (ps)  (ps)   (ps)  Location 
#--------------------------------------------------------------------------------------------------------------------
  weight_reg_reg[13][2]/CK                   -       -      R     (arrival)   1910    -   200     0       0    (-,-) 
  weight_reg_reg[13][2]/Q                    -       CK->Q  R     DFFRHQX1      26 49.3   422   650     650    (-,-) 
  P14/csa_tree_add_33_32_groupi_g3965/Y      -       A->Y   F     CLKINVX1      23 45.5   368   344     994    (-,-) 
  P14/csa_tree_add_33_32_groupi_g3910/Y      -       A->Y   R     MXI2XL         2  5.6   242   247    1241    (-,-) 
  P14/csa_tree_add_33_32_groupi_g3891/Y      -       B->Y   F     NAND2X1       18 30.3   426   352    1593    (-,-) 
  P14/csa_tree_add_33_32_groupi_g3858/Y      -       A0->Y  R     AOI21XL        1  3.7   198   215    1808    (-,-) 
  P14/csa_tree_add_33_32_groupi_g3769/Y      -       S0->Y  F     MXI2XL         1  6.2   237   159    1966    (-,-) 
  P14/csa_tree_add_33_32_groupi_cdnfadd/CO   -       B->CO  F     ADDFXL         1  4.9   118   307    2274    (-,-) 
  P14/csa_tree_add_33_32_groupi_cdnfadd1/CO  -       CI->CO F     ADDFXL         1  4.9   118   259    2533    (-,-) 
  P14/csa_tree_add_33_32_groupi_cdnfadd2/CO  -       CI->CO F     ADDFXL         1  4.9   118   259    2791    (-,-) 
  P14/csa_tree_add_33_32_groupi_cdnfadd3/CO  -       CI->CO F     ADDFXL         1  4.9   118   259    3050    (-,-) 
  P14/csa_tree_add_33_32_groupi_cdnfadd4/CO  -       CI->CO F     ADDFXL         1  4.9   118   259    3309    (-,-) 
  P14/csa_tree_add_33_32_groupi_cdnfadd5/CO  -       CI->CO F     ADDFXL         1  4.9   118   259    3568    (-,-) 
  P14/csa_tree_add_33_32_groupi_cdnfadd6/CO  -       CI->CO F     ADDFXL         1  4.9   118   259    3827    (-,-) 
  P14/csa_tree_add_33_32_groupi_cdnfadd7/CO  -       CI->CO F     ADDFXL         1  4.9   116   259    4085    (-,-) 
  P14/csa_tree_add_33_32_groupi_cdnfadd8/CO  -       CI->CO F     ADDFXL         1  4.9   116   258    4344    (-,-) 
  P14/csa_tree_add_33_32_groupi_cdnfadd9/CO  -       CI->CO F     ADDFXL         1  4.9   116   258    4602    (-,-) 
  P14/csa_tree_add_33_32_groupi_cdnfadd10/CO -       CI->CO F     ADDFXL         1  4.9   116   258    4861    (-,-) 
  P14/csa_tree_add_33_32_groupi_cdnfadd11/CO -       CI->CO F     ADDFXL         1  4.9   116   258    5119    (-,-) 
  P14/csa_tree_add_33_32_groupi_cdnfadd12/CO -       CI->CO F     ADDFXL         1  4.9   116   258    5377    (-,-) 
  P14/csa_tree_add_33_32_groupi_cdnfadd13/CO -       CI->CO F     ADDFXL         1  4.9   116   258    5636    (-,-) 
  P14/csa_tree_add_33_32_groupi_cdnfadd14/CO -       CI->CO F     ADDFXL         1  4.9   116   258    5894    (-,-) 
  P14/csa_tree_add_33_32_groupi_cdnfadd15/CO -       CI->CO F     ADDFXL         1  4.9   116   258    6153    (-,-) 
  P14/csa_tree_add_33_32_groupi_cdnfadd16/CO -       CI->CO F     ADDFXL         1  4.9   116   258    6411    (-,-) 
  P14/csa_tree_add_33_32_groupi_cdnfadd17/CO -       CI->CO F     ADDFXL         1  4.9   116   258    6669    (-,-) 
  P14/csa_tree_add_33_32_groupi_cdnfadd18/CO -       CI->CO F     ADDFXL         1  4.9   116   258    6928    (-,-) 
  P14/csa_tree_add_33_32_groupi_cdnfadd19/CO -       CI->CO F     ADDFXL         1  4.9   116   258    7186    (-,-) 
  P14/csa_tree_add_33_32_groupi_cdnfadd20/CO -       CI->CO F     ADDFXL         1  4.9   116   258    7445    (-,-) 
  P14/csa_tree_add_33_32_groupi_cdnfadd21/CO -       CI->CO F     ADDFXL         1  4.9   116   258    7703    (-,-) 
  P14/csa_tree_add_33_32_groupi_cdnfadd22/CO -       CI->CO F     ADDFXL         1  4.9   116   258    7961    (-,-) 
  P14/csa_tree_add_33_32_groupi_cdnfadd23/CO -       CI->CO F     ADDFXL         1  4.9   116   258    8220    (-,-) 
  P14/csa_tree_add_33_32_groupi_cdnfadd24/CO -       CI->CO F     ADDFXL         1  4.9   116   258    8478    (-,-) 
  P14/csa_tree_add_33_32_groupi_cdnfadd25/CO -       CI->CO F     ADDFXL         1  4.9   116   258    8737    (-,-) 
  P14/csa_tree_add_33_32_groupi_cdnfadd26/CO -       CI->CO F     ADDFXL         1  4.9   116   258    8995    (-,-) 
  P14/csa_tree_add_33_32_groupi_cdnfadd27/CO -       CI->CO F     ADDFXL         1  4.9   116   258    9253    (-,-) 
  P14/csa_tree_add_33_32_groupi_cdnfadd28/CO -       CI->CO F     ADDFXL         1  4.9   116   258    9512    (-,-) 
  P14/csa_tree_add_33_32_groupi_cdnfadd29/CO -       CI->CO F     ADDFXL         1  4.9   116   258    9770    (-,-) 
  P14/csa_tree_add_33_32_groupi_cdnfadd30/S  -       CI->S  R     ADDFXL         1  1.9    79   349   10119    (-,-) 
  P14/g109/Y                                 -       B->Y   R     MX2XL          1  2.3    77   150   10270    (-,-) 
  P14/result_reg[30]/D                       -       -      R     DFFRHQX2       1    -     -     0   10270    (-,-) 
#--------------------------------------------------------------------------------------------------------------------



Path 15: MET (2652 ps) Setup Check with Pin P13/result_reg[30]/CK->D
          Group: C2C
     Startpoint: (R) weight_reg_reg[12][2]/CK
          Clock: (R) clk
       Endpoint: (R) P13/result_reg[30]/D
          Clock: (R) clk

                     Capture       Launch     
        Clock Edge:+   13330            0     
       Src Latency:+       0            0     
       Net Latency:+       0 (I)        0 (I) 
           Arrival:=   13330            0     
                                              
             Setup:-     109                  
       Uncertainty:-     300                  
     Required Time:=   12921                  
      Launch Clock:-       0                  
         Data Path:-   10270                  
             Slack:=    2652                  

#--------------------------------------------------------------------------------------------------------------------
#               Timing Point                 Flags    Arc   Edge   Cell     Fanout Load Trans Delay Arrival Instance 
#                                                                                  (fF)  (ps)  (ps)   (ps)  Location 
#--------------------------------------------------------------------------------------------------------------------
  weight_reg_reg[12][2]/CK                   -       -      R     (arrival)   1910    -   200     0       0    (-,-) 
  weight_reg_reg[12][2]/Q                    -       CK->Q  R     DFFRHQX1      26 49.3   422   650     650    (-,-) 
  P13/csa_tree_add_33_32_groupi_g3965/Y      -       A->Y   F     CLKINVX1      23 45.5   368   344     994    (-,-) 
  P13/csa_tree_add_33_32_groupi_g3910/Y      -       A->Y   R     MXI2XL         2  5.6   242   247    1241    (-,-) 
  P13/csa_tree_add_33_32_groupi_g3891/Y      -       B->Y   F     NAND2X1       18 30.3   426   352    1593    (-,-) 
  P13/csa_tree_add_33_32_groupi_g3858/Y      -       A0->Y  R     AOI21XL        1  3.7   198   215    1808    (-,-) 
  P13/csa_tree_add_33_32_groupi_g3769/Y      -       S0->Y  F     MXI2XL         1  6.2   237   159    1966    (-,-) 
  P13/csa_tree_add_33_32_groupi_cdnfadd/CO   -       B->CO  F     ADDFXL         1  4.9   118   307    2274    (-,-) 
  P13/csa_tree_add_33_32_groupi_cdnfadd1/CO  -       CI->CO F     ADDFXL         1  4.9   118   259    2533    (-,-) 
  P13/csa_tree_add_33_32_groupi_cdnfadd2/CO  -       CI->CO F     ADDFXL         1  4.9   118   259    2791    (-,-) 
  P13/csa_tree_add_33_32_groupi_cdnfadd3/CO  -       CI->CO F     ADDFXL         1  4.9   118   259    3050    (-,-) 
  P13/csa_tree_add_33_32_groupi_cdnfadd4/CO  -       CI->CO F     ADDFXL         1  4.9   118   259    3309    (-,-) 
  P13/csa_tree_add_33_32_groupi_cdnfadd5/CO  -       CI->CO F     ADDFXL         1  4.9   118   259    3568    (-,-) 
  P13/csa_tree_add_33_32_groupi_cdnfadd6/CO  -       CI->CO F     ADDFXL         1  4.9   118   259    3827    (-,-) 
  P13/csa_tree_add_33_32_groupi_cdnfadd7/CO  -       CI->CO F     ADDFXL         1  4.9   116   259    4085    (-,-) 
  P13/csa_tree_add_33_32_groupi_cdnfadd8/CO  -       CI->CO F     ADDFXL         1  4.9   116   258    4344    (-,-) 
  P13/csa_tree_add_33_32_groupi_cdnfadd9/CO  -       CI->CO F     ADDFXL         1  4.9   116   258    4602    (-,-) 
  P13/csa_tree_add_33_32_groupi_cdnfadd10/CO -       CI->CO F     ADDFXL         1  4.9   116   258    4861    (-,-) 
  P13/csa_tree_add_33_32_groupi_cdnfadd11/CO -       CI->CO F     ADDFXL         1  4.9   116   258    5119    (-,-) 
  P13/csa_tree_add_33_32_groupi_cdnfadd12/CO -       CI->CO F     ADDFXL         1  4.9   116   258    5377    (-,-) 
  P13/csa_tree_add_33_32_groupi_cdnfadd13/CO -       CI->CO F     ADDFXL         1  4.9   116   258    5636    (-,-) 
  P13/csa_tree_add_33_32_groupi_cdnfadd14/CO -       CI->CO F     ADDFXL         1  4.9   116   258    5894    (-,-) 
  P13/csa_tree_add_33_32_groupi_cdnfadd15/CO -       CI->CO F     ADDFXL         1  4.9   116   258    6153    (-,-) 
  P13/csa_tree_add_33_32_groupi_cdnfadd16/CO -       CI->CO F     ADDFXL         1  4.9   116   258    6411    (-,-) 
  P13/csa_tree_add_33_32_groupi_cdnfadd17/CO -       CI->CO F     ADDFXL         1  4.9   116   258    6669    (-,-) 
  P13/csa_tree_add_33_32_groupi_cdnfadd18/CO -       CI->CO F     ADDFXL         1  4.9   116   258    6928    (-,-) 
  P13/csa_tree_add_33_32_groupi_cdnfadd19/CO -       CI->CO F     ADDFXL         1  4.9   116   258    7186    (-,-) 
  P13/csa_tree_add_33_32_groupi_cdnfadd20/CO -       CI->CO F     ADDFXL         1  4.9   116   258    7445    (-,-) 
  P13/csa_tree_add_33_32_groupi_cdnfadd21/CO -       CI->CO F     ADDFXL         1  4.9   116   258    7703    (-,-) 
  P13/csa_tree_add_33_32_groupi_cdnfadd22/CO -       CI->CO F     ADDFXL         1  4.9   116   258    7961    (-,-) 
  P13/csa_tree_add_33_32_groupi_cdnfadd23/CO -       CI->CO F     ADDFXL         1  4.9   116   258    8220    (-,-) 
  P13/csa_tree_add_33_32_groupi_cdnfadd24/CO -       CI->CO F     ADDFXL         1  4.9   116   258    8478    (-,-) 
  P13/csa_tree_add_33_32_groupi_cdnfadd25/CO -       CI->CO F     ADDFXL         1  4.9   116   258    8737    (-,-) 
  P13/csa_tree_add_33_32_groupi_cdnfadd26/CO -       CI->CO F     ADDFXL         1  4.9   116   258    8995    (-,-) 
  P13/csa_tree_add_33_32_groupi_cdnfadd27/CO -       CI->CO F     ADDFXL         1  4.9   116   258    9253    (-,-) 
  P13/csa_tree_add_33_32_groupi_cdnfadd28/CO -       CI->CO F     ADDFXL         1  4.9   116   258    9512    (-,-) 
  P13/csa_tree_add_33_32_groupi_cdnfadd29/CO -       CI->CO F     ADDFXL         1  4.9   116   258    9770    (-,-) 
  P13/csa_tree_add_33_32_groupi_cdnfadd30/S  -       CI->S  R     ADDFXL         1  1.9    79   349   10119    (-,-) 
  P13/g109/Y                                 -       B->Y   R     MX2XL          1  2.3    77   150   10270    (-,-) 
  P13/result_reg[30]/D                       -       -      R     DFFRHQX2       1    -     -     0   10270    (-,-) 
#--------------------------------------------------------------------------------------------------------------------



Path 16: MET (2652 ps) Setup Check with Pin P12/result_reg[30]/CK->D
          Group: C2C
     Startpoint: (R) weight_reg_reg[11][2]/CK
          Clock: (R) clk
       Endpoint: (R) P12/result_reg[30]/D
          Clock: (R) clk

                     Capture       Launch     
        Clock Edge:+   13330            0     
       Src Latency:+       0            0     
       Net Latency:+       0 (I)        0 (I) 
           Arrival:=   13330            0     
                                              
             Setup:-     109                  
       Uncertainty:-     300                  
     Required Time:=   12921                  
      Launch Clock:-       0                  
         Data Path:-   10270                  
             Slack:=    2652                  

#--------------------------------------------------------------------------------------------------------------------
#               Timing Point                 Flags    Arc   Edge   Cell     Fanout Load Trans Delay Arrival Instance 
#                                                                                  (fF)  (ps)  (ps)   (ps)  Location 
#--------------------------------------------------------------------------------------------------------------------
  weight_reg_reg[11][2]/CK                   -       -      R     (arrival)   1910    -   200     0       0    (-,-) 
  weight_reg_reg[11][2]/Q                    -       CK->Q  R     DFFRHQX1      26 49.3   422   650     650    (-,-) 
  P12/csa_tree_add_33_32_groupi_g3965/Y      -       A->Y   F     CLKINVX1      23 45.5   368   344     994    (-,-) 
  P12/csa_tree_add_33_32_groupi_g3910/Y      -       A->Y   R     MXI2XL         2  5.6   242   247    1241    (-,-) 
  P12/csa_tree_add_33_32_groupi_g3891/Y      -       B->Y   F     NAND2X1       18 30.3   426   352    1593    (-,-) 
  P12/csa_tree_add_33_32_groupi_g3858/Y      -       A0->Y  R     AOI21XL        1  3.7   198   215    1808    (-,-) 
  P12/csa_tree_add_33_32_groupi_g3769/Y      -       S0->Y  F     MXI2XL         1  6.2   237   159    1966    (-,-) 
  P12/csa_tree_add_33_32_groupi_cdnfadd/CO   -       B->CO  F     ADDFXL         1  4.9   118   307    2274    (-,-) 
  P12/csa_tree_add_33_32_groupi_cdnfadd1/CO  -       CI->CO F     ADDFXL         1  4.9   118   259    2533    (-,-) 
  P12/csa_tree_add_33_32_groupi_cdnfadd2/CO  -       CI->CO F     ADDFXL         1  4.9   118   259    2791    (-,-) 
  P12/csa_tree_add_33_32_groupi_cdnfadd3/CO  -       CI->CO F     ADDFXL         1  4.9   118   259    3050    (-,-) 
  P12/csa_tree_add_33_32_groupi_cdnfadd4/CO  -       CI->CO F     ADDFXL         1  4.9   118   259    3309    (-,-) 
  P12/csa_tree_add_33_32_groupi_cdnfadd5/CO  -       CI->CO F     ADDFXL         1  4.9   118   259    3568    (-,-) 
  P12/csa_tree_add_33_32_groupi_cdnfadd6/CO  -       CI->CO F     ADDFXL         1  4.9   118   259    3827    (-,-) 
  P12/csa_tree_add_33_32_groupi_cdnfadd7/CO  -       CI->CO F     ADDFXL         1  4.9   116   259    4085    (-,-) 
  P12/csa_tree_add_33_32_groupi_cdnfadd8/CO  -       CI->CO F     ADDFXL         1  4.9   116   258    4344    (-,-) 
  P12/csa_tree_add_33_32_groupi_cdnfadd9/CO  -       CI->CO F     ADDFXL         1  4.9   116   258    4602    (-,-) 
  P12/csa_tree_add_33_32_groupi_cdnfadd10/CO -       CI->CO F     ADDFXL         1  4.9   116   258    4861    (-,-) 
  P12/csa_tree_add_33_32_groupi_cdnfadd11/CO -       CI->CO F     ADDFXL         1  4.9   116   258    5119    (-,-) 
  P12/csa_tree_add_33_32_groupi_cdnfadd12/CO -       CI->CO F     ADDFXL         1  4.9   116   258    5377    (-,-) 
  P12/csa_tree_add_33_32_groupi_cdnfadd13/CO -       CI->CO F     ADDFXL         1  4.9   116   258    5636    (-,-) 
  P12/csa_tree_add_33_32_groupi_cdnfadd14/CO -       CI->CO F     ADDFXL         1  4.9   116   258    5894    (-,-) 
  P12/csa_tree_add_33_32_groupi_cdnfadd15/CO -       CI->CO F     ADDFXL         1  4.9   116   258    6153    (-,-) 
  P12/csa_tree_add_33_32_groupi_cdnfadd16/CO -       CI->CO F     ADDFXL         1  4.9   116   258    6411    (-,-) 
  P12/csa_tree_add_33_32_groupi_cdnfadd17/CO -       CI->CO F     ADDFXL         1  4.9   116   258    6669    (-,-) 
  P12/csa_tree_add_33_32_groupi_cdnfadd18/CO -       CI->CO F     ADDFXL         1  4.9   116   258    6928    (-,-) 
  P12/csa_tree_add_33_32_groupi_cdnfadd19/CO -       CI->CO F     ADDFXL         1  4.9   116   258    7186    (-,-) 
  P12/csa_tree_add_33_32_groupi_cdnfadd20/CO -       CI->CO F     ADDFXL         1  4.9   116   258    7445    (-,-) 
  P12/csa_tree_add_33_32_groupi_cdnfadd21/CO -       CI->CO F     ADDFXL         1  4.9   116   258    7703    (-,-) 
  P12/csa_tree_add_33_32_groupi_cdnfadd22/CO -       CI->CO F     ADDFXL         1  4.9   116   258    7961    (-,-) 
  P12/csa_tree_add_33_32_groupi_cdnfadd23/CO -       CI->CO F     ADDFXL         1  4.9   116   258    8220    (-,-) 
  P12/csa_tree_add_33_32_groupi_cdnfadd24/CO -       CI->CO F     ADDFXL         1  4.9   116   258    8478    (-,-) 
  P12/csa_tree_add_33_32_groupi_cdnfadd25/CO -       CI->CO F     ADDFXL         1  4.9   116   258    8737    (-,-) 
  P12/csa_tree_add_33_32_groupi_cdnfadd26/CO -       CI->CO F     ADDFXL         1  4.9   116   258    8995    (-,-) 
  P12/csa_tree_add_33_32_groupi_cdnfadd27/CO -       CI->CO F     ADDFXL         1  4.9   116   258    9253    (-,-) 
  P12/csa_tree_add_33_32_groupi_cdnfadd28/CO -       CI->CO F     ADDFXL         1  4.9   116   258    9512    (-,-) 
  P12/csa_tree_add_33_32_groupi_cdnfadd29/CO -       CI->CO F     ADDFXL         1  4.9   116   258    9770    (-,-) 
  P12/csa_tree_add_33_32_groupi_cdnfadd30/S  -       CI->S  R     ADDFXL         1  1.9    79   349   10119    (-,-) 
  P12/g109/Y                                 -       B->Y   R     MX2XL          1  2.3    77   150   10270    (-,-) 
  P12/result_reg[30]/D                       -       -      R     DFFRHQX1       1    -     -     0   10270    (-,-) 
#--------------------------------------------------------------------------------------------------------------------



Path 17: MET (2652 ps) Setup Check with Pin P11/result_reg[30]/CK->D
          Group: C2C
     Startpoint: (R) weight_reg_reg[10][2]/CK
          Clock: (R) clk
       Endpoint: (R) P11/result_reg[30]/D
          Clock: (R) clk

                     Capture       Launch     
        Clock Edge:+   13330            0     
       Src Latency:+       0            0     
       Net Latency:+       0 (I)        0 (I) 
           Arrival:=   13330            0     
                                              
             Setup:-     109                  
       Uncertainty:-     300                  
     Required Time:=   12921                  
      Launch Clock:-       0                  
         Data Path:-   10270                  
             Slack:=    2652                  

#--------------------------------------------------------------------------------------------------------------------
#               Timing Point                 Flags    Arc   Edge   Cell     Fanout Load Trans Delay Arrival Instance 
#                                                                                  (fF)  (ps)  (ps)   (ps)  Location 
#--------------------------------------------------------------------------------------------------------------------
  weight_reg_reg[10][2]/CK                   -       -      R     (arrival)   1910    -   200     0       0    (-,-) 
  weight_reg_reg[10][2]/Q                    -       CK->Q  R     DFFRHQX1      26 49.3   422   650     650    (-,-) 
  P11/csa_tree_add_33_32_groupi_g3965/Y      -       A->Y   F     CLKINVX1      23 45.5   368   344     994    (-,-) 
  P11/csa_tree_add_33_32_groupi_g3910/Y      -       A->Y   R     MXI2XL         2  5.6   242   247    1241    (-,-) 
  P11/csa_tree_add_33_32_groupi_g3891/Y      -       B->Y   F     NAND2X1       18 30.3   426   352    1593    (-,-) 
  P11/csa_tree_add_33_32_groupi_g3858/Y      -       A0->Y  R     AOI21XL        1  3.7   198   215    1808    (-,-) 
  P11/csa_tree_add_33_32_groupi_g3769/Y      -       S0->Y  F     MXI2XL         1  6.2   237   159    1966    (-,-) 
  P11/csa_tree_add_33_32_groupi_cdnfadd/CO   -       B->CO  F     ADDFXL         1  4.9   118   307    2274    (-,-) 
  P11/csa_tree_add_33_32_groupi_cdnfadd1/CO  -       CI->CO F     ADDFXL         1  4.9   118   259    2533    (-,-) 
  P11/csa_tree_add_33_32_groupi_cdnfadd2/CO  -       CI->CO F     ADDFXL         1  4.9   118   259    2791    (-,-) 
  P11/csa_tree_add_33_32_groupi_cdnfadd3/CO  -       CI->CO F     ADDFXL         1  4.9   118   259    3050    (-,-) 
  P11/csa_tree_add_33_32_groupi_cdnfadd4/CO  -       CI->CO F     ADDFXL         1  4.9   118   259    3309    (-,-) 
  P11/csa_tree_add_33_32_groupi_cdnfadd5/CO  -       CI->CO F     ADDFXL         1  4.9   118   259    3568    (-,-) 
  P11/csa_tree_add_33_32_groupi_cdnfadd6/CO  -       CI->CO F     ADDFXL         1  4.9   118   259    3827    (-,-) 
  P11/csa_tree_add_33_32_groupi_cdnfadd7/CO  -       CI->CO F     ADDFXL         1  4.9   116   259    4085    (-,-) 
  P11/csa_tree_add_33_32_groupi_cdnfadd8/CO  -       CI->CO F     ADDFXL         1  4.9   116   258    4344    (-,-) 
  P11/csa_tree_add_33_32_groupi_cdnfadd9/CO  -       CI->CO F     ADDFXL         1  4.9   116   258    4602    (-,-) 
  P11/csa_tree_add_33_32_groupi_cdnfadd10/CO -       CI->CO F     ADDFXL         1  4.9   116   258    4861    (-,-) 
  P11/csa_tree_add_33_32_groupi_cdnfadd11/CO -       CI->CO F     ADDFXL         1  4.9   116   258    5119    (-,-) 
  P11/csa_tree_add_33_32_groupi_cdnfadd12/CO -       CI->CO F     ADDFXL         1  4.9   116   258    5377    (-,-) 
  P11/csa_tree_add_33_32_groupi_cdnfadd13/CO -       CI->CO F     ADDFXL         1  4.9   116   258    5636    (-,-) 
  P11/csa_tree_add_33_32_groupi_cdnfadd14/CO -       CI->CO F     ADDFXL         1  4.9   116   258    5894    (-,-) 
  P11/csa_tree_add_33_32_groupi_cdnfadd15/CO -       CI->CO F     ADDFXL         1  4.9   116   258    6153    (-,-) 
  P11/csa_tree_add_33_32_groupi_cdnfadd16/CO -       CI->CO F     ADDFXL         1  4.9   116   258    6411    (-,-) 
  P11/csa_tree_add_33_32_groupi_cdnfadd17/CO -       CI->CO F     ADDFXL         1  4.9   116   258    6669    (-,-) 
  P11/csa_tree_add_33_32_groupi_cdnfadd18/CO -       CI->CO F     ADDFXL         1  4.9   116   258    6928    (-,-) 
  P11/csa_tree_add_33_32_groupi_cdnfadd19/CO -       CI->CO F     ADDFXL         1  4.9   116   258    7186    (-,-) 
  P11/csa_tree_add_33_32_groupi_cdnfadd20/CO -       CI->CO F     ADDFXL         1  4.9   116   258    7445    (-,-) 
  P11/csa_tree_add_33_32_groupi_cdnfadd21/CO -       CI->CO F     ADDFXL         1  4.9   116   258    7703    (-,-) 
  P11/csa_tree_add_33_32_groupi_cdnfadd22/CO -       CI->CO F     ADDFXL         1  4.9   116   258    7961    (-,-) 
  P11/csa_tree_add_33_32_groupi_cdnfadd23/CO -       CI->CO F     ADDFXL         1  4.9   116   258    8220    (-,-) 
  P11/csa_tree_add_33_32_groupi_cdnfadd24/CO -       CI->CO F     ADDFXL         1  4.9   116   258    8478    (-,-) 
  P11/csa_tree_add_33_32_groupi_cdnfadd25/CO -       CI->CO F     ADDFXL         1  4.9   116   258    8737    (-,-) 
  P11/csa_tree_add_33_32_groupi_cdnfadd26/CO -       CI->CO F     ADDFXL         1  4.9   116   258    8995    (-,-) 
  P11/csa_tree_add_33_32_groupi_cdnfadd27/CO -       CI->CO F     ADDFXL         1  4.9   116   258    9253    (-,-) 
  P11/csa_tree_add_33_32_groupi_cdnfadd28/CO -       CI->CO F     ADDFXL         1  4.9   116   258    9512    (-,-) 
  P11/csa_tree_add_33_32_groupi_cdnfadd29/CO -       CI->CO F     ADDFXL         1  4.9   116   258    9770    (-,-) 
  P11/csa_tree_add_33_32_groupi_cdnfadd30/S  -       CI->S  R     ADDFXL         1  1.9    79   349   10119    (-,-) 
  P11/g109/Y                                 -       B->Y   R     MX2XL          1  2.3    77   150   10270    (-,-) 
  P11/result_reg[30]/D                       -       -      R     DFFRHQX1       1    -     -     0   10270    (-,-) 
#--------------------------------------------------------------------------------------------------------------------



Path 18: MET (2652 ps) Setup Check with Pin P10/result_reg[30]/CK->D
          Group: C2C
     Startpoint: (R) weight_reg_reg[9][2]/CK
          Clock: (R) clk
       Endpoint: (R) P10/result_reg[30]/D
          Clock: (R) clk

                     Capture       Launch     
        Clock Edge:+   13330            0     
       Src Latency:+       0            0     
       Net Latency:+       0 (I)        0 (I) 
           Arrival:=   13330            0     
                                              
             Setup:-     109                  
       Uncertainty:-     300                  
     Required Time:=   12921                  
      Launch Clock:-       0                  
         Data Path:-   10270                  
             Slack:=    2652                  

#--------------------------------------------------------------------------------------------------------------------
#               Timing Point                 Flags    Arc   Edge   Cell     Fanout Load Trans Delay Arrival Instance 
#                                                                                  (fF)  (ps)  (ps)   (ps)  Location 
#--------------------------------------------------------------------------------------------------------------------
  weight_reg_reg[9][2]/CK                    -       -      R     (arrival)   1910    -   200     0       0    (-,-) 
  weight_reg_reg[9][2]/Q                     -       CK->Q  R     DFFRHQX1      26 49.3   422   650     650    (-,-) 
  P10/csa_tree_add_33_32_groupi_g3965/Y      -       A->Y   F     CLKINVX1      23 45.5   368   344     994    (-,-) 
  P10/csa_tree_add_33_32_groupi_g3910/Y      -       A->Y   R     MXI2XL         2  5.6   242   247    1241    (-,-) 
  P10/csa_tree_add_33_32_groupi_g3891/Y      -       B->Y   F     NAND2X1       18 30.3   426   352    1593    (-,-) 
  P10/csa_tree_add_33_32_groupi_g3858/Y      -       A0->Y  R     AOI21XL        1  3.7   198   215    1808    (-,-) 
  P10/csa_tree_add_33_32_groupi_g3769/Y      -       S0->Y  F     MXI2XL         1  6.2   237   159    1966    (-,-) 
  P10/csa_tree_add_33_32_groupi_cdnfadd/CO   -       B->CO  F     ADDFXL         1  4.9   118   307    2274    (-,-) 
  P10/csa_tree_add_33_32_groupi_cdnfadd1/CO  -       CI->CO F     ADDFXL         1  4.9   118   259    2533    (-,-) 
  P10/csa_tree_add_33_32_groupi_cdnfadd2/CO  -       CI->CO F     ADDFXL         1  4.9   118   259    2791    (-,-) 
  P10/csa_tree_add_33_32_groupi_cdnfadd3/CO  -       CI->CO F     ADDFXL         1  4.9   118   259    3050    (-,-) 
  P10/csa_tree_add_33_32_groupi_cdnfadd4/CO  -       CI->CO F     ADDFXL         1  4.9   118   259    3309    (-,-) 
  P10/csa_tree_add_33_32_groupi_cdnfadd5/CO  -       CI->CO F     ADDFXL         1  4.9   118   259    3568    (-,-) 
  P10/csa_tree_add_33_32_groupi_cdnfadd6/CO  -       CI->CO F     ADDFXL         1  4.9   118   259    3827    (-,-) 
  P10/csa_tree_add_33_32_groupi_cdnfadd7/CO  -       CI->CO F     ADDFXL         1  4.9   116   259    4085    (-,-) 
  P10/csa_tree_add_33_32_groupi_cdnfadd8/CO  -       CI->CO F     ADDFXL         1  4.9   116   258    4344    (-,-) 
  P10/csa_tree_add_33_32_groupi_cdnfadd9/CO  -       CI->CO F     ADDFXL         1  4.9   116   258    4602    (-,-) 
  P10/csa_tree_add_33_32_groupi_cdnfadd10/CO -       CI->CO F     ADDFXL         1  4.9   116   258    4861    (-,-) 
  P10/csa_tree_add_33_32_groupi_cdnfadd11/CO -       CI->CO F     ADDFXL         1  4.9   116   258    5119    (-,-) 
  P10/csa_tree_add_33_32_groupi_cdnfadd12/CO -       CI->CO F     ADDFXL         1  4.9   116   258    5377    (-,-) 
  P10/csa_tree_add_33_32_groupi_cdnfadd13/CO -       CI->CO F     ADDFXL         1  4.9   116   258    5636    (-,-) 
  P10/csa_tree_add_33_32_groupi_cdnfadd14/CO -       CI->CO F     ADDFXL         1  4.9   116   258    5894    (-,-) 
  P10/csa_tree_add_33_32_groupi_cdnfadd15/CO -       CI->CO F     ADDFXL         1  4.9   116   258    6153    (-,-) 
  P10/csa_tree_add_33_32_groupi_cdnfadd16/CO -       CI->CO F     ADDFXL         1  4.9   116   258    6411    (-,-) 
  P10/csa_tree_add_33_32_groupi_cdnfadd17/CO -       CI->CO F     ADDFXL         1  4.9   116   258    6669    (-,-) 
  P10/csa_tree_add_33_32_groupi_cdnfadd18/CO -       CI->CO F     ADDFXL         1  4.9   116   258    6928    (-,-) 
  P10/csa_tree_add_33_32_groupi_cdnfadd19/CO -       CI->CO F     ADDFXL         1  4.9   116   258    7186    (-,-) 
  P10/csa_tree_add_33_32_groupi_cdnfadd20/CO -       CI->CO F     ADDFXL         1  4.9   116   258    7445    (-,-) 
  P10/csa_tree_add_33_32_groupi_cdnfadd21/CO -       CI->CO F     ADDFXL         1  4.9   116   258    7703    (-,-) 
  P10/csa_tree_add_33_32_groupi_cdnfadd22/CO -       CI->CO F     ADDFXL         1  4.9   116   258    7961    (-,-) 
  P10/csa_tree_add_33_32_groupi_cdnfadd23/CO -       CI->CO F     ADDFXL         1  4.9   116   258    8220    (-,-) 
  P10/csa_tree_add_33_32_groupi_cdnfadd24/CO -       CI->CO F     ADDFXL         1  4.9   116   258    8478    (-,-) 
  P10/csa_tree_add_33_32_groupi_cdnfadd25/CO -       CI->CO F     ADDFXL         1  4.9   116   258    8737    (-,-) 
  P10/csa_tree_add_33_32_groupi_cdnfadd26/CO -       CI->CO F     ADDFXL         1  4.9   116   258    8995    (-,-) 
  P10/csa_tree_add_33_32_groupi_cdnfadd27/CO -       CI->CO F     ADDFXL         1  4.9   116   258    9253    (-,-) 
  P10/csa_tree_add_33_32_groupi_cdnfadd28/CO -       CI->CO F     ADDFXL         1  4.9   116   258    9512    (-,-) 
  P10/csa_tree_add_33_32_groupi_cdnfadd29/CO -       CI->CO F     ADDFXL         1  4.9   116   258    9770    (-,-) 
  P10/csa_tree_add_33_32_groupi_cdnfadd30/S  -       CI->S  R     ADDFXL         1  1.9    79   349   10119    (-,-) 
  P10/g109/Y                                 -       B->Y   R     MX2XL          1  2.3    77   150   10270    (-,-) 
  P10/result_reg[30]/D                       -       -      R     DFFRHQX1       1    -     -     0   10270    (-,-) 
#--------------------------------------------------------------------------------------------------------------------



Path 19: MET (2652 ps) Setup Check with Pin P9/result_reg[30]/CK->D
          Group: C2C
     Startpoint: (R) weight_reg_reg[8][2]/CK
          Clock: (R) clk
       Endpoint: (R) P9/result_reg[30]/D
          Clock: (R) clk

                     Capture       Launch     
        Clock Edge:+   13330            0     
       Src Latency:+       0            0     
       Net Latency:+       0 (I)        0 (I) 
           Arrival:=   13330            0     
                                              
             Setup:-     109                  
       Uncertainty:-     300                  
     Required Time:=   12921                  
      Launch Clock:-       0                  
         Data Path:-   10270                  
             Slack:=    2652                  

#-------------------------------------------------------------------------------------------------------------------
#               Timing Point                Flags    Arc   Edge   Cell     Fanout Load Trans Delay Arrival Instance 
#                                                                                 (fF)  (ps)  (ps)   (ps)  Location 
#-------------------------------------------------------------------------------------------------------------------
  weight_reg_reg[8][2]/CK                   -       -      R     (arrival)   1910    -   200     0       0    (-,-) 
  weight_reg_reg[8][2]/Q                    -       CK->Q  R     DFFRHQX1      26 49.3   422   650     650    (-,-) 
  P9/csa_tree_add_33_32_groupi_g3965/Y      -       A->Y   F     CLKINVX1      23 45.5   368   344     994    (-,-) 
  P9/csa_tree_add_33_32_groupi_g3910/Y      -       A->Y   R     MXI2XL         2  5.6   242   247    1241    (-,-) 
  P9/csa_tree_add_33_32_groupi_g3891/Y      -       B->Y   F     NAND2X1       18 30.3   426   352    1593    (-,-) 
  P9/csa_tree_add_33_32_groupi_g3858/Y      -       A0->Y  R     AOI21XL        1  3.7   198   215    1808    (-,-) 
  P9/csa_tree_add_33_32_groupi_g3769/Y      -       S0->Y  F     MXI2XL         1  6.2   237   159    1966    (-,-) 
  P9/csa_tree_add_33_32_groupi_cdnfadd/CO   -       B->CO  F     ADDFXL         1  4.9   118   307    2274    (-,-) 
  P9/csa_tree_add_33_32_groupi_cdnfadd1/CO  -       CI->CO F     ADDFXL         1  4.9   118   259    2533    (-,-) 
  P9/csa_tree_add_33_32_groupi_cdnfadd2/CO  -       CI->CO F     ADDFXL         1  4.9   118   259    2791    (-,-) 
  P9/csa_tree_add_33_32_groupi_cdnfadd3/CO  -       CI->CO F     ADDFXL         1  4.9   118   259    3050    (-,-) 
  P9/csa_tree_add_33_32_groupi_cdnfadd4/CO  -       CI->CO F     ADDFXL         1  4.9   118   259    3309    (-,-) 
  P9/csa_tree_add_33_32_groupi_cdnfadd5/CO  -       CI->CO F     ADDFXL         1  4.9   118   259    3568    (-,-) 
  P9/csa_tree_add_33_32_groupi_cdnfadd6/CO  -       CI->CO F     ADDFXL         1  4.9   118   259    3827    (-,-) 
  P9/csa_tree_add_33_32_groupi_cdnfadd7/CO  -       CI->CO F     ADDFXL         1  4.9   116   259    4085    (-,-) 
  P9/csa_tree_add_33_32_groupi_cdnfadd8/CO  -       CI->CO F     ADDFXL         1  4.9   116   258    4344    (-,-) 
  P9/csa_tree_add_33_32_groupi_cdnfadd9/CO  -       CI->CO F     ADDFXL         1  4.9   116   258    4602    (-,-) 
  P9/csa_tree_add_33_32_groupi_cdnfadd10/CO -       CI->CO F     ADDFXL         1  4.9   116   258    4861    (-,-) 
  P9/csa_tree_add_33_32_groupi_cdnfadd11/CO -       CI->CO F     ADDFXL         1  4.9   116   258    5119    (-,-) 
  P9/csa_tree_add_33_32_groupi_cdnfadd12/CO -       CI->CO F     ADDFXL         1  4.9   116   258    5377    (-,-) 
  P9/csa_tree_add_33_32_groupi_cdnfadd13/CO -       CI->CO F     ADDFXL         1  4.9   116   258    5636    (-,-) 
  P9/csa_tree_add_33_32_groupi_cdnfadd14/CO -       CI->CO F     ADDFXL         1  4.9   116   258    5894    (-,-) 
  P9/csa_tree_add_33_32_groupi_cdnfadd15/CO -       CI->CO F     ADDFXL         1  4.9   116   258    6153    (-,-) 
  P9/csa_tree_add_33_32_groupi_cdnfadd16/CO -       CI->CO F     ADDFXL         1  4.9   116   258    6411    (-,-) 
  P9/csa_tree_add_33_32_groupi_cdnfadd17/CO -       CI->CO F     ADDFXL         1  4.9   116   258    6669    (-,-) 
  P9/csa_tree_add_33_32_groupi_cdnfadd18/CO -       CI->CO F     ADDFXL         1  4.9   116   258    6928    (-,-) 
  P9/csa_tree_add_33_32_groupi_cdnfadd19/CO -       CI->CO F     ADDFXL         1  4.9   116   258    7186    (-,-) 
  P9/csa_tree_add_33_32_groupi_cdnfadd20/CO -       CI->CO F     ADDFXL         1  4.9   116   258    7445    (-,-) 
  P9/csa_tree_add_33_32_groupi_cdnfadd21/CO -       CI->CO F     ADDFXL         1  4.9   116   258    7703    (-,-) 
  P9/csa_tree_add_33_32_groupi_cdnfadd22/CO -       CI->CO F     ADDFXL         1  4.9   116   258    7961    (-,-) 
  P9/csa_tree_add_33_32_groupi_cdnfadd23/CO -       CI->CO F     ADDFXL         1  4.9   116   258    8220    (-,-) 
  P9/csa_tree_add_33_32_groupi_cdnfadd24/CO -       CI->CO F     ADDFXL         1  4.9   116   258    8478    (-,-) 
  P9/csa_tree_add_33_32_groupi_cdnfadd25/CO -       CI->CO F     ADDFXL         1  4.9   116   258    8737    (-,-) 
  P9/csa_tree_add_33_32_groupi_cdnfadd26/CO -       CI->CO F     ADDFXL         1  4.9   116   258    8995    (-,-) 
  P9/csa_tree_add_33_32_groupi_cdnfadd27/CO -       CI->CO F     ADDFXL         1  4.9   116   258    9253    (-,-) 
  P9/csa_tree_add_33_32_groupi_cdnfadd28/CO -       CI->CO F     ADDFXL         1  4.9   116   258    9512    (-,-) 
  P9/csa_tree_add_33_32_groupi_cdnfadd29/CO -       CI->CO F     ADDFXL         1  4.9   116   258    9770    (-,-) 
  P9/csa_tree_add_33_32_groupi_cdnfadd30/S  -       CI->S  R     ADDFXL         1  1.9    79   349   10119    (-,-) 
  P9/g109/Y                                 -       B->Y   R     MX2XL          1  2.3    77   150   10270    (-,-) 
  P9/result_reg[30]/D                       -       -      R     DFFRHQX1       1    -     -     0   10270    (-,-) 
#-------------------------------------------------------------------------------------------------------------------



Path 20: MET (2652 ps) Setup Check with Pin P8/result_reg[30]/CK->D
          Group: C2C
     Startpoint: (R) weight_reg_reg[7][2]/CK
          Clock: (R) clk
       Endpoint: (R) P8/result_reg[30]/D
          Clock: (R) clk

                     Capture       Launch     
        Clock Edge:+   13330            0     
       Src Latency:+       0            0     
       Net Latency:+       0 (I)        0 (I) 
           Arrival:=   13330            0     
                                              
             Setup:-     109                  
       Uncertainty:-     300                  
     Required Time:=   12921                  
      Launch Clock:-       0                  
         Data Path:-   10270                  
             Slack:=    2652                  

#-------------------------------------------------------------------------------------------------------------------
#               Timing Point                Flags    Arc   Edge   Cell     Fanout Load Trans Delay Arrival Instance 
#                                                                                 (fF)  (ps)  (ps)   (ps)  Location 
#-------------------------------------------------------------------------------------------------------------------
  weight_reg_reg[7][2]/CK                   -       -      R     (arrival)   1910    -   200     0       0    (-,-) 
  weight_reg_reg[7][2]/Q                    -       CK->Q  R     DFFRHQX1      26 49.3   422   650     650    (-,-) 
  P8/csa_tree_add_33_32_groupi_g3965/Y      -       A->Y   F     CLKINVX1      23 45.5   368   344     994    (-,-) 
  P8/csa_tree_add_33_32_groupi_g3910/Y      -       A->Y   R     MXI2XL         2  5.6   242   247    1241    (-,-) 
  P8/csa_tree_add_33_32_groupi_g3891/Y      -       B->Y   F     NAND2X1       18 30.3   426   352    1593    (-,-) 
  P8/csa_tree_add_33_32_groupi_g3858/Y      -       A0->Y  R     AOI21XL        1  3.7   198   215    1808    (-,-) 
  P8/csa_tree_add_33_32_groupi_g3769/Y      -       S0->Y  F     MXI2XL         1  6.2   237   159    1966    (-,-) 
  P8/csa_tree_add_33_32_groupi_cdnfadd/CO   -       B->CO  F     ADDFXL         1  4.9   118   307    2274    (-,-) 
  P8/csa_tree_add_33_32_groupi_cdnfadd1/CO  -       CI->CO F     ADDFXL         1  4.9   118   259    2533    (-,-) 
  P8/csa_tree_add_33_32_groupi_cdnfadd2/CO  -       CI->CO F     ADDFXL         1  4.9   118   259    2791    (-,-) 
  P8/csa_tree_add_33_32_groupi_cdnfadd3/CO  -       CI->CO F     ADDFXL         1  4.9   118   259    3050    (-,-) 
  P8/csa_tree_add_33_32_groupi_cdnfadd4/CO  -       CI->CO F     ADDFXL         1  4.9   118   259    3309    (-,-) 
  P8/csa_tree_add_33_32_groupi_cdnfadd5/CO  -       CI->CO F     ADDFXL         1  4.9   118   259    3568    (-,-) 
  P8/csa_tree_add_33_32_groupi_cdnfadd6/CO  -       CI->CO F     ADDFXL         1  4.9   118   259    3827    (-,-) 
  P8/csa_tree_add_33_32_groupi_cdnfadd7/CO  -       CI->CO F     ADDFXL         1  4.9   116   259    4085    (-,-) 
  P8/csa_tree_add_33_32_groupi_cdnfadd8/CO  -       CI->CO F     ADDFXL         1  4.9   116   258    4344    (-,-) 
  P8/csa_tree_add_33_32_groupi_cdnfadd9/CO  -       CI->CO F     ADDFXL         1  4.9   116   258    4602    (-,-) 
  P8/csa_tree_add_33_32_groupi_cdnfadd10/CO -       CI->CO F     ADDFXL         1  4.9   116   258    4861    (-,-) 
  P8/csa_tree_add_33_32_groupi_cdnfadd11/CO -       CI->CO F     ADDFXL         1  4.9   116   258    5119    (-,-) 
  P8/csa_tree_add_33_32_groupi_cdnfadd12/CO -       CI->CO F     ADDFXL         1  4.9   116   258    5377    (-,-) 
  P8/csa_tree_add_33_32_groupi_cdnfadd13/CO -       CI->CO F     ADDFXL         1  4.9   116   258    5636    (-,-) 
  P8/csa_tree_add_33_32_groupi_cdnfadd14/CO -       CI->CO F     ADDFXL         1  4.9   116   258    5894    (-,-) 
  P8/csa_tree_add_33_32_groupi_cdnfadd15/CO -       CI->CO F     ADDFXL         1  4.9   116   258    6153    (-,-) 
  P8/csa_tree_add_33_32_groupi_cdnfadd16/CO -       CI->CO F     ADDFXL         1  4.9   116   258    6411    (-,-) 
  P8/csa_tree_add_33_32_groupi_cdnfadd17/CO -       CI->CO F     ADDFXL         1  4.9   116   258    6669    (-,-) 
  P8/csa_tree_add_33_32_groupi_cdnfadd18/CO -       CI->CO F     ADDFXL         1  4.9   116   258    6928    (-,-) 
  P8/csa_tree_add_33_32_groupi_cdnfadd19/CO -       CI->CO F     ADDFXL         1  4.9   116   258    7186    (-,-) 
  P8/csa_tree_add_33_32_groupi_cdnfadd20/CO -       CI->CO F     ADDFXL         1  4.9   116   258    7445    (-,-) 
  P8/csa_tree_add_33_32_groupi_cdnfadd21/CO -       CI->CO F     ADDFXL         1  4.9   116   258    7703    (-,-) 
  P8/csa_tree_add_33_32_groupi_cdnfadd22/CO -       CI->CO F     ADDFXL         1  4.9   116   258    7961    (-,-) 
  P8/csa_tree_add_33_32_groupi_cdnfadd23/CO -       CI->CO F     ADDFXL         1  4.9   116   258    8220    (-,-) 
  P8/csa_tree_add_33_32_groupi_cdnfadd24/CO -       CI->CO F     ADDFXL         1  4.9   116   258    8478    (-,-) 
  P8/csa_tree_add_33_32_groupi_cdnfadd25/CO -       CI->CO F     ADDFXL         1  4.9   116   258    8737    (-,-) 
  P8/csa_tree_add_33_32_groupi_cdnfadd26/CO -       CI->CO F     ADDFXL         1  4.9   116   258    8995    (-,-) 
  P8/csa_tree_add_33_32_groupi_cdnfadd27/CO -       CI->CO F     ADDFXL         1  4.9   116   258    9253    (-,-) 
  P8/csa_tree_add_33_32_groupi_cdnfadd28/CO -       CI->CO F     ADDFXL         1  4.9   116   258    9512    (-,-) 
  P8/csa_tree_add_33_32_groupi_cdnfadd29/CO -       CI->CO F     ADDFXL         1  4.9   116   258    9770    (-,-) 
  P8/csa_tree_add_33_32_groupi_cdnfadd30/S  -       CI->S  R     ADDFXL         1  1.9    79   349   10119    (-,-) 
  P8/g109/Y                                 -       B->Y   R     MX2XL          1  2.3    77   150   10270    (-,-) 
  P8/result_reg[30]/D                       -       -      R     DFFRHQX1       1    -     -     0   10270    (-,-) 
#-------------------------------------------------------------------------------------------------------------------



Path 21: MET (2652 ps) Setup Check with Pin P7/result_reg[30]/CK->D
          Group: C2C
     Startpoint: (R) weight_reg_reg[6][2]/CK
          Clock: (R) clk
       Endpoint: (R) P7/result_reg[30]/D
          Clock: (R) clk

                     Capture       Launch     
        Clock Edge:+   13330            0     
       Src Latency:+       0            0     
       Net Latency:+       0 (I)        0 (I) 
           Arrival:=   13330            0     
                                              
             Setup:-     109                  
       Uncertainty:-     300                  
     Required Time:=   12921                  
      Launch Clock:-       0                  
         Data Path:-   10270                  
             Slack:=    2652                  

#-------------------------------------------------------------------------------------------------------------------
#               Timing Point                Flags    Arc   Edge   Cell     Fanout Load Trans Delay Arrival Instance 
#                                                                                 (fF)  (ps)  (ps)   (ps)  Location 
#-------------------------------------------------------------------------------------------------------------------
  weight_reg_reg[6][2]/CK                   -       -      R     (arrival)   1910    -   200     0       0    (-,-) 
  weight_reg_reg[6][2]/Q                    -       CK->Q  R     DFFRHQX1      26 49.3   422   650     650    (-,-) 
  P7/csa_tree_add_33_32_groupi_g3965/Y      -       A->Y   F     CLKINVX1      23 45.5   368   344     994    (-,-) 
  P7/csa_tree_add_33_32_groupi_g3910/Y      -       A->Y   R     MXI2XL         2  5.6   242   247    1241    (-,-) 
  P7/csa_tree_add_33_32_groupi_g3891/Y      -       B->Y   F     NAND2X1       18 30.3   426   352    1593    (-,-) 
  P7/csa_tree_add_33_32_groupi_g3858/Y      -       A0->Y  R     AOI21XL        1  3.7   198   215    1808    (-,-) 
  P7/csa_tree_add_33_32_groupi_g3769/Y      -       S0->Y  F     MXI2XL         1  6.2   237   159    1966    (-,-) 
  P7/csa_tree_add_33_32_groupi_cdnfadd/CO   -       B->CO  F     ADDFXL         1  4.9   118   307    2274    (-,-) 
  P7/csa_tree_add_33_32_groupi_cdnfadd1/CO  -       CI->CO F     ADDFXL         1  4.9   118   259    2533    (-,-) 
  P7/csa_tree_add_33_32_groupi_cdnfadd2/CO  -       CI->CO F     ADDFXL         1  4.9   118   259    2791    (-,-) 
  P7/csa_tree_add_33_32_groupi_cdnfadd3/CO  -       CI->CO F     ADDFXL         1  4.9   118   259    3050    (-,-) 
  P7/csa_tree_add_33_32_groupi_cdnfadd4/CO  -       CI->CO F     ADDFXL         1  4.9   118   259    3309    (-,-) 
  P7/csa_tree_add_33_32_groupi_cdnfadd5/CO  -       CI->CO F     ADDFXL         1  4.9   118   259    3568    (-,-) 
  P7/csa_tree_add_33_32_groupi_cdnfadd6/CO  -       CI->CO F     ADDFXL         1  4.9   118   259    3827    (-,-) 
  P7/csa_tree_add_33_32_groupi_cdnfadd7/CO  -       CI->CO F     ADDFXL         1  4.9   116   259    4085    (-,-) 
  P7/csa_tree_add_33_32_groupi_cdnfadd8/CO  -       CI->CO F     ADDFXL         1  4.9   116   258    4344    (-,-) 
  P7/csa_tree_add_33_32_groupi_cdnfadd9/CO  -       CI->CO F     ADDFXL         1  4.9   116   258    4602    (-,-) 
  P7/csa_tree_add_33_32_groupi_cdnfadd10/CO -       CI->CO F     ADDFXL         1  4.9   116   258    4861    (-,-) 
  P7/csa_tree_add_33_32_groupi_cdnfadd11/CO -       CI->CO F     ADDFXL         1  4.9   116   258    5119    (-,-) 
  P7/csa_tree_add_33_32_groupi_cdnfadd12/CO -       CI->CO F     ADDFXL         1  4.9   116   258    5377    (-,-) 
  P7/csa_tree_add_33_32_groupi_cdnfadd13/CO -       CI->CO F     ADDFXL         1  4.9   116   258    5636    (-,-) 
  P7/csa_tree_add_33_32_groupi_cdnfadd14/CO -       CI->CO F     ADDFXL         1  4.9   116   258    5894    (-,-) 
  P7/csa_tree_add_33_32_groupi_cdnfadd15/CO -       CI->CO F     ADDFXL         1  4.9   116   258    6153    (-,-) 
  P7/csa_tree_add_33_32_groupi_cdnfadd16/CO -       CI->CO F     ADDFXL         1  4.9   116   258    6411    (-,-) 
  P7/csa_tree_add_33_32_groupi_cdnfadd17/CO -       CI->CO F     ADDFXL         1  4.9   116   258    6669    (-,-) 
  P7/csa_tree_add_33_32_groupi_cdnfadd18/CO -       CI->CO F     ADDFXL         1  4.9   116   258    6928    (-,-) 
  P7/csa_tree_add_33_32_groupi_cdnfadd19/CO -       CI->CO F     ADDFXL         1  4.9   116   258    7186    (-,-) 
  P7/csa_tree_add_33_32_groupi_cdnfadd20/CO -       CI->CO F     ADDFXL         1  4.9   116   258    7445    (-,-) 
  P7/csa_tree_add_33_32_groupi_cdnfadd21/CO -       CI->CO F     ADDFXL         1  4.9   116   258    7703    (-,-) 
  P7/csa_tree_add_33_32_groupi_cdnfadd22/CO -       CI->CO F     ADDFXL         1  4.9   116   258    7961    (-,-) 
  P7/csa_tree_add_33_32_groupi_cdnfadd23/CO -       CI->CO F     ADDFXL         1  4.9   116   258    8220    (-,-) 
  P7/csa_tree_add_33_32_groupi_cdnfadd24/CO -       CI->CO F     ADDFXL         1  4.9   116   258    8478    (-,-) 
  P7/csa_tree_add_33_32_groupi_cdnfadd25/CO -       CI->CO F     ADDFXL         1  4.9   116   258    8737    (-,-) 
  P7/csa_tree_add_33_32_groupi_cdnfadd26/CO -       CI->CO F     ADDFXL         1  4.9   116   258    8995    (-,-) 
  P7/csa_tree_add_33_32_groupi_cdnfadd27/CO -       CI->CO F     ADDFXL         1  4.9   116   258    9253    (-,-) 
  P7/csa_tree_add_33_32_groupi_cdnfadd28/CO -       CI->CO F     ADDFXL         1  4.9   116   258    9512    (-,-) 
  P7/csa_tree_add_33_32_groupi_cdnfadd29/CO -       CI->CO F     ADDFXL         1  4.9   116   258    9770    (-,-) 
  P7/csa_tree_add_33_32_groupi_cdnfadd30/S  -       CI->S  R     ADDFXL         1  1.9    79   349   10119    (-,-) 
  P7/g109/Y                                 -       B->Y   R     MX2XL          1  2.3    77   150   10270    (-,-) 
  P7/result_reg[30]/D                       -       -      R     DFFRHQX1       1    -     -     0   10270    (-,-) 
#-------------------------------------------------------------------------------------------------------------------



Path 22: MET (2654 ps) Setup Check with Pin P15/result_reg[30]/CK->D
          Group: C2C
     Startpoint: (R) weight_reg_reg[14][2]/CK
          Clock: (R) clk
       Endpoint: (R) P15/result_reg[30]/D
          Clock: (R) clk

                     Capture       Launch     
        Clock Edge:+   13330            0     
       Src Latency:+       0            0     
       Net Latency:+       0 (I)        0 (I) 
           Arrival:=   13330            0     
                                              
             Setup:-     109                  
       Uncertainty:-     300                  
     Required Time:=   12921                  
      Launch Clock:-       0                  
         Data Path:-   10268                  
             Slack:=    2654                  

#--------------------------------------------------------------------------------------------------------------------
#               Timing Point                 Flags    Arc   Edge   Cell     Fanout Load Trans Delay Arrival Instance 
#                                                                                  (fF)  (ps)  (ps)   (ps)  Location 
#--------------------------------------------------------------------------------------------------------------------
  weight_reg_reg[14][2]/CK                   -       -      R     (arrival)   1910    -   200     0       0    (-,-) 
  weight_reg_reg[14][2]/Q                    -       CK->Q  R     DFFRHQX1      26 49.1   420   649     649    (-,-) 
  P15/csa_tree_add_33_32_groupi_g3965/Y      -       A->Y   F     CLKINVX1      23 45.5   367   344     993    (-,-) 
  P15/csa_tree_add_33_32_groupi_g3910/Y      -       A->Y   R     MXI2XL         2  5.6   242   247    1239    (-,-) 
  P15/csa_tree_add_33_32_groupi_g3891/Y      -       B->Y   F     NAND2X1       18 30.3   426   352    1591    (-,-) 
  P15/csa_tree_add_33_32_groupi_g3858/Y      -       A0->Y  R     AOI21XL        1  3.7   198   215    1806    (-,-) 
  P15/csa_tree_add_33_32_groupi_g3769/Y      -       S0->Y  F     MXI2XL         1  6.2   237   159    1965    (-,-) 
  P15/csa_tree_add_33_32_groupi_cdnfadd/CO   -       B->CO  F     ADDFXL         1  4.9   118   307    2272    (-,-) 
  P15/csa_tree_add_33_32_groupi_cdnfadd1/CO  -       CI->CO F     ADDFXL         1  4.9   118   259    2531    (-,-) 
  P15/csa_tree_add_33_32_groupi_cdnfadd2/CO  -       CI->CO F     ADDFXL         1  4.9   118   259    2790    (-,-) 
  P15/csa_tree_add_33_32_groupi_cdnfadd3/CO  -       CI->CO F     ADDFXL         1  4.9   118   259    3048    (-,-) 
  P15/csa_tree_add_33_32_groupi_cdnfadd4/CO  -       CI->CO F     ADDFXL         1  4.9   118   259    3307    (-,-) 
  P15/csa_tree_add_33_32_groupi_cdnfadd5/CO  -       CI->CO F     ADDFXL         1  4.9   118   259    3566    (-,-) 
  P15/csa_tree_add_33_32_groupi_cdnfadd6/CO  -       CI->CO F     ADDFXL         1  4.9   118   259    3825    (-,-) 
  P15/csa_tree_add_33_32_groupi_cdnfadd7/CO  -       CI->CO F     ADDFXL         1  4.9   116   259    4084    (-,-) 
  P15/csa_tree_add_33_32_groupi_cdnfadd8/CO  -       CI->CO F     ADDFXL         1  4.9   116   258    4342    (-,-) 
  P15/csa_tree_add_33_32_groupi_cdnfadd9/CO  -       CI->CO F     ADDFXL         1  4.9   116   258    4600    (-,-) 
  P15/csa_tree_add_33_32_groupi_cdnfadd10/CO -       CI->CO F     ADDFXL         1  4.9   116   258    4859    (-,-) 
  P15/csa_tree_add_33_32_groupi_cdnfadd11/CO -       CI->CO F     ADDFXL         1  4.9   116   258    5117    (-,-) 
  P15/csa_tree_add_33_32_groupi_cdnfadd12/CO -       CI->CO F     ADDFXL         1  4.9   116   258    5376    (-,-) 
  P15/csa_tree_add_33_32_groupi_cdnfadd13/CO -       CI->CO F     ADDFXL         1  4.9   116   258    5634    (-,-) 
  P15/csa_tree_add_33_32_groupi_cdnfadd14/CO -       CI->CO F     ADDFXL         1  4.9   116   258    5892    (-,-) 
  P15/csa_tree_add_33_32_groupi_cdnfadd15/CO -       CI->CO F     ADDFXL         1  4.9   116   258    6151    (-,-) 
  P15/csa_tree_add_33_32_groupi_cdnfadd16/CO -       CI->CO F     ADDFXL         1  4.9   116   258    6409    (-,-) 
  P15/csa_tree_add_33_32_groupi_cdnfadd17/CO -       CI->CO F     ADDFXL         1  4.9   116   258    6668    (-,-) 
  P15/csa_tree_add_33_32_groupi_cdnfadd18/CO -       CI->CO F     ADDFXL         1  4.9   116   258    6926    (-,-) 
  P15/csa_tree_add_33_32_groupi_cdnfadd19/CO -       CI->CO F     ADDFXL         1  4.9   116   258    7184    (-,-) 
  P15/csa_tree_add_33_32_groupi_cdnfadd20/CO -       CI->CO F     ADDFXL         1  4.9   116   258    7443    (-,-) 
  P15/csa_tree_add_33_32_groupi_cdnfadd21/CO -       CI->CO F     ADDFXL         1  4.9   116   258    7701    (-,-) 
  P15/csa_tree_add_33_32_groupi_cdnfadd22/CO -       CI->CO F     ADDFXL         1  4.9   116   258    7960    (-,-) 
  P15/csa_tree_add_33_32_groupi_cdnfadd23/CO -       CI->CO F     ADDFXL         1  4.9   116   258    8218    (-,-) 
  P15/csa_tree_add_33_32_groupi_cdnfadd24/CO -       CI->CO F     ADDFXL         1  4.9   116   258    8476    (-,-) 
  P15/csa_tree_add_33_32_groupi_cdnfadd25/CO -       CI->CO F     ADDFXL         1  4.9   116   258    8735    (-,-) 
  P15/csa_tree_add_33_32_groupi_cdnfadd26/CO -       CI->CO F     ADDFXL         1  4.9   116   258    8993    (-,-) 
  P15/csa_tree_add_33_32_groupi_cdnfadd27/CO -       CI->CO F     ADDFXL         1  4.9   116   258    9252    (-,-) 
  P15/csa_tree_add_33_32_groupi_cdnfadd28/CO -       CI->CO F     ADDFXL         1  4.9   116   258    9510    (-,-) 
  P15/csa_tree_add_33_32_groupi_cdnfadd29/CO -       CI->CO F     ADDFXL         1  4.9   116   258    9768    (-,-) 
  P15/csa_tree_add_33_32_groupi_cdnfadd30/S  -       CI->S  R     ADDFXL         1  1.9    79   349   10117    (-,-) 
  P15/g109/Y                                 -       B->Y   R     MX2XL          1  2.3    77   150   10268    (-,-) 
  P15/result_reg[30]/D                       -       -      R     DFFRHQX2       1    -     -     0   10268    (-,-) 
#--------------------------------------------------------------------------------------------------------------------



Path 23: MET (2654 ps) Setup Check with Pin P6/result_reg[30]/CK->D
          Group: C2C
     Startpoint: (R) weight_reg_reg[5][2]/CK
          Clock: (R) clk
       Endpoint: (R) P6/result_reg[30]/D
          Clock: (R) clk

                     Capture       Launch     
        Clock Edge:+   13330            0     
       Src Latency:+       0            0     
       Net Latency:+       0 (I)        0 (I) 
           Arrival:=   13330            0     
                                              
             Setup:-     109                  
       Uncertainty:-     300                  
     Required Time:=   12921                  
      Launch Clock:-       0                  
         Data Path:-   10268                  
             Slack:=    2654                  

#-------------------------------------------------------------------------------------------------------------------
#               Timing Point                Flags    Arc   Edge   Cell     Fanout Load Trans Delay Arrival Instance 
#                                                                                 (fF)  (ps)  (ps)   (ps)  Location 
#-------------------------------------------------------------------------------------------------------------------
  weight_reg_reg[5][2]/CK                   -       -      R     (arrival)   1910    -   200     0       0    (-,-) 
  weight_reg_reg[5][2]/Q                    -       CK->Q  R     DFFRHQX1      26 49.1   420   649     649    (-,-) 
  P6/csa_tree_add_33_32_groupi_g3965/Y      -       A->Y   F     CLKINVX1      23 45.5   367   344     993    (-,-) 
  P6/csa_tree_add_33_32_groupi_g3910/Y      -       A->Y   R     MXI2XL         2  5.6   242   247    1239    (-,-) 
  P6/csa_tree_add_33_32_groupi_g3891/Y      -       B->Y   F     NAND2X1       18 30.3   426   352    1591    (-,-) 
  P6/csa_tree_add_33_32_groupi_g3858/Y      -       A0->Y  R     AOI21XL        1  3.7   198   215    1806    (-,-) 
  P6/csa_tree_add_33_32_groupi_g3769/Y      -       S0->Y  F     MXI2XL         1  6.2   237   159    1965    (-,-) 
  P6/csa_tree_add_33_32_groupi_cdnfadd/CO   -       B->CO  F     ADDFXL         1  4.9   118   307    2272    (-,-) 
  P6/csa_tree_add_33_32_groupi_cdnfadd1/CO  -       CI->CO F     ADDFXL         1  4.9   118   259    2531    (-,-) 
  P6/csa_tree_add_33_32_groupi_cdnfadd2/CO  -       CI->CO F     ADDFXL         1  4.9   118   259    2790    (-,-) 
  P6/csa_tree_add_33_32_groupi_cdnfadd3/CO  -       CI->CO F     ADDFXL         1  4.9   118   259    3048    (-,-) 
  P6/csa_tree_add_33_32_groupi_cdnfadd4/CO  -       CI->CO F     ADDFXL         1  4.9   118   259    3307    (-,-) 
  P6/csa_tree_add_33_32_groupi_cdnfadd5/CO  -       CI->CO F     ADDFXL         1  4.9   118   259    3566    (-,-) 
  P6/csa_tree_add_33_32_groupi_cdnfadd6/CO  -       CI->CO F     ADDFXL         1  4.9   118   259    3825    (-,-) 
  P6/csa_tree_add_33_32_groupi_cdnfadd7/CO  -       CI->CO F     ADDFXL         1  4.9   116   259    4084    (-,-) 
  P6/csa_tree_add_33_32_groupi_cdnfadd8/CO  -       CI->CO F     ADDFXL         1  4.9   116   258    4342    (-,-) 
  P6/csa_tree_add_33_32_groupi_cdnfadd9/CO  -       CI->CO F     ADDFXL         1  4.9   116   258    4600    (-,-) 
  P6/csa_tree_add_33_32_groupi_cdnfadd10/CO -       CI->CO F     ADDFXL         1  4.9   116   258    4859    (-,-) 
  P6/csa_tree_add_33_32_groupi_cdnfadd11/CO -       CI->CO F     ADDFXL         1  4.9   116   258    5117    (-,-) 
  P6/csa_tree_add_33_32_groupi_cdnfadd12/CO -       CI->CO F     ADDFXL         1  4.9   116   258    5376    (-,-) 
  P6/csa_tree_add_33_32_groupi_cdnfadd13/CO -       CI->CO F     ADDFXL         1  4.9   116   258    5634    (-,-) 
  P6/csa_tree_add_33_32_groupi_cdnfadd14/CO -       CI->CO F     ADDFXL         1  4.9   116   258    5892    (-,-) 
  P6/csa_tree_add_33_32_groupi_cdnfadd15/CO -       CI->CO F     ADDFXL         1  4.9   116   258    6151    (-,-) 
  P6/csa_tree_add_33_32_groupi_cdnfadd16/CO -       CI->CO F     ADDFXL         1  4.9   116   258    6409    (-,-) 
  P6/csa_tree_add_33_32_groupi_cdnfadd17/CO -       CI->CO F     ADDFXL         1  4.9   116   258    6668    (-,-) 
  P6/csa_tree_add_33_32_groupi_cdnfadd18/CO -       CI->CO F     ADDFXL         1  4.9   116   258    6926    (-,-) 
  P6/csa_tree_add_33_32_groupi_cdnfadd19/CO -       CI->CO F     ADDFXL         1  4.9   116   258    7184    (-,-) 
  P6/csa_tree_add_33_32_groupi_cdnfadd20/CO -       CI->CO F     ADDFXL         1  4.9   116   258    7443    (-,-) 
  P6/csa_tree_add_33_32_groupi_cdnfadd21/CO -       CI->CO F     ADDFXL         1  4.9   116   258    7701    (-,-) 
  P6/csa_tree_add_33_32_groupi_cdnfadd22/CO -       CI->CO F     ADDFXL         1  4.9   116   258    7960    (-,-) 
  P6/csa_tree_add_33_32_groupi_cdnfadd23/CO -       CI->CO F     ADDFXL         1  4.9   116   258    8218    (-,-) 
  P6/csa_tree_add_33_32_groupi_cdnfadd24/CO -       CI->CO F     ADDFXL         1  4.9   116   258    8476    (-,-) 
  P6/csa_tree_add_33_32_groupi_cdnfadd25/CO -       CI->CO F     ADDFXL         1  4.9   116   258    8735    (-,-) 
  P6/csa_tree_add_33_32_groupi_cdnfadd26/CO -       CI->CO F     ADDFXL         1  4.9   116   258    8993    (-,-) 
  P6/csa_tree_add_33_32_groupi_cdnfadd27/CO -       CI->CO F     ADDFXL         1  4.9   116   258    9252    (-,-) 
  P6/csa_tree_add_33_32_groupi_cdnfadd28/CO -       CI->CO F     ADDFXL         1  4.9   116   258    9510    (-,-) 
  P6/csa_tree_add_33_32_groupi_cdnfadd29/CO -       CI->CO F     ADDFXL         1  4.9   116   258    9768    (-,-) 
  P6/csa_tree_add_33_32_groupi_cdnfadd30/S  -       CI->S  R     ADDFXL         1  1.9    79   349   10117    (-,-) 
  P6/g109/Y                                 -       B->Y   R     MX2XL          1  2.3    77   150   10268    (-,-) 
  P6/result_reg[30]/D                       -       -      R     DFFRHQX1       1    -     -     0   10268    (-,-) 
#-------------------------------------------------------------------------------------------------------------------



Path 24: MET (2654 ps) Setup Check with Pin P5/result_reg[30]/CK->D
          Group: C2C
     Startpoint: (R) weight_reg_reg[4][2]/CK
          Clock: (R) clk
       Endpoint: (R) P5/result_reg[30]/D
          Clock: (R) clk

                     Capture       Launch     
        Clock Edge:+   13330            0     
       Src Latency:+       0            0     
       Net Latency:+       0 (I)        0 (I) 
           Arrival:=   13330            0     
                                              
             Setup:-     109                  
       Uncertainty:-     300                  
     Required Time:=   12921                  
      Launch Clock:-       0                  
         Data Path:-   10268                  
             Slack:=    2654                  

#-------------------------------------------------------------------------------------------------------------------
#               Timing Point                Flags    Arc   Edge   Cell     Fanout Load Trans Delay Arrival Instance 
#                                                                                 (fF)  (ps)  (ps)   (ps)  Location 
#-------------------------------------------------------------------------------------------------------------------
  weight_reg_reg[4][2]/CK                   -       -      R     (arrival)   1910    -   200     0       0    (-,-) 
  weight_reg_reg[4][2]/Q                    -       CK->Q  R     DFFRHQX1      26 49.1   420   649     649    (-,-) 
  P5/csa_tree_add_33_32_groupi_g3965/Y      -       A->Y   F     CLKINVX1      23 45.5   367   344     993    (-,-) 
  P5/csa_tree_add_33_32_groupi_g3910/Y      -       A->Y   R     MXI2XL         2  5.6   242   247    1239    (-,-) 
  P5/csa_tree_add_33_32_groupi_g3891/Y      -       B->Y   F     NAND2X1       18 30.3   426   352    1591    (-,-) 
  P5/csa_tree_add_33_32_groupi_g3858/Y      -       A0->Y  R     AOI21XL        1  3.7   198   215    1806    (-,-) 
  P5/csa_tree_add_33_32_groupi_g3769/Y      -       S0->Y  F     MXI2XL         1  6.2   237   159    1965    (-,-) 
  P5/csa_tree_add_33_32_groupi_cdnfadd/CO   -       B->CO  F     ADDFXL         1  4.9   118   307    2272    (-,-) 
  P5/csa_tree_add_33_32_groupi_cdnfadd1/CO  -       CI->CO F     ADDFXL         1  4.9   118   259    2531    (-,-) 
  P5/csa_tree_add_33_32_groupi_cdnfadd2/CO  -       CI->CO F     ADDFXL         1  4.9   118   259    2790    (-,-) 
  P5/csa_tree_add_33_32_groupi_cdnfadd3/CO  -       CI->CO F     ADDFXL         1  4.9   118   259    3048    (-,-) 
  P5/csa_tree_add_33_32_groupi_cdnfadd4/CO  -       CI->CO F     ADDFXL         1  4.9   118   259    3307    (-,-) 
  P5/csa_tree_add_33_32_groupi_cdnfadd5/CO  -       CI->CO F     ADDFXL         1  4.9   118   259    3566    (-,-) 
  P5/csa_tree_add_33_32_groupi_cdnfadd6/CO  -       CI->CO F     ADDFXL         1  4.9   118   259    3825    (-,-) 
  P5/csa_tree_add_33_32_groupi_cdnfadd7/CO  -       CI->CO F     ADDFXL         1  4.9   116   259    4084    (-,-) 
  P5/csa_tree_add_33_32_groupi_cdnfadd8/CO  -       CI->CO F     ADDFXL         1  4.9   116   258    4342    (-,-) 
  P5/csa_tree_add_33_32_groupi_cdnfadd9/CO  -       CI->CO F     ADDFXL         1  4.9   116   258    4600    (-,-) 
  P5/csa_tree_add_33_32_groupi_cdnfadd10/CO -       CI->CO F     ADDFXL         1  4.9   116   258    4859    (-,-) 
  P5/csa_tree_add_33_32_groupi_cdnfadd11/CO -       CI->CO F     ADDFXL         1  4.9   116   258    5117    (-,-) 
  P5/csa_tree_add_33_32_groupi_cdnfadd12/CO -       CI->CO F     ADDFXL         1  4.9   116   258    5376    (-,-) 
  P5/csa_tree_add_33_32_groupi_cdnfadd13/CO -       CI->CO F     ADDFXL         1  4.9   116   258    5634    (-,-) 
  P5/csa_tree_add_33_32_groupi_cdnfadd14/CO -       CI->CO F     ADDFXL         1  4.9   116   258    5892    (-,-) 
  P5/csa_tree_add_33_32_groupi_cdnfadd15/CO -       CI->CO F     ADDFXL         1  4.9   116   258    6151    (-,-) 
  P5/csa_tree_add_33_32_groupi_cdnfadd16/CO -       CI->CO F     ADDFXL         1  4.9   116   258    6409    (-,-) 
  P5/csa_tree_add_33_32_groupi_cdnfadd17/CO -       CI->CO F     ADDFXL         1  4.9   116   258    6668    (-,-) 
  P5/csa_tree_add_33_32_groupi_cdnfadd18/CO -       CI->CO F     ADDFXL         1  4.9   116   258    6926    (-,-) 
  P5/csa_tree_add_33_32_groupi_cdnfadd19/CO -       CI->CO F     ADDFXL         1  4.9   116   258    7184    (-,-) 
  P5/csa_tree_add_33_32_groupi_cdnfadd20/CO -       CI->CO F     ADDFXL         1  4.9   116   258    7443    (-,-) 
  P5/csa_tree_add_33_32_groupi_cdnfadd21/CO -       CI->CO F     ADDFXL         1  4.9   116   258    7701    (-,-) 
  P5/csa_tree_add_33_32_groupi_cdnfadd22/CO -       CI->CO F     ADDFXL         1  4.9   116   258    7960    (-,-) 
  P5/csa_tree_add_33_32_groupi_cdnfadd23/CO -       CI->CO F     ADDFXL         1  4.9   116   258    8218    (-,-) 
  P5/csa_tree_add_33_32_groupi_cdnfadd24/CO -       CI->CO F     ADDFXL         1  4.9   116   258    8476    (-,-) 
  P5/csa_tree_add_33_32_groupi_cdnfadd25/CO -       CI->CO F     ADDFXL         1  4.9   116   258    8735    (-,-) 
  P5/csa_tree_add_33_32_groupi_cdnfadd26/CO -       CI->CO F     ADDFXL         1  4.9   116   258    8993    (-,-) 
  P5/csa_tree_add_33_32_groupi_cdnfadd27/CO -       CI->CO F     ADDFXL         1  4.9   116   258    9252    (-,-) 
  P5/csa_tree_add_33_32_groupi_cdnfadd28/CO -       CI->CO F     ADDFXL         1  4.9   116   258    9510    (-,-) 
  P5/csa_tree_add_33_32_groupi_cdnfadd29/CO -       CI->CO F     ADDFXL         1  4.9   116   258    9768    (-,-) 
  P5/csa_tree_add_33_32_groupi_cdnfadd30/S  -       CI->S  R     ADDFXL         1  1.9    79   349   10117    (-,-) 
  P5/g109/Y                                 -       B->Y   R     MX2XL          1  2.3    77   150   10268    (-,-) 
  P5/result_reg[30]/D                       -       -      R     DFFRHQX1       1    -     -     0   10268    (-,-) 
#-------------------------------------------------------------------------------------------------------------------



Path 25: MET (2756 ps) Setup Check with Pin P4/result_reg[31]/CK->D
          Group: C2C
     Startpoint: (R) P3/outp_east_reg[1]/CK
          Clock: (R) clk
       Endpoint: (R) P4/result_reg[31]/D
          Clock: (R) clk

                     Capture       Launch     
        Clock Edge:+   13330            0     
       Src Latency:+       0            0     
       Net Latency:+       0 (I)        0 (I) 
           Arrival:=   13330            0     
                                              
             Setup:-     109                  
       Uncertainty:-     300                  
     Required Time:=   12921                  
      Launch Clock:-       0                  
         Data Path:-   10166                  
             Slack:=    2756                  

#------------------------------------------------------------------------------------------------------
#        Timing Point          Flags    Arc   Edge   Cell     Fanout Load Trans Delay Arrival Instance 
#                                                                    (fF)  (ps)  (ps)   (ps)  Location 
#------------------------------------------------------------------------------------------------------
  P3/outp_east_reg[1]/CK       -       -      R     (arrival)   1910    -   200     0       0    (-,-) 
  P3/outp_east_reg[1]/Q        (P)     CK->Q  F     DFFRHQX1       7 16.2   129   454     454    (-,-) 
  P4/mul_23_62_g4140/Y         -       A->Y   R     INVXL         16 26.3   403   324     779    (-,-) 
  P4/mul_23_62_g4136/Y         -       B->Y   F     NOR2XL         2  6.5   180   142     920    (-,-) 
  P4/mul_23_62_g3983/CO        -       CI->CO F     ADDFXL         1  4.9   117   277    1197    (-,-) 
  P4/mul_23_62_g3952/CO        -       CI->CO F     ADDFXL         1  4.9   117   258    1456    (-,-) 
  P4/mul_23_62_g3925/CO        -       CI->CO F     ADDFXL         1  4.9   116   259    1714    (-,-) 
  P4/mul_23_62_g3898/CO        -       CI->CO F     ADDFXL         1  4.9   116   258    1972    (-,-) 
  P4/mul_23_62_g3886/CO        -       CI->CO F     ADDFXL         1  4.9   116   258    2231    (-,-) 
  P4/mul_23_62_g3874/CO        -       CI->CO F     ADDFXL         1  4.9   116   258    2489    (-,-) 
  P4/mul_23_62_g3862/CO        -       CI->CO F     ADDFXL         1  4.9   116   258    2748    (-,-) 
  P4/mul_23_62_g3850/CO        -       CI->CO F     ADDFXL         1  4.9   116   258    3006    (-,-) 
  P4/mul_23_62_g3837/CO        -       CI->CO F     ADDFXL         1  4.9   116   258    3264    (-,-) 
  P4/mul_23_62_g3824/CO        -       CI->CO F     ADDFXL         1  4.9   116   258    3523    (-,-) 
  P4/mul_23_62_g3811/CO        -       CI->CO F     ADDFXL         1  4.9   116   258    3781    (-,-) 
  P4/mul_23_62_g3797/CO        -       CI->CO F     ADDFXL         1  4.9   117   258    4040    (-,-) 
  P4/mul_23_62_g3783/S         -       CI->S  R     ADDFXL         5  8.0   165   420    4459    (-,-) 
  P4/mul_23_62_g3782/Y         -       A->Y   F     INVXL          1  1.6    64    52    4511    (-,-) 
  P4/mul_23_62_g3778/Y         -       A0->Y  R     OAI21XL        1  3.7   224   144    4655    (-,-) 
  P4/mul_23_62_g3764/Y         -       S0->Y  R     MXI2XL         1  4.9   220   220    4875    (-,-) 
  P4/mul_23_62_cdnfadd_014_2/S -       CI->S  F     ADDFXL         1  6.2   130   381    5256    (-,-) 
  P4/mul_23_62_cdnfadd14/CO    -       B->CO  F     ADDFXL         1  4.9   116   276    5532    (-,-) 
  P4/mul_23_62_cdnfadd15/CO    -       CI->CO F     ADDFXL         1  4.9   116   258    5790    (-,-) 
  P4/mul_23_62_cdnfadd16/CO    -       CI->CO F     ADDFXL         1  4.9   116   258    6049    (-,-) 
  P4/mul_23_62_cdnfadd17/CO    -       CI->CO F     ADDFXL         1  4.9   116   258    6307    (-,-) 
  P4/mul_23_62_cdnfadd18/CO    -       CI->CO F     ADDFXL         1  4.9   116   258    6566    (-,-) 
  P4/mul_23_62_cdnfadd19/CO    -       CI->CO F     ADDFXL         1  4.9   116   258    6824    (-,-) 
  P4/mul_23_62_cdnfadd20/CO    -       CI->CO F     ADDFXL         1  4.9   116   258    7082    (-,-) 
  P4/mul_23_62_cdnfadd21/CO    -       CI->CO F     ADDFXL         1  4.9   116   258    7341    (-,-) 
  P4/mul_23_62_cdnfadd22/CO    -       CI->CO F     ADDFXL         1  4.9   116   258    7599    (-,-) 
  P4/mul_23_62_cdnfadd23/CO    -       CI->CO F     ADDFXL         1  4.9   116   258    7858    (-,-) 
  P4/mul_23_62_cdnfadd24/CO    -       CI->CO F     ADDFXL         1  4.9   116   258    8116    (-,-) 
  P4/mul_23_62_cdnfadd25/CO    -       CI->CO F     ADDFXL         1  4.9   116   258    8374    (-,-) 
  P4/mul_23_62_cdnfadd26/CO    -       CI->CO F     ADDFXL         1  4.9   116   258    8633    (-,-) 
  P4/mul_23_62_cdnfadd27/CO    -       CI->CO F     ADDFXL         1  4.9   116   258    8891    (-,-) 
  P4/mul_23_62_cdnfadd28/CO    -       CI->CO F     ADDFXL         1  4.9   116   258    9150    (-,-) 
  P4/mul_23_62_cdnfadd29/CO    -       CI->CO F     ADDFXL         1  4.9   116   258    9408    (-,-) 
  P4/mul_23_62_cdnfadd30/CO    -       CI->CO F     ADDFXL         1  4.9   116   258    9666    (-,-) 
  P4/mul_23_62_cdnfadd31/S     -       CI->S  R     ADDFXL         1  1.9    79   349   10015    (-,-) 
  P4/g106/Y                    -       B->Y   R     MX2XL          1  2.3    77   150   10166    (-,-) 
  P4/result_reg[31]/D          -       -      R     DFFRHQX1       1    -     -     0   10166    (-,-) 
#------------------------------------------------------------------------------------------------------

(P) : Instance is preserved



Path 26: MET (2756 ps) Setup Check with Pin P3/result_reg[31]/CK->D
          Group: C2C
     Startpoint: (R) P2/outp_east_reg[1]/CK
          Clock: (R) clk
       Endpoint: (R) P3/result_reg[31]/D
          Clock: (R) clk

                     Capture       Launch     
        Clock Edge:+   13330            0     
       Src Latency:+       0            0     
       Net Latency:+       0 (I)        0 (I) 
           Arrival:=   13330            0     
                                              
             Setup:-     109                  
       Uncertainty:-     300                  
     Required Time:=   12921                  
      Launch Clock:-       0                  
         Data Path:-   10166                  
             Slack:=    2756                  

#------------------------------------------------------------------------------------------------------
#        Timing Point          Flags    Arc   Edge   Cell     Fanout Load Trans Delay Arrival Instance 
#                                                                    (fF)  (ps)  (ps)   (ps)  Location 
#------------------------------------------------------------------------------------------------------
  P2/outp_east_reg[1]/CK       -       -      R     (arrival)   1910    -   200     0       0    (-,-) 
  P2/outp_east_reg[1]/Q        (P)     CK->Q  F     DFFRHQX1       7 16.2   129   454     454    (-,-) 
  P3/mul_23_62_g4140/Y         -       A->Y   R     INVXL         16 26.3   403   324     779    (-,-) 
  P3/mul_23_62_g4136/Y         -       B->Y   F     NOR2XL         2  6.5   180   142     920    (-,-) 
  P3/mul_23_62_g3983/CO        -       CI->CO F     ADDFXL         1  4.9   117   277    1197    (-,-) 
  P3/mul_23_62_g3952/CO        -       CI->CO F     ADDFXL         1  4.9   117   258    1456    (-,-) 
  P3/mul_23_62_g3925/CO        -       CI->CO F     ADDFXL         1  4.9   116   259    1714    (-,-) 
  P3/mul_23_62_g3898/CO        -       CI->CO F     ADDFXL         1  4.9   116   258    1972    (-,-) 
  P3/mul_23_62_g3886/CO        -       CI->CO F     ADDFXL         1  4.9   116   258    2231    (-,-) 
  P3/mul_23_62_g3874/CO        -       CI->CO F     ADDFXL         1  4.9   116   258    2489    (-,-) 
  P3/mul_23_62_g3862/CO        -       CI->CO F     ADDFXL         1  4.9   116   258    2748    (-,-) 
  P3/mul_23_62_g3850/CO        -       CI->CO F     ADDFXL         1  4.9   116   258    3006    (-,-) 
  P3/mul_23_62_g3837/CO        -       CI->CO F     ADDFXL         1  4.9   116   258    3264    (-,-) 
  P3/mul_23_62_g3824/CO        -       CI->CO F     ADDFXL         1  4.9   116   258    3523    (-,-) 
  P3/mul_23_62_g3811/CO        -       CI->CO F     ADDFXL         1  4.9   116   258    3781    (-,-) 
  P3/mul_23_62_g3797/CO        -       CI->CO F     ADDFXL         1  4.9   117   258    4040    (-,-) 
  P3/mul_23_62_g3783/S         -       CI->S  R     ADDFXL         5  8.0   165   420    4459    (-,-) 
  P3/mul_23_62_g3782/Y         -       A->Y   F     INVXL          1  1.6    64    52    4511    (-,-) 
  P3/mul_23_62_g3778/Y         -       A0->Y  R     OAI21XL        1  3.7   224   144    4655    (-,-) 
  P3/mul_23_62_g3764/Y         -       S0->Y  R     MXI2XL         1  4.9   220   220    4875    (-,-) 
  P3/mul_23_62_cdnfadd_014_2/S -       CI->S  F     ADDFXL         1  6.2   130   381    5256    (-,-) 
  P3/mul_23_62_cdnfadd14/CO    -       B->CO  F     ADDFXL         1  4.9   116   276    5532    (-,-) 
  P3/mul_23_62_cdnfadd15/CO    -       CI->CO F     ADDFXL         1  4.9   116   258    5790    (-,-) 
  P3/mul_23_62_cdnfadd16/CO    -       CI->CO F     ADDFXL         1  4.9   116   258    6049    (-,-) 
  P3/mul_23_62_cdnfadd17/CO    -       CI->CO F     ADDFXL         1  4.9   116   258    6307    (-,-) 
  P3/mul_23_62_cdnfadd18/CO    -       CI->CO F     ADDFXL         1  4.9   116   258    6566    (-,-) 
  P3/mul_23_62_cdnfadd19/CO    -       CI->CO F     ADDFXL         1  4.9   116   258    6824    (-,-) 
  P3/mul_23_62_cdnfadd20/CO    -       CI->CO F     ADDFXL         1  4.9   116   258    7082    (-,-) 
  P3/mul_23_62_cdnfadd21/CO    -       CI->CO F     ADDFXL         1  4.9   116   258    7341    (-,-) 
  P3/mul_23_62_cdnfadd22/CO    -       CI->CO F     ADDFXL         1  4.9   116   258    7599    (-,-) 
  P3/mul_23_62_cdnfadd23/CO    -       CI->CO F     ADDFXL         1  4.9   116   258    7858    (-,-) 
  P3/mul_23_62_cdnfadd24/CO    -       CI->CO F     ADDFXL         1  4.9   116   258    8116    (-,-) 
  P3/mul_23_62_cdnfadd25/CO    -       CI->CO F     ADDFXL         1  4.9   116   258    8374    (-,-) 
  P3/mul_23_62_cdnfadd26/CO    -       CI->CO F     ADDFXL         1  4.9   116   258    8633    (-,-) 
  P3/mul_23_62_cdnfadd27/CO    -       CI->CO F     ADDFXL         1  4.9   116   258    8891    (-,-) 
  P3/mul_23_62_cdnfadd28/CO    -       CI->CO F     ADDFXL         1  4.9   116   258    9150    (-,-) 
  P3/mul_23_62_cdnfadd29/CO    -       CI->CO F     ADDFXL         1  4.9   116   258    9408    (-,-) 
  P3/mul_23_62_cdnfadd30/CO    -       CI->CO F     ADDFXL         1  4.9   116   258    9666    (-,-) 
  P3/mul_23_62_cdnfadd31/S     -       CI->S  R     ADDFXL         1  1.9    79   349   10015    (-,-) 
  P3/g106/Y                    -       B->Y   R     MX2XL          1  2.3    77   150   10166    (-,-) 
  P3/result_reg[31]/D          -       -      R     DFFRHQX1       1    -     -     0   10166    (-,-) 
#------------------------------------------------------------------------------------------------------

(P) : Instance is preserved



Path 27: MET (2756 ps) Setup Check with Pin P2/result_reg[31]/CK->D
          Group: C2C
     Startpoint: (R) P1/outp_east_reg[1]/CK
          Clock: (R) clk
       Endpoint: (R) P2/result_reg[31]/D
          Clock: (R) clk

                     Capture       Launch     
        Clock Edge:+   13330            0     
       Src Latency:+       0            0     
       Net Latency:+       0 (I)        0 (I) 
           Arrival:=   13330            0     
                                              
             Setup:-     109                  
       Uncertainty:-     300                  
     Required Time:=   12921                  
      Launch Clock:-       0                  
         Data Path:-   10166                  
             Slack:=    2756                  

#------------------------------------------------------------------------------------------------------------
#           Timing Point             Flags    Arc   Edge   Cell     Fanout Load Trans Delay Arrival Instance 
#                                                                          (fF)  (ps)  (ps)   (ps)  Location 
#------------------------------------------------------------------------------------------------------------
  P1/outp_east_reg[1]/CK             -       -      R     (arrival)   1910    -   200     0       0    (-,-) 
  P1/outp_east_reg[1]/Q              (P)     CK->Q  F     DFFRHQX1       7 16.2   129   454     454    (-,-) 
  P2/mul_23_62_g4140/Y               -       A->Y   R     INVXL         16 26.3   403   324     779    (-,-) 
  P2/mul_23_62_g4136/Y               -       B->Y   F     NOR2XL         2  6.5   180   142     920    (-,-) 
  P2/mul_23_62_g3983/CO              -       CI->CO F     ADDFXL         1  4.9   117   277    1197    (-,-) 
  P2/mul_23_62_g3952/CO              -       CI->CO F     ADDFXL         1  4.9   117   258    1456    (-,-) 
  P2/mul_23_62_g3925/CO              -       CI->CO F     ADDFXL         1  4.9   116   259    1714    (-,-) 
  P2/mul_23_62_g3898/CO              -       CI->CO F     ADDFXL         1  4.9   116   258    1972    (-,-) 
  P2/mul_23_62_g3886/CO              -       CI->CO F     ADDFXL         1  4.9   116   258    2231    (-,-) 
  P2/mul_23_62_g3874/CO              -       CI->CO F     ADDFXL         1  4.9   116   258    2489    (-,-) 
  P2/mul_23_62_g3862/CO              -       CI->CO F     ADDFXL         1  4.9   116   258    2748    (-,-) 
  P2/mul_23_62_g3850__6131/CO        -       CI->CO F     ADDFXL         1  4.9   116   258    3006    (-,-) 
  P2/mul_23_62_g3837__6260/CO        -       CI->CO F     ADDFXL         1  4.9   116   258    3264    (-,-) 
  P2/mul_23_62_g3824__4733/CO        -       CI->CO F     ADDFXL         1  4.9   116   258    3523    (-,-) 
  P2/mul_23_62_g3811__6783/CO        -       CI->CO F     ADDFXL         1  4.9   116   258    3781    (-,-) 
  P2/mul_23_62_g3797__9945/CO        -       CI->CO F     ADDFXL         1  4.9   117   258    4040    (-,-) 
  P2/mul_23_62_g3783__1617/S         -       CI->S  R     ADDFXL         5  8.0   165   420    4459    (-,-) 
  P2/mul_23_62_g3782/Y               -       A->Y   F     INVXL          1  1.6    64    52    4511    (-,-) 
  P2/mul_23_62_g3778__8428/Y         -       A0->Y  R     OAI21XL        1  3.7   224   144    4655    (-,-) 
  P2/mul_23_62_g3764__6161/Y         -       S0->Y  R     MXI2XL         1  4.9   220   220    4875    (-,-) 
  P2/mul_23_62_cdnfadd_014_2__9315/S -       CI->S  F     ADDFXL         1  6.2   130   381    5256    (-,-) 
  P2/mul_23_62_cdnfadd14__7098/CO    -       B->CO  F     ADDFXL         1  4.9   116   276    5532    (-,-) 
  P2/mul_23_62_cdnfadd15__6131/CO    -       CI->CO F     ADDFXL         1  4.9   116   258    5790    (-,-) 
  P2/mul_23_62_cdnfadd16__1881/CO    -       CI->CO F     ADDFXL         1  4.9   116   258    6049    (-,-) 
  P2/mul_23_62_cdnfadd17__5115/CO    -       CI->CO F     ADDFXL         1  4.9   116   258    6307    (-,-) 
  P2/mul_23_62_cdnfadd18__7482/CO    -       CI->CO F     ADDFXL         1  4.9   116   258    6566    (-,-) 
  P2/mul_23_62_cdnfadd19__4733/CO    -       CI->CO F     ADDFXL         1  4.9   116   258    6824    (-,-) 
  P2/mul_23_62_cdnfadd20__6161/CO    -       CI->CO F     ADDFXL         1  4.9   116   258    7082    (-,-) 
  P2/mul_23_62_cdnfadd21__9315/CO    -       CI->CO F     ADDFXL         1  4.9   116   258    7341    (-,-) 
  P2/mul_23_62_cdnfadd22__9945/CO    -       CI->CO F     ADDFXL         1  4.9   116   258    7599    (-,-) 
  P2/mul_23_62_cdnfadd23__2883/CO    -       CI->CO F     ADDFXL         1  4.9   116   258    7858    (-,-) 
  P2/mul_23_62_cdnfadd24__2346/CO    -       CI->CO F     ADDFXL         1  4.9   116   258    8116    (-,-) 
  P2/mul_23_62_cdnfadd25__1666/CO    -       CI->CO F     ADDFXL         1  4.9   116   258    8374    (-,-) 
  P2/mul_23_62_cdnfadd26__7410/CO    -       CI->CO F     ADDFXL         1  4.9   116   258    8633    (-,-) 
  P2/mul_23_62_cdnfadd27__6417/CO    -       CI->CO F     ADDFXL         1  4.9   116   258    8891    (-,-) 
  P2/mul_23_62_cdnfadd28__5477/CO    -       CI->CO F     ADDFXL         1  4.9   116   258    9150    (-,-) 
  P2/mul_23_62_cdnfadd29__2398/CO    -       CI->CO F     ADDFXL         1  4.9   116   258    9408    (-,-) 
  P2/mul_23_62_cdnfadd30__5107/CO    -       CI->CO F     ADDFXL         1  4.9   116   258    9666    (-,-) 
  P2/mul_23_62_cdnfadd31__6260/S     -       CI->S  R     ADDFXL         1  1.9    79   349   10015    (-,-) 
  P2/g106__1705/Y                    -       B->Y   R     MX2XL          1  2.3    77   150   10166    (-,-) 
  P2/result_reg[31]/D                -       -      R     DFFRHQX1       1    -     -     0   10166    (-,-) 
#------------------------------------------------------------------------------------------------------------

(P) : Instance is preserved



Path 28: MET (2756 ps) Setup Check with Pin P1/result_reg[31]/CK->D
          Group: C2C
     Startpoint: (R) inP1_reg[1]/CK
          Clock: (R) clk
       Endpoint: (R) P1/result_reg[31]/D
          Clock: (R) clk

                     Capture       Launch     
        Clock Edge:+   13330            0     
       Src Latency:+       0            0     
       Net Latency:+       0 (I)        0 (I) 
           Arrival:=   13330            0     
                                              
             Setup:-     109                  
       Uncertainty:-     300                  
     Required Time:=   12921                  
      Launch Clock:-       0                  
         Data Path:-   10166                  
             Slack:=    2756                  

#------------------------------------------------------------------------------------------------------------
#           Timing Point             Flags    Arc   Edge   Cell     Fanout Load Trans Delay Arrival Instance 
#                                                                          (fF)  (ps)  (ps)   (ps)  Location 
#------------------------------------------------------------------------------------------------------------
  inP1_reg[1]/CK                     -       -      R     (arrival)   1910    -   200     0       0    (-,-) 
  inP1_reg[1]/Q                      -       CK->Q  F     DFFRHQX1       7 16.2   129   454     454    (-,-) 
  P1/mul_23_62_g4140/Y               -       A->Y   R     INVXL         16 26.3   403   324     779    (-,-) 
  P1/mul_23_62_g4136__5107/Y         -       B->Y   F     NOR2XL         2  6.5   180   142     920    (-,-) 
  P1/mul_23_62_g3983__4733/CO        -       CI->CO F     ADDFXL         1  4.9   117   277    1197    (-,-) 
  P1/mul_23_62_g3952__5115/CO        -       CI->CO F     ADDFXL         1  4.9   117   258    1456    (-,-) 
  P1/mul_23_62_g3925__4733/CO        -       CI->CO F     ADDFXL         1  4.9   116   259    1714    (-,-) 
  P1/mul_23_62_g3898__9315/CO        -       CI->CO F     ADDFXL         1  4.9   116   258    1972    (-,-) 
  P1/mul_23_62_g3886__2802/CO        -       CI->CO F     ADDFXL         1  4.9   116   258    2231    (-,-) 
  P1/mul_23_62_g3874__6417/CO        -       CI->CO F     ADDFXL         1  4.9   116   258    2489    (-,-) 
  P1/mul_23_62_g3862__1881/CO        -       CI->CO F     ADDFXL         1  4.9   116   258    2748    (-,-) 
  P1/mul_23_62_g3850__8428/CO        -       CI->CO F     ADDFXL         1  4.9   116   258    3006    (-,-) 
  P1/mul_23_62_g3837__9315/CO        -       CI->CO F     ADDFXL         1  4.9   116   258    3264    (-,-) 
  P1/mul_23_62_g3824__1617/CO        -       CI->CO F     ADDFXL         1  4.9   116   258    3523    (-,-) 
  P1/mul_23_62_g3811__1666/CO        -       CI->CO F     ADDFXL         1  4.9   116   258    3781    (-,-) 
  P1/mul_23_62_g3797__5122/CO        -       CI->CO F     ADDFXL         1  4.9   117   258    4040    (-,-) 
  P1/mul_23_62_g3783__6417/S         -       CI->S  R     ADDFXL         5  8.0   165   420    4459    (-,-) 
  P1/mul_23_62_g3782/Y               -       A->Y   F     INVXL          1  1.6    64    52    4511    (-,-) 
  P1/mul_23_62_g3778__2883/Y         -       A0->Y  R     OAI21XL        1  3.7   224   144    4655    (-,-) 
  P1/mul_23_62_g3764__2802/Y         -       S0->Y  R     MXI2XL         1  4.9   220   220    4875    (-,-) 
  P1/mul_23_62_cdnfadd_014_2__1705/S -       CI->S  F     ADDFXL         1  6.2   130   381    5256    (-,-) 
  P1/mul_23_62_cdnfadd14__4319/CO    -       B->CO  F     ADDFXL         1  4.9   116   276    5532    (-,-) 
  P1/mul_23_62_cdnfadd15__8428/CO    -       CI->CO F     ADDFXL         1  4.9   116   258    5790    (-,-) 
  P1/mul_23_62_cdnfadd16__5526/CO    -       CI->CO F     ADDFXL         1  4.9   116   258    6049    (-,-) 
  P1/mul_23_62_cdnfadd17__6783/CO    -       CI->CO F     ADDFXL         1  4.9   116   258    6307    (-,-) 
  P1/mul_23_62_cdnfadd18__3680/CO    -       CI->CO F     ADDFXL         1  4.9   116   258    6566    (-,-) 
  P1/mul_23_62_cdnfadd19__1617/CO    -       CI->CO F     ADDFXL         1  4.9   116   258    6824    (-,-) 
  P1/mul_23_62_cdnfadd20__2802/CO    -       CI->CO F     ADDFXL         1  4.9   116   258    7082    (-,-) 
  P1/mul_23_62_cdnfadd21__1705/CO    -       CI->CO F     ADDFXL         1  4.9   116   258    7341    (-,-) 
  P1/mul_23_62_cdnfadd22__5122/CO    -       CI->CO F     ADDFXL         1  4.9   116   258    7599    (-,-) 
  P1/mul_23_62_cdnfadd23__8246/CO    -       CI->CO F     ADDFXL         1  4.9   116   258    7858    (-,-) 
  P1/mul_23_62_cdnfadd24__7098/CO    -       CI->CO F     ADDFXL         1  4.9   116   258    8116    (-,-) 
  P1/mul_23_62_cdnfadd25__6131/CO    -       CI->CO F     ADDFXL         1  4.9   116   258    8374    (-,-) 
  P1/mul_23_62_cdnfadd26__1881/CO    -       CI->CO F     ADDFXL         1  4.9   116   258    8633    (-,-) 
  P1/mul_23_62_cdnfadd27__5115/CO    -       CI->CO F     ADDFXL         1  4.9   116   258    8891    (-,-) 
  P1/mul_23_62_cdnfadd28__7482/CO    -       CI->CO F     ADDFXL         1  4.9   116   258    9150    (-,-) 
  P1/mul_23_62_cdnfadd29__4733/CO    -       CI->CO F     ADDFXL         1  4.9   116   258    9408    (-,-) 
  P1/mul_23_62_cdnfadd30__6161/CO    -       CI->CO F     ADDFXL         1  4.9   116   258    9666    (-,-) 
  P1/mul_23_62_cdnfadd31__9315/S     -       CI->S  R     ADDFXL         1  1.9    79   349   10015    (-,-) 
  P1/g106__2398/Y                    -       B->Y   R     MX2XL          1  2.3    77   150   10166    (-,-) 
  P1/result_reg[31]/D                -       -      R     DFFRHQX1       1    -     -     0   10166    (-,-) 
#------------------------------------------------------------------------------------------------------------



Path 29: MET (2910 ps) Setup Check with Pin P16/result_reg[29]/CK->D
          Group: C2C
     Startpoint: (R) weight_reg_reg[15][2]/CK
          Clock: (R) clk
       Endpoint: (R) P16/result_reg[29]/D
          Clock: (R) clk

                     Capture       Launch     
        Clock Edge:+   13330            0     
       Src Latency:+       0            0     
       Net Latency:+       0 (I)        0 (I) 
           Arrival:=   13330            0     
                                              
             Setup:-     109                  
       Uncertainty:-     300                  
     Required Time:=   12921                  
      Launch Clock:-       0                  
         Data Path:-   10011                  
             Slack:=    2910                  

#--------------------------------------------------------------------------------------------------------------------
#               Timing Point                 Flags    Arc   Edge   Cell     Fanout Load Trans Delay Arrival Instance 
#                                                                                  (fF)  (ps)  (ps)   (ps)  Location 
#--------------------------------------------------------------------------------------------------------------------
  weight_reg_reg[15][2]/CK                   -       -      R     (arrival)   1910    -   200     0       0    (-,-) 
  weight_reg_reg[15][2]/Q                    -       CK->Q  R     DFFRHQX1      26 49.3   422   650     650    (-,-) 
  P16/csa_tree_add_33_32_groupi_g3965/Y      -       A->Y   F     CLKINVX1      23 45.5   368   344     994    (-,-) 
  P16/csa_tree_add_33_32_groupi_g3910/Y      -       A->Y   R     MXI2XL         2  5.6   242   247    1241    (-,-) 
  P16/csa_tree_add_33_32_groupi_g3891/Y      -       B->Y   F     NAND2X1       18 30.3   426   352    1593    (-,-) 
  P16/csa_tree_add_33_32_groupi_g3858/Y      -       A0->Y  R     AOI21XL        1  3.7   198   215    1808    (-,-) 
  P16/csa_tree_add_33_32_groupi_g3769/Y      -       S0->Y  F     MXI2XL         1  6.2   237   159    1966    (-,-) 
  P16/csa_tree_add_33_32_groupi_cdnfadd/CO   -       B->CO  F     ADDFXL         1  4.9   118   307    2274    (-,-) 
  P16/csa_tree_add_33_32_groupi_cdnfadd1/CO  -       CI->CO F     ADDFXL         1  4.9   118   259    2533    (-,-) 
  P16/csa_tree_add_33_32_groupi_cdnfadd2/CO  -       CI->CO F     ADDFXL         1  4.9   118   259    2791    (-,-) 
  P16/csa_tree_add_33_32_groupi_cdnfadd3/CO  -       CI->CO F     ADDFXL         1  4.9   118   259    3050    (-,-) 
  P16/csa_tree_add_33_32_groupi_cdnfadd4/CO  -       CI->CO F     ADDFXL         1  4.9   118   259    3309    (-,-) 
  P16/csa_tree_add_33_32_groupi_cdnfadd5/CO  -       CI->CO F     ADDFXL         1  4.9   118   259    3568    (-,-) 
  P16/csa_tree_add_33_32_groupi_cdnfadd6/CO  -       CI->CO F     ADDFXL         1  4.9   118   259    3827    (-,-) 
  P16/csa_tree_add_33_32_groupi_cdnfadd7/CO  -       CI->CO F     ADDFXL         1  4.9   116   259    4085    (-,-) 
  P16/csa_tree_add_33_32_groupi_cdnfadd8/CO  -       CI->CO F     ADDFXL         1  4.9   116   258    4344    (-,-) 
  P16/csa_tree_add_33_32_groupi_cdnfadd9/CO  -       CI->CO F     ADDFXL         1  4.9   116   258    4602    (-,-) 
  P16/csa_tree_add_33_32_groupi_cdnfadd10/CO -       CI->CO F     ADDFXL         1  4.9   116   258    4861    (-,-) 
  P16/csa_tree_add_33_32_groupi_cdnfadd11/CO -       CI->CO F     ADDFXL         1  4.9   116   258    5119    (-,-) 
  P16/csa_tree_add_33_32_groupi_cdnfadd12/CO -       CI->CO F     ADDFXL         1  4.9   116   258    5377    (-,-) 
  P16/csa_tree_add_33_32_groupi_cdnfadd13/CO -       CI->CO F     ADDFXL         1  4.9   116   258    5636    (-,-) 
  P16/csa_tree_add_33_32_groupi_cdnfadd14/CO -       CI->CO F     ADDFXL         1  4.9   116   258    5894    (-,-) 
  P16/csa_tree_add_33_32_groupi_cdnfadd15/CO -       CI->CO F     ADDFXL         1  4.9   116   258    6153    (-,-) 
  P16/csa_tree_add_33_32_groupi_cdnfadd16/CO -       CI->CO F     ADDFXL         1  4.9   116   258    6411    (-,-) 
  P16/csa_tree_add_33_32_groupi_cdnfadd17/CO -       CI->CO F     ADDFXL         1  4.9   116   258    6669    (-,-) 
  P16/csa_tree_add_33_32_groupi_cdnfadd18/CO -       CI->CO F     ADDFXL         1  4.9   116   258    6928    (-,-) 
  P16/csa_tree_add_33_32_groupi_cdnfadd19/CO -       CI->CO F     ADDFXL         1  4.9   116   258    7186    (-,-) 
  P16/csa_tree_add_33_32_groupi_cdnfadd20/CO -       CI->CO F     ADDFXL         1  4.9   116   258    7445    (-,-) 
  P16/csa_tree_add_33_32_groupi_cdnfadd21/CO -       CI->CO F     ADDFXL         1  4.9   116   258    7703    (-,-) 
  P16/csa_tree_add_33_32_groupi_cdnfadd22/CO -       CI->CO F     ADDFXL         1  4.9   116   258    7961    (-,-) 
  P16/csa_tree_add_33_32_groupi_cdnfadd23/CO -       CI->CO F     ADDFXL         1  4.9   116   258    8220    (-,-) 
  P16/csa_tree_add_33_32_groupi_cdnfadd24/CO -       CI->CO F     ADDFXL         1  4.9   116   258    8478    (-,-) 
  P16/csa_tree_add_33_32_groupi_cdnfadd25/CO -       CI->CO F     ADDFXL         1  4.9   116   258    8737    (-,-) 
  P16/csa_tree_add_33_32_groupi_cdnfadd26/CO -       CI->CO F     ADDFXL         1  4.9   116   258    8995    (-,-) 
  P16/csa_tree_add_33_32_groupi_cdnfadd27/CO -       CI->CO F     ADDFXL         1  4.9   116   258    9253    (-,-) 
  P16/csa_tree_add_33_32_groupi_cdnfadd28/CO -       CI->CO F     ADDFXL         1  4.9   116   258    9512    (-,-) 
  P16/csa_tree_add_33_32_groupi_cdnfadd29/S  -       CI->S  R     ADDFXL         1  1.9    79   349    9861    (-,-) 
  P16/g118/Y                                 -       B->Y   R     MX2XL          1  2.3    77   150   10011    (-,-) 
  P16/result_reg[29]/D                       -       -      R     DFFRHQX2       1    -     -     0   10011    (-,-) 
#--------------------------------------------------------------------------------------------------------------------



Path 30: MET (2910 ps) Setup Check with Pin P14/result_reg[29]/CK->D
          Group: C2C
     Startpoint: (R) weight_reg_reg[13][2]/CK
          Clock: (R) clk
       Endpoint: (R) P14/result_reg[29]/D
          Clock: (R) clk

                     Capture       Launch     
        Clock Edge:+   13330            0     
       Src Latency:+       0            0     
       Net Latency:+       0 (I)        0 (I) 
           Arrival:=   13330            0     
                                              
             Setup:-     109                  
       Uncertainty:-     300                  
     Required Time:=   12921                  
      Launch Clock:-       0                  
         Data Path:-   10011                  
             Slack:=    2910                  

#--------------------------------------------------------------------------------------------------------------------
#               Timing Point                 Flags    Arc   Edge   Cell     Fanout Load Trans Delay Arrival Instance 
#                                                                                  (fF)  (ps)  (ps)   (ps)  Location 
#--------------------------------------------------------------------------------------------------------------------
  weight_reg_reg[13][2]/CK                   -       -      R     (arrival)   1910    -   200     0       0    (-,-) 
  weight_reg_reg[13][2]/Q                    -       CK->Q  R     DFFRHQX1      26 49.3   422   650     650    (-,-) 
  P14/csa_tree_add_33_32_groupi_g3965/Y      -       A->Y   F     CLKINVX1      23 45.5   368   344     994    (-,-) 
  P14/csa_tree_add_33_32_groupi_g3910/Y      -       A->Y   R     MXI2XL         2  5.6   242   247    1241    (-,-) 
  P14/csa_tree_add_33_32_groupi_g3891/Y      -       B->Y   F     NAND2X1       18 30.3   426   352    1593    (-,-) 
  P14/csa_tree_add_33_32_groupi_g3858/Y      -       A0->Y  R     AOI21XL        1  3.7   198   215    1808    (-,-) 
  P14/csa_tree_add_33_32_groupi_g3769/Y      -       S0->Y  F     MXI2XL         1  6.2   237   159    1966    (-,-) 
  P14/csa_tree_add_33_32_groupi_cdnfadd/CO   -       B->CO  F     ADDFXL         1  4.9   118   307    2274    (-,-) 
  P14/csa_tree_add_33_32_groupi_cdnfadd1/CO  -       CI->CO F     ADDFXL         1  4.9   118   259    2533    (-,-) 
  P14/csa_tree_add_33_32_groupi_cdnfadd2/CO  -       CI->CO F     ADDFXL         1  4.9   118   259    2791    (-,-) 
  P14/csa_tree_add_33_32_groupi_cdnfadd3/CO  -       CI->CO F     ADDFXL         1  4.9   118   259    3050    (-,-) 
  P14/csa_tree_add_33_32_groupi_cdnfadd4/CO  -       CI->CO F     ADDFXL         1  4.9   118   259    3309    (-,-) 
  P14/csa_tree_add_33_32_groupi_cdnfadd5/CO  -       CI->CO F     ADDFXL         1  4.9   118   259    3568    (-,-) 
  P14/csa_tree_add_33_32_groupi_cdnfadd6/CO  -       CI->CO F     ADDFXL         1  4.9   118   259    3827    (-,-) 
  P14/csa_tree_add_33_32_groupi_cdnfadd7/CO  -       CI->CO F     ADDFXL         1  4.9   116   259    4085    (-,-) 
  P14/csa_tree_add_33_32_groupi_cdnfadd8/CO  -       CI->CO F     ADDFXL         1  4.9   116   258    4344    (-,-) 
  P14/csa_tree_add_33_32_groupi_cdnfadd9/CO  -       CI->CO F     ADDFXL         1  4.9   116   258    4602    (-,-) 
  P14/csa_tree_add_33_32_groupi_cdnfadd10/CO -       CI->CO F     ADDFXL         1  4.9   116   258    4861    (-,-) 
  P14/csa_tree_add_33_32_groupi_cdnfadd11/CO -       CI->CO F     ADDFXL         1  4.9   116   258    5119    (-,-) 
  P14/csa_tree_add_33_32_groupi_cdnfadd12/CO -       CI->CO F     ADDFXL         1  4.9   116   258    5377    (-,-) 
  P14/csa_tree_add_33_32_groupi_cdnfadd13/CO -       CI->CO F     ADDFXL         1  4.9   116   258    5636    (-,-) 
  P14/csa_tree_add_33_32_groupi_cdnfadd14/CO -       CI->CO F     ADDFXL         1  4.9   116   258    5894    (-,-) 
  P14/csa_tree_add_33_32_groupi_cdnfadd15/CO -       CI->CO F     ADDFXL         1  4.9   116   258    6153    (-,-) 
  P14/csa_tree_add_33_32_groupi_cdnfadd16/CO -       CI->CO F     ADDFXL         1  4.9   116   258    6411    (-,-) 
  P14/csa_tree_add_33_32_groupi_cdnfadd17/CO -       CI->CO F     ADDFXL         1  4.9   116   258    6669    (-,-) 
  P14/csa_tree_add_33_32_groupi_cdnfadd18/CO -       CI->CO F     ADDFXL         1  4.9   116   258    6928    (-,-) 
  P14/csa_tree_add_33_32_groupi_cdnfadd19/CO -       CI->CO F     ADDFXL         1  4.9   116   258    7186    (-,-) 
  P14/csa_tree_add_33_32_groupi_cdnfadd20/CO -       CI->CO F     ADDFXL         1  4.9   116   258    7445    (-,-) 
  P14/csa_tree_add_33_32_groupi_cdnfadd21/CO -       CI->CO F     ADDFXL         1  4.9   116   258    7703    (-,-) 
  P14/csa_tree_add_33_32_groupi_cdnfadd22/CO -       CI->CO F     ADDFXL         1  4.9   116   258    7961    (-,-) 
  P14/csa_tree_add_33_32_groupi_cdnfadd23/CO -       CI->CO F     ADDFXL         1  4.9   116   258    8220    (-,-) 
  P14/csa_tree_add_33_32_groupi_cdnfadd24/CO -       CI->CO F     ADDFXL         1  4.9   116   258    8478    (-,-) 
  P14/csa_tree_add_33_32_groupi_cdnfadd25/CO -       CI->CO F     ADDFXL         1  4.9   116   258    8737    (-,-) 
  P14/csa_tree_add_33_32_groupi_cdnfadd26/CO -       CI->CO F     ADDFXL         1  4.9   116   258    8995    (-,-) 
  P14/csa_tree_add_33_32_groupi_cdnfadd27/CO -       CI->CO F     ADDFXL         1  4.9   116   258    9253    (-,-) 
  P14/csa_tree_add_33_32_groupi_cdnfadd28/CO -       CI->CO F     ADDFXL         1  4.9   116   258    9512    (-,-) 
  P14/csa_tree_add_33_32_groupi_cdnfadd29/S  -       CI->S  R     ADDFXL         1  1.9    79   349    9861    (-,-) 
  P14/g116/Y                                 -       B->Y   R     MX2XL          1  2.3    77   150   10011    (-,-) 
  P14/result_reg[29]/D                       -       -      R     DFFRHQX2       1    -     -     0   10011    (-,-) 
#--------------------------------------------------------------------------------------------------------------------



Path 31: MET (2910 ps) Setup Check with Pin P13/result_reg[29]/CK->D
          Group: C2C
     Startpoint: (R) weight_reg_reg[12][2]/CK
          Clock: (R) clk
       Endpoint: (R) P13/result_reg[29]/D
          Clock: (R) clk

                     Capture       Launch     
        Clock Edge:+   13330            0     
       Src Latency:+       0            0     
       Net Latency:+       0 (I)        0 (I) 
           Arrival:=   13330            0     
                                              
             Setup:-     109                  
       Uncertainty:-     300                  
     Required Time:=   12921                  
      Launch Clock:-       0                  
         Data Path:-   10011                  
             Slack:=    2910                  

#--------------------------------------------------------------------------------------------------------------------
#               Timing Point                 Flags    Arc   Edge   Cell     Fanout Load Trans Delay Arrival Instance 
#                                                                                  (fF)  (ps)  (ps)   (ps)  Location 
#--------------------------------------------------------------------------------------------------------------------
  weight_reg_reg[12][2]/CK                   -       -      R     (arrival)   1910    -   200     0       0    (-,-) 
  weight_reg_reg[12][2]/Q                    -       CK->Q  R     DFFRHQX1      26 49.3   422   650     650    (-,-) 
  P13/csa_tree_add_33_32_groupi_g3965/Y      -       A->Y   F     CLKINVX1      23 45.5   368   344     994    (-,-) 
  P13/csa_tree_add_33_32_groupi_g3910/Y      -       A->Y   R     MXI2XL         2  5.6   242   247    1241    (-,-) 
  P13/csa_tree_add_33_32_groupi_g3891/Y      -       B->Y   F     NAND2X1       18 30.3   426   352    1593    (-,-) 
  P13/csa_tree_add_33_32_groupi_g3858/Y      -       A0->Y  R     AOI21XL        1  3.7   198   215    1808    (-,-) 
  P13/csa_tree_add_33_32_groupi_g3769/Y      -       S0->Y  F     MXI2XL         1  6.2   237   159    1966    (-,-) 
  P13/csa_tree_add_33_32_groupi_cdnfadd/CO   -       B->CO  F     ADDFXL         1  4.9   118   307    2274    (-,-) 
  P13/csa_tree_add_33_32_groupi_cdnfadd1/CO  -       CI->CO F     ADDFXL         1  4.9   118   259    2533    (-,-) 
  P13/csa_tree_add_33_32_groupi_cdnfadd2/CO  -       CI->CO F     ADDFXL         1  4.9   118   259    2791    (-,-) 
  P13/csa_tree_add_33_32_groupi_cdnfadd3/CO  -       CI->CO F     ADDFXL         1  4.9   118   259    3050    (-,-) 
  P13/csa_tree_add_33_32_groupi_cdnfadd4/CO  -       CI->CO F     ADDFXL         1  4.9   118   259    3309    (-,-) 
  P13/csa_tree_add_33_32_groupi_cdnfadd5/CO  -       CI->CO F     ADDFXL         1  4.9   118   259    3568    (-,-) 
  P13/csa_tree_add_33_32_groupi_cdnfadd6/CO  -       CI->CO F     ADDFXL         1  4.9   118   259    3827    (-,-) 
  P13/csa_tree_add_33_32_groupi_cdnfadd7/CO  -       CI->CO F     ADDFXL         1  4.9   116   259    4085    (-,-) 
  P13/csa_tree_add_33_32_groupi_cdnfadd8/CO  -       CI->CO F     ADDFXL         1  4.9   116   258    4344    (-,-) 
  P13/csa_tree_add_33_32_groupi_cdnfadd9/CO  -       CI->CO F     ADDFXL         1  4.9   116   258    4602    (-,-) 
  P13/csa_tree_add_33_32_groupi_cdnfadd10/CO -       CI->CO F     ADDFXL         1  4.9   116   258    4861    (-,-) 
  P13/csa_tree_add_33_32_groupi_cdnfadd11/CO -       CI->CO F     ADDFXL         1  4.9   116   258    5119    (-,-) 
  P13/csa_tree_add_33_32_groupi_cdnfadd12/CO -       CI->CO F     ADDFXL         1  4.9   116   258    5377    (-,-) 
  P13/csa_tree_add_33_32_groupi_cdnfadd13/CO -       CI->CO F     ADDFXL         1  4.9   116   258    5636    (-,-) 
  P13/csa_tree_add_33_32_groupi_cdnfadd14/CO -       CI->CO F     ADDFXL         1  4.9   116   258    5894    (-,-) 
  P13/csa_tree_add_33_32_groupi_cdnfadd15/CO -       CI->CO F     ADDFXL         1  4.9   116   258    6153    (-,-) 
  P13/csa_tree_add_33_32_groupi_cdnfadd16/CO -       CI->CO F     ADDFXL         1  4.9   116   258    6411    (-,-) 
  P13/csa_tree_add_33_32_groupi_cdnfadd17/CO -       CI->CO F     ADDFXL         1  4.9   116   258    6669    (-,-) 
  P13/csa_tree_add_33_32_groupi_cdnfadd18/CO -       CI->CO F     ADDFXL         1  4.9   116   258    6928    (-,-) 
  P13/csa_tree_add_33_32_groupi_cdnfadd19/CO -       CI->CO F     ADDFXL         1  4.9   116   258    7186    (-,-) 
  P13/csa_tree_add_33_32_groupi_cdnfadd20/CO -       CI->CO F     ADDFXL         1  4.9   116   258    7445    (-,-) 
  P13/csa_tree_add_33_32_groupi_cdnfadd21/CO -       CI->CO F     ADDFXL         1  4.9   116   258    7703    (-,-) 
  P13/csa_tree_add_33_32_groupi_cdnfadd22/CO -       CI->CO F     ADDFXL         1  4.9   116   258    7961    (-,-) 
  P13/csa_tree_add_33_32_groupi_cdnfadd23/CO -       CI->CO F     ADDFXL         1  4.9   116   258    8220    (-,-) 
  P13/csa_tree_add_33_32_groupi_cdnfadd24/CO -       CI->CO F     ADDFXL         1  4.9   116   258    8478    (-,-) 
  P13/csa_tree_add_33_32_groupi_cdnfadd25/CO -       CI->CO F     ADDFXL         1  4.9   116   258    8737    (-,-) 
  P13/csa_tree_add_33_32_groupi_cdnfadd26/CO -       CI->CO F     ADDFXL         1  4.9   116   258    8995    (-,-) 
  P13/csa_tree_add_33_32_groupi_cdnfadd27/CO -       CI->CO F     ADDFXL         1  4.9   116   258    9253    (-,-) 
  P13/csa_tree_add_33_32_groupi_cdnfadd28/CO -       CI->CO F     ADDFXL         1  4.9   116   258    9512    (-,-) 
  P13/csa_tree_add_33_32_groupi_cdnfadd29/S  -       CI->S  R     ADDFXL         1  1.9    79   349    9861    (-,-) 
  P13/g116/Y                                 -       B->Y   R     MX2XL          1  2.3    77   150   10011    (-,-) 
  P13/result_reg[29]/D                       -       -      R     DFFRHQX2       1    -     -     0   10011    (-,-) 
#--------------------------------------------------------------------------------------------------------------------



Path 32: MET (2910 ps) Setup Check with Pin P12/result_reg[29]/CK->D
          Group: C2C
     Startpoint: (R) weight_reg_reg[11][2]/CK
          Clock: (R) clk
       Endpoint: (R) P12/result_reg[29]/D
          Clock: (R) clk

                     Capture       Launch     
        Clock Edge:+   13330            0     
       Src Latency:+       0            0     
       Net Latency:+       0 (I)        0 (I) 
           Arrival:=   13330            0     
                                              
             Setup:-     109                  
       Uncertainty:-     300                  
     Required Time:=   12921                  
      Launch Clock:-       0                  
         Data Path:-   10011                  
             Slack:=    2910                  

#--------------------------------------------------------------------------------------------------------------------
#               Timing Point                 Flags    Arc   Edge   Cell     Fanout Load Trans Delay Arrival Instance 
#                                                                                  (fF)  (ps)  (ps)   (ps)  Location 
#--------------------------------------------------------------------------------------------------------------------
  weight_reg_reg[11][2]/CK                   -       -      R     (arrival)   1910    -   200     0       0    (-,-) 
  weight_reg_reg[11][2]/Q                    -       CK->Q  R     DFFRHQX1      26 49.3   422   650     650    (-,-) 
  P12/csa_tree_add_33_32_groupi_g3965/Y      -       A->Y   F     CLKINVX1      23 45.5   368   344     994    (-,-) 
  P12/csa_tree_add_33_32_groupi_g3910/Y      -       A->Y   R     MXI2XL         2  5.6   242   247    1241    (-,-) 
  P12/csa_tree_add_33_32_groupi_g3891/Y      -       B->Y   F     NAND2X1       18 30.3   426   352    1593    (-,-) 
  P12/csa_tree_add_33_32_groupi_g3858/Y      -       A0->Y  R     AOI21XL        1  3.7   198   215    1808    (-,-) 
  P12/csa_tree_add_33_32_groupi_g3769/Y      -       S0->Y  F     MXI2XL         1  6.2   237   159    1966    (-,-) 
  P12/csa_tree_add_33_32_groupi_cdnfadd/CO   -       B->CO  F     ADDFXL         1  4.9   118   307    2274    (-,-) 
  P12/csa_tree_add_33_32_groupi_cdnfadd1/CO  -       CI->CO F     ADDFXL         1  4.9   118   259    2533    (-,-) 
  P12/csa_tree_add_33_32_groupi_cdnfadd2/CO  -       CI->CO F     ADDFXL         1  4.9   118   259    2791    (-,-) 
  P12/csa_tree_add_33_32_groupi_cdnfadd3/CO  -       CI->CO F     ADDFXL         1  4.9   118   259    3050    (-,-) 
  P12/csa_tree_add_33_32_groupi_cdnfadd4/CO  -       CI->CO F     ADDFXL         1  4.9   118   259    3309    (-,-) 
  P12/csa_tree_add_33_32_groupi_cdnfadd5/CO  -       CI->CO F     ADDFXL         1  4.9   118   259    3568    (-,-) 
  P12/csa_tree_add_33_32_groupi_cdnfadd6/CO  -       CI->CO F     ADDFXL         1  4.9   118   259    3827    (-,-) 
  P12/csa_tree_add_33_32_groupi_cdnfadd7/CO  -       CI->CO F     ADDFXL         1  4.9   116   259    4085    (-,-) 
  P12/csa_tree_add_33_32_groupi_cdnfadd8/CO  -       CI->CO F     ADDFXL         1  4.9   116   258    4344    (-,-) 
  P12/csa_tree_add_33_32_groupi_cdnfadd9/CO  -       CI->CO F     ADDFXL         1  4.9   116   258    4602    (-,-) 
  P12/csa_tree_add_33_32_groupi_cdnfadd10/CO -       CI->CO F     ADDFXL         1  4.9   116   258    4861    (-,-) 
  P12/csa_tree_add_33_32_groupi_cdnfadd11/CO -       CI->CO F     ADDFXL         1  4.9   116   258    5119    (-,-) 
  P12/csa_tree_add_33_32_groupi_cdnfadd12/CO -       CI->CO F     ADDFXL         1  4.9   116   258    5377    (-,-) 
  P12/csa_tree_add_33_32_groupi_cdnfadd13/CO -       CI->CO F     ADDFXL         1  4.9   116   258    5636    (-,-) 
  P12/csa_tree_add_33_32_groupi_cdnfadd14/CO -       CI->CO F     ADDFXL         1  4.9   116   258    5894    (-,-) 
  P12/csa_tree_add_33_32_groupi_cdnfadd15/CO -       CI->CO F     ADDFXL         1  4.9   116   258    6153    (-,-) 
  P12/csa_tree_add_33_32_groupi_cdnfadd16/CO -       CI->CO F     ADDFXL         1  4.9   116   258    6411    (-,-) 
  P12/csa_tree_add_33_32_groupi_cdnfadd17/CO -       CI->CO F     ADDFXL         1  4.9   116   258    6669    (-,-) 
  P12/csa_tree_add_33_32_groupi_cdnfadd18/CO -       CI->CO F     ADDFXL         1  4.9   116   258    6928    (-,-) 
  P12/csa_tree_add_33_32_groupi_cdnfadd19/CO -       CI->CO F     ADDFXL         1  4.9   116   258    7186    (-,-) 
  P12/csa_tree_add_33_32_groupi_cdnfadd20/CO -       CI->CO F     ADDFXL         1  4.9   116   258    7445    (-,-) 
  P12/csa_tree_add_33_32_groupi_cdnfadd21/CO -       CI->CO F     ADDFXL         1  4.9   116   258    7703    (-,-) 
  P12/csa_tree_add_33_32_groupi_cdnfadd22/CO -       CI->CO F     ADDFXL         1  4.9   116   258    7961    (-,-) 
  P12/csa_tree_add_33_32_groupi_cdnfadd23/CO -       CI->CO F     ADDFXL         1  4.9   116   258    8220    (-,-) 
  P12/csa_tree_add_33_32_groupi_cdnfadd24/CO -       CI->CO F     ADDFXL         1  4.9   116   258    8478    (-,-) 
  P12/csa_tree_add_33_32_groupi_cdnfadd25/CO -       CI->CO F     ADDFXL         1  4.9   116   258    8737    (-,-) 
  P12/csa_tree_add_33_32_groupi_cdnfadd26/CO -       CI->CO F     ADDFXL         1  4.9   116   258    8995    (-,-) 
  P12/csa_tree_add_33_32_groupi_cdnfadd27/CO -       CI->CO F     ADDFXL         1  4.9   116   258    9253    (-,-) 
  P12/csa_tree_add_33_32_groupi_cdnfadd28/CO -       CI->CO F     ADDFXL         1  4.9   116   258    9512    (-,-) 
  P12/csa_tree_add_33_32_groupi_cdnfadd29/S  -       CI->S  R     ADDFXL         1  1.9    79   349    9861    (-,-) 
  P12/g116/Y                                 -       B->Y   R     MX2XL          1  2.3    77   150   10011    (-,-) 
  P12/result_reg[29]/D                       -       -      R     DFFRHQX1       1    -     -     0   10011    (-,-) 
#--------------------------------------------------------------------------------------------------------------------



Path 33: MET (2910 ps) Setup Check with Pin P11/result_reg[29]/CK->D
          Group: C2C
     Startpoint: (R) weight_reg_reg[10][2]/CK
          Clock: (R) clk
       Endpoint: (R) P11/result_reg[29]/D
          Clock: (R) clk

                     Capture       Launch     
        Clock Edge:+   13330            0     
       Src Latency:+       0            0     
       Net Latency:+       0 (I)        0 (I) 
           Arrival:=   13330            0     
                                              
             Setup:-     109                  
       Uncertainty:-     300                  
     Required Time:=   12921                  
      Launch Clock:-       0                  
         Data Path:-   10011                  
             Slack:=    2910                  

#--------------------------------------------------------------------------------------------------------------------
#               Timing Point                 Flags    Arc   Edge   Cell     Fanout Load Trans Delay Arrival Instance 
#                                                                                  (fF)  (ps)  (ps)   (ps)  Location 
#--------------------------------------------------------------------------------------------------------------------
  weight_reg_reg[10][2]/CK                   -       -      R     (arrival)   1910    -   200     0       0    (-,-) 
  weight_reg_reg[10][2]/Q                    -       CK->Q  R     DFFRHQX1      26 49.3   422   650     650    (-,-) 
  P11/csa_tree_add_33_32_groupi_g3965/Y      -       A->Y   F     CLKINVX1      23 45.5   368   344     994    (-,-) 
  P11/csa_tree_add_33_32_groupi_g3910/Y      -       A->Y   R     MXI2XL         2  5.6   242   247    1241    (-,-) 
  P11/csa_tree_add_33_32_groupi_g3891/Y      -       B->Y   F     NAND2X1       18 30.3   426   352    1593    (-,-) 
  P11/csa_tree_add_33_32_groupi_g3858/Y      -       A0->Y  R     AOI21XL        1  3.7   198   215    1808    (-,-) 
  P11/csa_tree_add_33_32_groupi_g3769/Y      -       S0->Y  F     MXI2XL         1  6.2   237   159    1966    (-,-) 
  P11/csa_tree_add_33_32_groupi_cdnfadd/CO   -       B->CO  F     ADDFXL         1  4.9   118   307    2274    (-,-) 
  P11/csa_tree_add_33_32_groupi_cdnfadd1/CO  -       CI->CO F     ADDFXL         1  4.9   118   259    2533    (-,-) 
  P11/csa_tree_add_33_32_groupi_cdnfadd2/CO  -       CI->CO F     ADDFXL         1  4.9   118   259    2791    (-,-) 
  P11/csa_tree_add_33_32_groupi_cdnfadd3/CO  -       CI->CO F     ADDFXL         1  4.9   118   259    3050    (-,-) 
  P11/csa_tree_add_33_32_groupi_cdnfadd4/CO  -       CI->CO F     ADDFXL         1  4.9   118   259    3309    (-,-) 
  P11/csa_tree_add_33_32_groupi_cdnfadd5/CO  -       CI->CO F     ADDFXL         1  4.9   118   259    3568    (-,-) 
  P11/csa_tree_add_33_32_groupi_cdnfadd6/CO  -       CI->CO F     ADDFXL         1  4.9   118   259    3827    (-,-) 
  P11/csa_tree_add_33_32_groupi_cdnfadd7/CO  -       CI->CO F     ADDFXL         1  4.9   116   259    4085    (-,-) 
  P11/csa_tree_add_33_32_groupi_cdnfadd8/CO  -       CI->CO F     ADDFXL         1  4.9   116   258    4344    (-,-) 
  P11/csa_tree_add_33_32_groupi_cdnfadd9/CO  -       CI->CO F     ADDFXL         1  4.9   116   258    4602    (-,-) 
  P11/csa_tree_add_33_32_groupi_cdnfadd10/CO -       CI->CO F     ADDFXL         1  4.9   116   258    4861    (-,-) 
  P11/csa_tree_add_33_32_groupi_cdnfadd11/CO -       CI->CO F     ADDFXL         1  4.9   116   258    5119    (-,-) 
  P11/csa_tree_add_33_32_groupi_cdnfadd12/CO -       CI->CO F     ADDFXL         1  4.9   116   258    5377    (-,-) 
  P11/csa_tree_add_33_32_groupi_cdnfadd13/CO -       CI->CO F     ADDFXL         1  4.9   116   258    5636    (-,-) 
  P11/csa_tree_add_33_32_groupi_cdnfadd14/CO -       CI->CO F     ADDFXL         1  4.9   116   258    5894    (-,-) 
  P11/csa_tree_add_33_32_groupi_cdnfadd15/CO -       CI->CO F     ADDFXL         1  4.9   116   258    6153    (-,-) 
  P11/csa_tree_add_33_32_groupi_cdnfadd16/CO -       CI->CO F     ADDFXL         1  4.9   116   258    6411    (-,-) 
  P11/csa_tree_add_33_32_groupi_cdnfadd17/CO -       CI->CO F     ADDFXL         1  4.9   116   258    6669    (-,-) 
  P11/csa_tree_add_33_32_groupi_cdnfadd18/CO -       CI->CO F     ADDFXL         1  4.9   116   258    6928    (-,-) 
  P11/csa_tree_add_33_32_groupi_cdnfadd19/CO -       CI->CO F     ADDFXL         1  4.9   116   258    7186    (-,-) 
  P11/csa_tree_add_33_32_groupi_cdnfadd20/CO -       CI->CO F     ADDFXL         1  4.9   116   258    7445    (-,-) 
  P11/csa_tree_add_33_32_groupi_cdnfadd21/CO -       CI->CO F     ADDFXL         1  4.9   116   258    7703    (-,-) 
  P11/csa_tree_add_33_32_groupi_cdnfadd22/CO -       CI->CO F     ADDFXL         1  4.9   116   258    7961    (-,-) 
  P11/csa_tree_add_33_32_groupi_cdnfadd23/CO -       CI->CO F     ADDFXL         1  4.9   116   258    8220    (-,-) 
  P11/csa_tree_add_33_32_groupi_cdnfadd24/CO -       CI->CO F     ADDFXL         1  4.9   116   258    8478    (-,-) 
  P11/csa_tree_add_33_32_groupi_cdnfadd25/CO -       CI->CO F     ADDFXL         1  4.9   116   258    8737    (-,-) 
  P11/csa_tree_add_33_32_groupi_cdnfadd26/CO -       CI->CO F     ADDFXL         1  4.9   116   258    8995    (-,-) 
  P11/csa_tree_add_33_32_groupi_cdnfadd27/CO -       CI->CO F     ADDFXL         1  4.9   116   258    9253    (-,-) 
  P11/csa_tree_add_33_32_groupi_cdnfadd28/CO -       CI->CO F     ADDFXL         1  4.9   116   258    9512    (-,-) 
  P11/csa_tree_add_33_32_groupi_cdnfadd29/S  -       CI->S  R     ADDFXL         1  1.9    79   349    9861    (-,-) 
  P11/g116/Y                                 -       B->Y   R     MX2XL          1  2.3    77   150   10011    (-,-) 
  P11/result_reg[29]/D                       -       -      R     DFFRHQX1       1    -     -     0   10011    (-,-) 
#--------------------------------------------------------------------------------------------------------------------



Path 34: MET (2910 ps) Setup Check with Pin P10/result_reg[29]/CK->D
          Group: C2C
     Startpoint: (R) weight_reg_reg[9][2]/CK
          Clock: (R) clk
       Endpoint: (R) P10/result_reg[29]/D
          Clock: (R) clk

                     Capture       Launch     
        Clock Edge:+   13330            0     
       Src Latency:+       0            0     
       Net Latency:+       0 (I)        0 (I) 
           Arrival:=   13330            0     
                                              
             Setup:-     109                  
       Uncertainty:-     300                  
     Required Time:=   12921                  
      Launch Clock:-       0                  
         Data Path:-   10011                  
             Slack:=    2910                  

#--------------------------------------------------------------------------------------------------------------------
#               Timing Point                 Flags    Arc   Edge   Cell     Fanout Load Trans Delay Arrival Instance 
#                                                                                  (fF)  (ps)  (ps)   (ps)  Location 
#--------------------------------------------------------------------------------------------------------------------
  weight_reg_reg[9][2]/CK                    -       -      R     (arrival)   1910    -   200     0       0    (-,-) 
  weight_reg_reg[9][2]/Q                     -       CK->Q  R     DFFRHQX1      26 49.3   422   650     650    (-,-) 
  P10/csa_tree_add_33_32_groupi_g3965/Y      -       A->Y   F     CLKINVX1      23 45.5   368   344     994    (-,-) 
  P10/csa_tree_add_33_32_groupi_g3910/Y      -       A->Y   R     MXI2XL         2  5.6   242   247    1241    (-,-) 
  P10/csa_tree_add_33_32_groupi_g3891/Y      -       B->Y   F     NAND2X1       18 30.3   426   352    1593    (-,-) 
  P10/csa_tree_add_33_32_groupi_g3858/Y      -       A0->Y  R     AOI21XL        1  3.7   198   215    1808    (-,-) 
  P10/csa_tree_add_33_32_groupi_g3769/Y      -       S0->Y  F     MXI2XL         1  6.2   237   159    1966    (-,-) 
  P10/csa_tree_add_33_32_groupi_cdnfadd/CO   -       B->CO  F     ADDFXL         1  4.9   118   307    2274    (-,-) 
  P10/csa_tree_add_33_32_groupi_cdnfadd1/CO  -       CI->CO F     ADDFXL         1  4.9   118   259    2533    (-,-) 
  P10/csa_tree_add_33_32_groupi_cdnfadd2/CO  -       CI->CO F     ADDFXL         1  4.9   118   259    2791    (-,-) 
  P10/csa_tree_add_33_32_groupi_cdnfadd3/CO  -       CI->CO F     ADDFXL         1  4.9   118   259    3050    (-,-) 
  P10/csa_tree_add_33_32_groupi_cdnfadd4/CO  -       CI->CO F     ADDFXL         1  4.9   118   259    3309    (-,-) 
  P10/csa_tree_add_33_32_groupi_cdnfadd5/CO  -       CI->CO F     ADDFXL         1  4.9   118   259    3568    (-,-) 
  P10/csa_tree_add_33_32_groupi_cdnfadd6/CO  -       CI->CO F     ADDFXL         1  4.9   118   259    3827    (-,-) 
  P10/csa_tree_add_33_32_groupi_cdnfadd7/CO  -       CI->CO F     ADDFXL         1  4.9   116   259    4085    (-,-) 
  P10/csa_tree_add_33_32_groupi_cdnfadd8/CO  -       CI->CO F     ADDFXL         1  4.9   116   258    4344    (-,-) 
  P10/csa_tree_add_33_32_groupi_cdnfadd9/CO  -       CI->CO F     ADDFXL         1  4.9   116   258    4602    (-,-) 
  P10/csa_tree_add_33_32_groupi_cdnfadd10/CO -       CI->CO F     ADDFXL         1  4.9   116   258    4861    (-,-) 
  P10/csa_tree_add_33_32_groupi_cdnfadd11/CO -       CI->CO F     ADDFXL         1  4.9   116   258    5119    (-,-) 
  P10/csa_tree_add_33_32_groupi_cdnfadd12/CO -       CI->CO F     ADDFXL         1  4.9   116   258    5377    (-,-) 
  P10/csa_tree_add_33_32_groupi_cdnfadd13/CO -       CI->CO F     ADDFXL         1  4.9   116   258    5636    (-,-) 
  P10/csa_tree_add_33_32_groupi_cdnfadd14/CO -       CI->CO F     ADDFXL         1  4.9   116   258    5894    (-,-) 
  P10/csa_tree_add_33_32_groupi_cdnfadd15/CO -       CI->CO F     ADDFXL         1  4.9   116   258    6153    (-,-) 
  P10/csa_tree_add_33_32_groupi_cdnfadd16/CO -       CI->CO F     ADDFXL         1  4.9   116   258    6411    (-,-) 
  P10/csa_tree_add_33_32_groupi_cdnfadd17/CO -       CI->CO F     ADDFXL         1  4.9   116   258    6669    (-,-) 
  P10/csa_tree_add_33_32_groupi_cdnfadd18/CO -       CI->CO F     ADDFXL         1  4.9   116   258    6928    (-,-) 
  P10/csa_tree_add_33_32_groupi_cdnfadd19/CO -       CI->CO F     ADDFXL         1  4.9   116   258    7186    (-,-) 
  P10/csa_tree_add_33_32_groupi_cdnfadd20/CO -       CI->CO F     ADDFXL         1  4.9   116   258    7445    (-,-) 
  P10/csa_tree_add_33_32_groupi_cdnfadd21/CO -       CI->CO F     ADDFXL         1  4.9   116   258    7703    (-,-) 
  P10/csa_tree_add_33_32_groupi_cdnfadd22/CO -       CI->CO F     ADDFXL         1  4.9   116   258    7961    (-,-) 
  P10/csa_tree_add_33_32_groupi_cdnfadd23/CO -       CI->CO F     ADDFXL         1  4.9   116   258    8220    (-,-) 
  P10/csa_tree_add_33_32_groupi_cdnfadd24/CO -       CI->CO F     ADDFXL         1  4.9   116   258    8478    (-,-) 
  P10/csa_tree_add_33_32_groupi_cdnfadd25/CO -       CI->CO F     ADDFXL         1  4.9   116   258    8737    (-,-) 
  P10/csa_tree_add_33_32_groupi_cdnfadd26/CO -       CI->CO F     ADDFXL         1  4.9   116   258    8995    (-,-) 
  P10/csa_tree_add_33_32_groupi_cdnfadd27/CO -       CI->CO F     ADDFXL         1  4.9   116   258    9253    (-,-) 
  P10/csa_tree_add_33_32_groupi_cdnfadd28/CO -       CI->CO F     ADDFXL         1  4.9   116   258    9512    (-,-) 
  P10/csa_tree_add_33_32_groupi_cdnfadd29/S  -       CI->S  R     ADDFXL         1  1.9    79   349    9861    (-,-) 
  P10/g116/Y                                 -       B->Y   R     MX2XL          1  2.3    77   150   10011    (-,-) 
  P10/result_reg[29]/D                       -       -      R     DFFRHQX1       1    -     -     0   10011    (-,-) 
#--------------------------------------------------------------------------------------------------------------------



Path 35: MET (2910 ps) Setup Check with Pin P9/result_reg[29]/CK->D
          Group: C2C
     Startpoint: (R) weight_reg_reg[8][2]/CK
          Clock: (R) clk
       Endpoint: (R) P9/result_reg[29]/D
          Clock: (R) clk

                     Capture       Launch     
        Clock Edge:+   13330            0     
       Src Latency:+       0            0     
       Net Latency:+       0 (I)        0 (I) 
           Arrival:=   13330            0     
                                              
             Setup:-     109                  
       Uncertainty:-     300                  
     Required Time:=   12921                  
      Launch Clock:-       0                  
         Data Path:-   10011                  
             Slack:=    2910                  

#-------------------------------------------------------------------------------------------------------------------
#               Timing Point                Flags    Arc   Edge   Cell     Fanout Load Trans Delay Arrival Instance 
#                                                                                 (fF)  (ps)  (ps)   (ps)  Location 
#-------------------------------------------------------------------------------------------------------------------
  weight_reg_reg[8][2]/CK                   -       -      R     (arrival)   1910    -   200     0       0    (-,-) 
  weight_reg_reg[8][2]/Q                    -       CK->Q  R     DFFRHQX1      26 49.3   422   650     650    (-,-) 
  P9/csa_tree_add_33_32_groupi_g3965/Y      -       A->Y   F     CLKINVX1      23 45.5   368   344     994    (-,-) 
  P9/csa_tree_add_33_32_groupi_g3910/Y      -       A->Y   R     MXI2XL         2  5.6   242   247    1241    (-,-) 
  P9/csa_tree_add_33_32_groupi_g3891/Y      -       B->Y   F     NAND2X1       18 30.3   426   352    1593    (-,-) 
  P9/csa_tree_add_33_32_groupi_g3858/Y      -       A0->Y  R     AOI21XL        1  3.7   198   215    1808    (-,-) 
  P9/csa_tree_add_33_32_groupi_g3769/Y      -       S0->Y  F     MXI2XL         1  6.2   237   159    1966    (-,-) 
  P9/csa_tree_add_33_32_groupi_cdnfadd/CO   -       B->CO  F     ADDFXL         1  4.9   118   307    2274    (-,-) 
  P9/csa_tree_add_33_32_groupi_cdnfadd1/CO  -       CI->CO F     ADDFXL         1  4.9   118   259    2533    (-,-) 
  P9/csa_tree_add_33_32_groupi_cdnfadd2/CO  -       CI->CO F     ADDFXL         1  4.9   118   259    2791    (-,-) 
  P9/csa_tree_add_33_32_groupi_cdnfadd3/CO  -       CI->CO F     ADDFXL         1  4.9   118   259    3050    (-,-) 
  P9/csa_tree_add_33_32_groupi_cdnfadd4/CO  -       CI->CO F     ADDFXL         1  4.9   118   259    3309    (-,-) 
  P9/csa_tree_add_33_32_groupi_cdnfadd5/CO  -       CI->CO F     ADDFXL         1  4.9   118   259    3568    (-,-) 
  P9/csa_tree_add_33_32_groupi_cdnfadd6/CO  -       CI->CO F     ADDFXL         1  4.9   118   259    3827    (-,-) 
  P9/csa_tree_add_33_32_groupi_cdnfadd7/CO  -       CI->CO F     ADDFXL         1  4.9   116   259    4085    (-,-) 
  P9/csa_tree_add_33_32_groupi_cdnfadd8/CO  -       CI->CO F     ADDFXL         1  4.9   116   258    4344    (-,-) 
  P9/csa_tree_add_33_32_groupi_cdnfadd9/CO  -       CI->CO F     ADDFXL         1  4.9   116   258    4602    (-,-) 
  P9/csa_tree_add_33_32_groupi_cdnfadd10/CO -       CI->CO F     ADDFXL         1  4.9   116   258    4861    (-,-) 
  P9/csa_tree_add_33_32_groupi_cdnfadd11/CO -       CI->CO F     ADDFXL         1  4.9   116   258    5119    (-,-) 
  P9/csa_tree_add_33_32_groupi_cdnfadd12/CO -       CI->CO F     ADDFXL         1  4.9   116   258    5377    (-,-) 
  P9/csa_tree_add_33_32_groupi_cdnfadd13/CO -       CI->CO F     ADDFXL         1  4.9   116   258    5636    (-,-) 
  P9/csa_tree_add_33_32_groupi_cdnfadd14/CO -       CI->CO F     ADDFXL         1  4.9   116   258    5894    (-,-) 
  P9/csa_tree_add_33_32_groupi_cdnfadd15/CO -       CI->CO F     ADDFXL         1  4.9   116   258    6153    (-,-) 
  P9/csa_tree_add_33_32_groupi_cdnfadd16/CO -       CI->CO F     ADDFXL         1  4.9   116   258    6411    (-,-) 
  P9/csa_tree_add_33_32_groupi_cdnfadd17/CO -       CI->CO F     ADDFXL         1  4.9   116   258    6669    (-,-) 
  P9/csa_tree_add_33_32_groupi_cdnfadd18/CO -       CI->CO F     ADDFXL         1  4.9   116   258    6928    (-,-) 
  P9/csa_tree_add_33_32_groupi_cdnfadd19/CO -       CI->CO F     ADDFXL         1  4.9   116   258    7186    (-,-) 
  P9/csa_tree_add_33_32_groupi_cdnfadd20/CO -       CI->CO F     ADDFXL         1  4.9   116   258    7445    (-,-) 
  P9/csa_tree_add_33_32_groupi_cdnfadd21/CO -       CI->CO F     ADDFXL         1  4.9   116   258    7703    (-,-) 
  P9/csa_tree_add_33_32_groupi_cdnfadd22/CO -       CI->CO F     ADDFXL         1  4.9   116   258    7961    (-,-) 
  P9/csa_tree_add_33_32_groupi_cdnfadd23/CO -       CI->CO F     ADDFXL         1  4.9   116   258    8220    (-,-) 
  P9/csa_tree_add_33_32_groupi_cdnfadd24/CO -       CI->CO F     ADDFXL         1  4.9   116   258    8478    (-,-) 
  P9/csa_tree_add_33_32_groupi_cdnfadd25/CO -       CI->CO F     ADDFXL         1  4.9   116   258    8737    (-,-) 
  P9/csa_tree_add_33_32_groupi_cdnfadd26/CO -       CI->CO F     ADDFXL         1  4.9   116   258    8995    (-,-) 
  P9/csa_tree_add_33_32_groupi_cdnfadd27/CO -       CI->CO F     ADDFXL         1  4.9   116   258    9253    (-,-) 
  P9/csa_tree_add_33_32_groupi_cdnfadd28/CO -       CI->CO F     ADDFXL         1  4.9   116   258    9512    (-,-) 
  P9/csa_tree_add_33_32_groupi_cdnfadd29/S  -       CI->S  R     ADDFXL         1  1.9    79   349    9861    (-,-) 
  P9/g116/Y                                 -       B->Y   R     MX2XL          1  2.3    77   150   10011    (-,-) 
  P9/result_reg[29]/D                       -       -      R     DFFRHQX1       1    -     -     0   10011    (-,-) 
#-------------------------------------------------------------------------------------------------------------------



Path 36: MET (2910 ps) Setup Check with Pin P8/result_reg[29]/CK->D
          Group: C2C
     Startpoint: (R) weight_reg_reg[7][2]/CK
          Clock: (R) clk
       Endpoint: (R) P8/result_reg[29]/D
          Clock: (R) clk

                     Capture       Launch     
        Clock Edge:+   13330            0     
       Src Latency:+       0            0     
       Net Latency:+       0 (I)        0 (I) 
           Arrival:=   13330            0     
                                              
             Setup:-     109                  
       Uncertainty:-     300                  
     Required Time:=   12921                  
      Launch Clock:-       0                  
         Data Path:-   10011                  
             Slack:=    2910                  

#-------------------------------------------------------------------------------------------------------------------
#               Timing Point                Flags    Arc   Edge   Cell     Fanout Load Trans Delay Arrival Instance 
#                                                                                 (fF)  (ps)  (ps)   (ps)  Location 
#-------------------------------------------------------------------------------------------------------------------
  weight_reg_reg[7][2]/CK                   -       -      R     (arrival)   1910    -   200     0       0    (-,-) 
  weight_reg_reg[7][2]/Q                    -       CK->Q  R     DFFRHQX1      26 49.3   422   650     650    (-,-) 
  P8/csa_tree_add_33_32_groupi_g3965/Y      -       A->Y   F     CLKINVX1      23 45.5   368   344     994    (-,-) 
  P8/csa_tree_add_33_32_groupi_g3910/Y      -       A->Y   R     MXI2XL         2  5.6   242   247    1241    (-,-) 
  P8/csa_tree_add_33_32_groupi_g3891/Y      -       B->Y   F     NAND2X1       18 30.3   426   352    1593    (-,-) 
  P8/csa_tree_add_33_32_groupi_g3858/Y      -       A0->Y  R     AOI21XL        1  3.7   198   215    1808    (-,-) 
  P8/csa_tree_add_33_32_groupi_g3769/Y      -       S0->Y  F     MXI2XL         1  6.2   237   159    1966    (-,-) 
  P8/csa_tree_add_33_32_groupi_cdnfadd/CO   -       B->CO  F     ADDFXL         1  4.9   118   307    2274    (-,-) 
  P8/csa_tree_add_33_32_groupi_cdnfadd1/CO  -       CI->CO F     ADDFXL         1  4.9   118   259    2533    (-,-) 
  P8/csa_tree_add_33_32_groupi_cdnfadd2/CO  -       CI->CO F     ADDFXL         1  4.9   118   259    2791    (-,-) 
  P8/csa_tree_add_33_32_groupi_cdnfadd3/CO  -       CI->CO F     ADDFXL         1  4.9   118   259    3050    (-,-) 
  P8/csa_tree_add_33_32_groupi_cdnfadd4/CO  -       CI->CO F     ADDFXL         1  4.9   118   259    3309    (-,-) 
  P8/csa_tree_add_33_32_groupi_cdnfadd5/CO  -       CI->CO F     ADDFXL         1  4.9   118   259    3568    (-,-) 
  P8/csa_tree_add_33_32_groupi_cdnfadd6/CO  -       CI->CO F     ADDFXL         1  4.9   118   259    3827    (-,-) 
  P8/csa_tree_add_33_32_groupi_cdnfadd7/CO  -       CI->CO F     ADDFXL         1  4.9   116   259    4085    (-,-) 
  P8/csa_tree_add_33_32_groupi_cdnfadd8/CO  -       CI->CO F     ADDFXL         1  4.9   116   258    4344    (-,-) 
  P8/csa_tree_add_33_32_groupi_cdnfadd9/CO  -       CI->CO F     ADDFXL         1  4.9   116   258    4602    (-,-) 
  P8/csa_tree_add_33_32_groupi_cdnfadd10/CO -       CI->CO F     ADDFXL         1  4.9   116   258    4861    (-,-) 
  P8/csa_tree_add_33_32_groupi_cdnfadd11/CO -       CI->CO F     ADDFXL         1  4.9   116   258    5119    (-,-) 
  P8/csa_tree_add_33_32_groupi_cdnfadd12/CO -       CI->CO F     ADDFXL         1  4.9   116   258    5377    (-,-) 
  P8/csa_tree_add_33_32_groupi_cdnfadd13/CO -       CI->CO F     ADDFXL         1  4.9   116   258    5636    (-,-) 
  P8/csa_tree_add_33_32_groupi_cdnfadd14/CO -       CI->CO F     ADDFXL         1  4.9   116   258    5894    (-,-) 
  P8/csa_tree_add_33_32_groupi_cdnfadd15/CO -       CI->CO F     ADDFXL         1  4.9   116   258    6153    (-,-) 
  P8/csa_tree_add_33_32_groupi_cdnfadd16/CO -       CI->CO F     ADDFXL         1  4.9   116   258    6411    (-,-) 
  P8/csa_tree_add_33_32_groupi_cdnfadd17/CO -       CI->CO F     ADDFXL         1  4.9   116   258    6669    (-,-) 
  P8/csa_tree_add_33_32_groupi_cdnfadd18/CO -       CI->CO F     ADDFXL         1  4.9   116   258    6928    (-,-) 
  P8/csa_tree_add_33_32_groupi_cdnfadd19/CO -       CI->CO F     ADDFXL         1  4.9   116   258    7186    (-,-) 
  P8/csa_tree_add_33_32_groupi_cdnfadd20/CO -       CI->CO F     ADDFXL         1  4.9   116   258    7445    (-,-) 
  P8/csa_tree_add_33_32_groupi_cdnfadd21/CO -       CI->CO F     ADDFXL         1  4.9   116   258    7703    (-,-) 
  P8/csa_tree_add_33_32_groupi_cdnfadd22/CO -       CI->CO F     ADDFXL         1  4.9   116   258    7961    (-,-) 
  P8/csa_tree_add_33_32_groupi_cdnfadd23/CO -       CI->CO F     ADDFXL         1  4.9   116   258    8220    (-,-) 
  P8/csa_tree_add_33_32_groupi_cdnfadd24/CO -       CI->CO F     ADDFXL         1  4.9   116   258    8478    (-,-) 
  P8/csa_tree_add_33_32_groupi_cdnfadd25/CO -       CI->CO F     ADDFXL         1  4.9   116   258    8737    (-,-) 
  P8/csa_tree_add_33_32_groupi_cdnfadd26/CO -       CI->CO F     ADDFXL         1  4.9   116   258    8995    (-,-) 
  P8/csa_tree_add_33_32_groupi_cdnfadd27/CO -       CI->CO F     ADDFXL         1  4.9   116   258    9253    (-,-) 
  P8/csa_tree_add_33_32_groupi_cdnfadd28/CO -       CI->CO F     ADDFXL         1  4.9   116   258    9512    (-,-) 
  P8/csa_tree_add_33_32_groupi_cdnfadd29/S  -       CI->S  R     ADDFXL         1  1.9    79   349    9861    (-,-) 
  P8/g116/Y                                 -       B->Y   R     MX2XL          1  2.3    77   150   10011    (-,-) 
  P8/result_reg[29]/D                       -       -      R     DFFRHQX1       1    -     -     0   10011    (-,-) 
#-------------------------------------------------------------------------------------------------------------------



Path 37: MET (2910 ps) Setup Check with Pin P7/result_reg[29]/CK->D
          Group: C2C
     Startpoint: (R) weight_reg_reg[6][2]/CK
          Clock: (R) clk
       Endpoint: (R) P7/result_reg[29]/D
          Clock: (R) clk

                     Capture       Launch     
        Clock Edge:+   13330            0     
       Src Latency:+       0            0     
       Net Latency:+       0 (I)        0 (I) 
           Arrival:=   13330            0     
                                              
             Setup:-     109                  
       Uncertainty:-     300                  
     Required Time:=   12921                  
      Launch Clock:-       0                  
         Data Path:-   10011                  
             Slack:=    2910                  

#-------------------------------------------------------------------------------------------------------------------
#               Timing Point                Flags    Arc   Edge   Cell     Fanout Load Trans Delay Arrival Instance 
#                                                                                 (fF)  (ps)  (ps)   (ps)  Location 
#-------------------------------------------------------------------------------------------------------------------
  weight_reg_reg[6][2]/CK                   -       -      R     (arrival)   1910    -   200     0       0    (-,-) 
  weight_reg_reg[6][2]/Q                    -       CK->Q  R     DFFRHQX1      26 49.3   422   650     650    (-,-) 
  P7/csa_tree_add_33_32_groupi_g3965/Y      -       A->Y   F     CLKINVX1      23 45.5   368   344     994    (-,-) 
  P7/csa_tree_add_33_32_groupi_g3910/Y      -       A->Y   R     MXI2XL         2  5.6   242   247    1241    (-,-) 
  P7/csa_tree_add_33_32_groupi_g3891/Y      -       B->Y   F     NAND2X1       18 30.3   426   352    1593    (-,-) 
  P7/csa_tree_add_33_32_groupi_g3858/Y      -       A0->Y  R     AOI21XL        1  3.7   198   215    1808    (-,-) 
  P7/csa_tree_add_33_32_groupi_g3769/Y      -       S0->Y  F     MXI2XL         1  6.2   237   159    1966    (-,-) 
  P7/csa_tree_add_33_32_groupi_cdnfadd/CO   -       B->CO  F     ADDFXL         1  4.9   118   307    2274    (-,-) 
  P7/csa_tree_add_33_32_groupi_cdnfadd1/CO  -       CI->CO F     ADDFXL         1  4.9   118   259    2533    (-,-) 
  P7/csa_tree_add_33_32_groupi_cdnfadd2/CO  -       CI->CO F     ADDFXL         1  4.9   118   259    2791    (-,-) 
  P7/csa_tree_add_33_32_groupi_cdnfadd3/CO  -       CI->CO F     ADDFXL         1  4.9   118   259    3050    (-,-) 
  P7/csa_tree_add_33_32_groupi_cdnfadd4/CO  -       CI->CO F     ADDFXL         1  4.9   118   259    3309    (-,-) 
  P7/csa_tree_add_33_32_groupi_cdnfadd5/CO  -       CI->CO F     ADDFXL         1  4.9   118   259    3568    (-,-) 
  P7/csa_tree_add_33_32_groupi_cdnfadd6/CO  -       CI->CO F     ADDFXL         1  4.9   118   259    3827    (-,-) 
  P7/csa_tree_add_33_32_groupi_cdnfadd7/CO  -       CI->CO F     ADDFXL         1  4.9   116   259    4085    (-,-) 
  P7/csa_tree_add_33_32_groupi_cdnfadd8/CO  -       CI->CO F     ADDFXL         1  4.9   116   258    4344    (-,-) 
  P7/csa_tree_add_33_32_groupi_cdnfadd9/CO  -       CI->CO F     ADDFXL         1  4.9   116   258    4602    (-,-) 
  P7/csa_tree_add_33_32_groupi_cdnfadd10/CO -       CI->CO F     ADDFXL         1  4.9   116   258    4861    (-,-) 
  P7/csa_tree_add_33_32_groupi_cdnfadd11/CO -       CI->CO F     ADDFXL         1  4.9   116   258    5119    (-,-) 
  P7/csa_tree_add_33_32_groupi_cdnfadd12/CO -       CI->CO F     ADDFXL         1  4.9   116   258    5377    (-,-) 
  P7/csa_tree_add_33_32_groupi_cdnfadd13/CO -       CI->CO F     ADDFXL         1  4.9   116   258    5636    (-,-) 
  P7/csa_tree_add_33_32_groupi_cdnfadd14/CO -       CI->CO F     ADDFXL         1  4.9   116   258    5894    (-,-) 
  P7/csa_tree_add_33_32_groupi_cdnfadd15/CO -       CI->CO F     ADDFXL         1  4.9   116   258    6153    (-,-) 
  P7/csa_tree_add_33_32_groupi_cdnfadd16/CO -       CI->CO F     ADDFXL         1  4.9   116   258    6411    (-,-) 
  P7/csa_tree_add_33_32_groupi_cdnfadd17/CO -       CI->CO F     ADDFXL         1  4.9   116   258    6669    (-,-) 
  P7/csa_tree_add_33_32_groupi_cdnfadd18/CO -       CI->CO F     ADDFXL         1  4.9   116   258    6928    (-,-) 
  P7/csa_tree_add_33_32_groupi_cdnfadd19/CO -       CI->CO F     ADDFXL         1  4.9   116   258    7186    (-,-) 
  P7/csa_tree_add_33_32_groupi_cdnfadd20/CO -       CI->CO F     ADDFXL         1  4.9   116   258    7445    (-,-) 
  P7/csa_tree_add_33_32_groupi_cdnfadd21/CO -       CI->CO F     ADDFXL         1  4.9   116   258    7703    (-,-) 
  P7/csa_tree_add_33_32_groupi_cdnfadd22/CO -       CI->CO F     ADDFXL         1  4.9   116   258    7961    (-,-) 
  P7/csa_tree_add_33_32_groupi_cdnfadd23/CO -       CI->CO F     ADDFXL         1  4.9   116   258    8220    (-,-) 
  P7/csa_tree_add_33_32_groupi_cdnfadd24/CO -       CI->CO F     ADDFXL         1  4.9   116   258    8478    (-,-) 
  P7/csa_tree_add_33_32_groupi_cdnfadd25/CO -       CI->CO F     ADDFXL         1  4.9   116   258    8737    (-,-) 
  P7/csa_tree_add_33_32_groupi_cdnfadd26/CO -       CI->CO F     ADDFXL         1  4.9   116   258    8995    (-,-) 
  P7/csa_tree_add_33_32_groupi_cdnfadd27/CO -       CI->CO F     ADDFXL         1  4.9   116   258    9253    (-,-) 
  P7/csa_tree_add_33_32_groupi_cdnfadd28/CO -       CI->CO F     ADDFXL         1  4.9   116   258    9512    (-,-) 
  P7/csa_tree_add_33_32_groupi_cdnfadd29/S  -       CI->S  R     ADDFXL         1  1.9    79   349    9861    (-,-) 
  P7/g116/Y                                 -       B->Y   R     MX2XL          1  2.3    77   150   10011    (-,-) 
  P7/result_reg[29]/D                       -       -      R     DFFRHQX1       1    -     -     0   10011    (-,-) 
#-------------------------------------------------------------------------------------------------------------------



Path 38: MET (2912 ps) Setup Check with Pin P15/result_reg[29]/CK->D
          Group: C2C
     Startpoint: (R) weight_reg_reg[14][2]/CK
          Clock: (R) clk
       Endpoint: (R) P15/result_reg[29]/D
          Clock: (R) clk

                     Capture       Launch     
        Clock Edge:+   13330            0     
       Src Latency:+       0            0     
       Net Latency:+       0 (I)        0 (I) 
           Arrival:=   13330            0     
                                              
             Setup:-     109                  
       Uncertainty:-     300                  
     Required Time:=   12921                  
      Launch Clock:-       0                  
         Data Path:-   10009                  
             Slack:=    2912                  

#--------------------------------------------------------------------------------------------------------------------
#               Timing Point                 Flags    Arc   Edge   Cell     Fanout Load Trans Delay Arrival Instance 
#                                                                                  (fF)  (ps)  (ps)   (ps)  Location 
#--------------------------------------------------------------------------------------------------------------------
  weight_reg_reg[14][2]/CK                   -       -      R     (arrival)   1910    -   200     0       0    (-,-) 
  weight_reg_reg[14][2]/Q                    -       CK->Q  R     DFFRHQX1      26 49.1   420   649     649    (-,-) 
  P15/csa_tree_add_33_32_groupi_g3965/Y      -       A->Y   F     CLKINVX1      23 45.5   367   344     993    (-,-) 
  P15/csa_tree_add_33_32_groupi_g3910/Y      -       A->Y   R     MXI2XL         2  5.6   242   247    1239    (-,-) 
  P15/csa_tree_add_33_32_groupi_g3891/Y      -       B->Y   F     NAND2X1       18 30.3   426   352    1591    (-,-) 
  P15/csa_tree_add_33_32_groupi_g3858/Y      -       A0->Y  R     AOI21XL        1  3.7   198   215    1806    (-,-) 
  P15/csa_tree_add_33_32_groupi_g3769/Y      -       S0->Y  F     MXI2XL         1  6.2   237   159    1965    (-,-) 
  P15/csa_tree_add_33_32_groupi_cdnfadd/CO   -       B->CO  F     ADDFXL         1  4.9   118   307    2272    (-,-) 
  P15/csa_tree_add_33_32_groupi_cdnfadd1/CO  -       CI->CO F     ADDFXL         1  4.9   118   259    2531    (-,-) 
  P15/csa_tree_add_33_32_groupi_cdnfadd2/CO  -       CI->CO F     ADDFXL         1  4.9   118   259    2790    (-,-) 
  P15/csa_tree_add_33_32_groupi_cdnfadd3/CO  -       CI->CO F     ADDFXL         1  4.9   118   259    3048    (-,-) 
  P15/csa_tree_add_33_32_groupi_cdnfadd4/CO  -       CI->CO F     ADDFXL         1  4.9   118   259    3307    (-,-) 
  P15/csa_tree_add_33_32_groupi_cdnfadd5/CO  -       CI->CO F     ADDFXL         1  4.9   118   259    3566    (-,-) 
  P15/csa_tree_add_33_32_groupi_cdnfadd6/CO  -       CI->CO F     ADDFXL         1  4.9   118   259    3825    (-,-) 
  P15/csa_tree_add_33_32_groupi_cdnfadd7/CO  -       CI->CO F     ADDFXL         1  4.9   116   259    4084    (-,-) 
  P15/csa_tree_add_33_32_groupi_cdnfadd8/CO  -       CI->CO F     ADDFXL         1  4.9   116   258    4342    (-,-) 
  P15/csa_tree_add_33_32_groupi_cdnfadd9/CO  -       CI->CO F     ADDFXL         1  4.9   116   258    4600    (-,-) 
  P15/csa_tree_add_33_32_groupi_cdnfadd10/CO -       CI->CO F     ADDFXL         1  4.9   116   258    4859    (-,-) 
  P15/csa_tree_add_33_32_groupi_cdnfadd11/CO -       CI->CO F     ADDFXL         1  4.9   116   258    5117    (-,-) 
  P15/csa_tree_add_33_32_groupi_cdnfadd12/CO -       CI->CO F     ADDFXL         1  4.9   116   258    5376    (-,-) 
  P15/csa_tree_add_33_32_groupi_cdnfadd13/CO -       CI->CO F     ADDFXL         1  4.9   116   258    5634    (-,-) 
  P15/csa_tree_add_33_32_groupi_cdnfadd14/CO -       CI->CO F     ADDFXL         1  4.9   116   258    5892    (-,-) 
  P15/csa_tree_add_33_32_groupi_cdnfadd15/CO -       CI->CO F     ADDFXL         1  4.9   116   258    6151    (-,-) 
  P15/csa_tree_add_33_32_groupi_cdnfadd16/CO -       CI->CO F     ADDFXL         1  4.9   116   258    6409    (-,-) 
  P15/csa_tree_add_33_32_groupi_cdnfadd17/CO -       CI->CO F     ADDFXL         1  4.9   116   258    6668    (-,-) 
  P15/csa_tree_add_33_32_groupi_cdnfadd18/CO -       CI->CO F     ADDFXL         1  4.9   116   258    6926    (-,-) 
  P15/csa_tree_add_33_32_groupi_cdnfadd19/CO -       CI->CO F     ADDFXL         1  4.9   116   258    7184    (-,-) 
  P15/csa_tree_add_33_32_groupi_cdnfadd20/CO -       CI->CO F     ADDFXL         1  4.9   116   258    7443    (-,-) 
  P15/csa_tree_add_33_32_groupi_cdnfadd21/CO -       CI->CO F     ADDFXL         1  4.9   116   258    7701    (-,-) 
  P15/csa_tree_add_33_32_groupi_cdnfadd22/CO -       CI->CO F     ADDFXL         1  4.9   116   258    7960    (-,-) 
  P15/csa_tree_add_33_32_groupi_cdnfadd23/CO -       CI->CO F     ADDFXL         1  4.9   116   258    8218    (-,-) 
  P15/csa_tree_add_33_32_groupi_cdnfadd24/CO -       CI->CO F     ADDFXL         1  4.9   116   258    8476    (-,-) 
  P15/csa_tree_add_33_32_groupi_cdnfadd25/CO -       CI->CO F     ADDFXL         1  4.9   116   258    8735    (-,-) 
  P15/csa_tree_add_33_32_groupi_cdnfadd26/CO -       CI->CO F     ADDFXL         1  4.9   116   258    8993    (-,-) 
  P15/csa_tree_add_33_32_groupi_cdnfadd27/CO -       CI->CO F     ADDFXL         1  4.9   116   258    9252    (-,-) 
  P15/csa_tree_add_33_32_groupi_cdnfadd28/CO -       CI->CO F     ADDFXL         1  4.9   116   258    9510    (-,-) 
  P15/csa_tree_add_33_32_groupi_cdnfadd29/S  -       CI->S  R     ADDFXL         1  1.9    79   349    9859    (-,-) 
  P15/g116/Y                                 -       B->Y   R     MX2XL          1  2.3    77   150   10009    (-,-) 
  P15/result_reg[29]/D                       -       -      R     DFFRHQX2       1    -     -     0   10009    (-,-) 
#--------------------------------------------------------------------------------------------------------------------



Path 39: MET (2912 ps) Setup Check with Pin P6/result_reg[29]/CK->D
          Group: C2C
     Startpoint: (R) weight_reg_reg[5][2]/CK
          Clock: (R) clk
       Endpoint: (R) P6/result_reg[29]/D
          Clock: (R) clk

                     Capture       Launch     
        Clock Edge:+   13330            0     
       Src Latency:+       0            0     
       Net Latency:+       0 (I)        0 (I) 
           Arrival:=   13330            0     
                                              
             Setup:-     109                  
       Uncertainty:-     300                  
     Required Time:=   12921                  
      Launch Clock:-       0                  
         Data Path:-   10009                  
             Slack:=    2912                  

#-------------------------------------------------------------------------------------------------------------------
#               Timing Point                Flags    Arc   Edge   Cell     Fanout Load Trans Delay Arrival Instance 
#                                                                                 (fF)  (ps)  (ps)   (ps)  Location 
#-------------------------------------------------------------------------------------------------------------------
  weight_reg_reg[5][2]/CK                   -       -      R     (arrival)   1910    -   200     0       0    (-,-) 
  weight_reg_reg[5][2]/Q                    -       CK->Q  R     DFFRHQX1      26 49.1   420   649     649    (-,-) 
  P6/csa_tree_add_33_32_groupi_g3965/Y      -       A->Y   F     CLKINVX1      23 45.5   367   344     993    (-,-) 
  P6/csa_tree_add_33_32_groupi_g3910/Y      -       A->Y   R     MXI2XL         2  5.6   242   247    1239    (-,-) 
  P6/csa_tree_add_33_32_groupi_g3891/Y      -       B->Y   F     NAND2X1       18 30.3   426   352    1591    (-,-) 
  P6/csa_tree_add_33_32_groupi_g3858/Y      -       A0->Y  R     AOI21XL        1  3.7   198   215    1806    (-,-) 
  P6/csa_tree_add_33_32_groupi_g3769/Y      -       S0->Y  F     MXI2XL         1  6.2   237   159    1965    (-,-) 
  P6/csa_tree_add_33_32_groupi_cdnfadd/CO   -       B->CO  F     ADDFXL         1  4.9   118   307    2272    (-,-) 
  P6/csa_tree_add_33_32_groupi_cdnfadd1/CO  -       CI->CO F     ADDFXL         1  4.9   118   259    2531    (-,-) 
  P6/csa_tree_add_33_32_groupi_cdnfadd2/CO  -       CI->CO F     ADDFXL         1  4.9   118   259    2790    (-,-) 
  P6/csa_tree_add_33_32_groupi_cdnfadd3/CO  -       CI->CO F     ADDFXL         1  4.9   118   259    3048    (-,-) 
  P6/csa_tree_add_33_32_groupi_cdnfadd4/CO  -       CI->CO F     ADDFXL         1  4.9   118   259    3307    (-,-) 
  P6/csa_tree_add_33_32_groupi_cdnfadd5/CO  -       CI->CO F     ADDFXL         1  4.9   118   259    3566    (-,-) 
  P6/csa_tree_add_33_32_groupi_cdnfadd6/CO  -       CI->CO F     ADDFXL         1  4.9   118   259    3825    (-,-) 
  P6/csa_tree_add_33_32_groupi_cdnfadd7/CO  -       CI->CO F     ADDFXL         1  4.9   116   259    4084    (-,-) 
  P6/csa_tree_add_33_32_groupi_cdnfadd8/CO  -       CI->CO F     ADDFXL         1  4.9   116   258    4342    (-,-) 
  P6/csa_tree_add_33_32_groupi_cdnfadd9/CO  -       CI->CO F     ADDFXL         1  4.9   116   258    4600    (-,-) 
  P6/csa_tree_add_33_32_groupi_cdnfadd10/CO -       CI->CO F     ADDFXL         1  4.9   116   258    4859    (-,-) 
  P6/csa_tree_add_33_32_groupi_cdnfadd11/CO -       CI->CO F     ADDFXL         1  4.9   116   258    5117    (-,-) 
  P6/csa_tree_add_33_32_groupi_cdnfadd12/CO -       CI->CO F     ADDFXL         1  4.9   116   258    5376    (-,-) 
  P6/csa_tree_add_33_32_groupi_cdnfadd13/CO -       CI->CO F     ADDFXL         1  4.9   116   258    5634    (-,-) 
  P6/csa_tree_add_33_32_groupi_cdnfadd14/CO -       CI->CO F     ADDFXL         1  4.9   116   258    5892    (-,-) 
  P6/csa_tree_add_33_32_groupi_cdnfadd15/CO -       CI->CO F     ADDFXL         1  4.9   116   258    6151    (-,-) 
  P6/csa_tree_add_33_32_groupi_cdnfadd16/CO -       CI->CO F     ADDFXL         1  4.9   116   258    6409    (-,-) 
  P6/csa_tree_add_33_32_groupi_cdnfadd17/CO -       CI->CO F     ADDFXL         1  4.9   116   258    6668    (-,-) 
  P6/csa_tree_add_33_32_groupi_cdnfadd18/CO -       CI->CO F     ADDFXL         1  4.9   116   258    6926    (-,-) 
  P6/csa_tree_add_33_32_groupi_cdnfadd19/CO -       CI->CO F     ADDFXL         1  4.9   116   258    7184    (-,-) 
  P6/csa_tree_add_33_32_groupi_cdnfadd20/CO -       CI->CO F     ADDFXL         1  4.9   116   258    7443    (-,-) 
  P6/csa_tree_add_33_32_groupi_cdnfadd21/CO -       CI->CO F     ADDFXL         1  4.9   116   258    7701    (-,-) 
  P6/csa_tree_add_33_32_groupi_cdnfadd22/CO -       CI->CO F     ADDFXL         1  4.9   116   258    7960    (-,-) 
  P6/csa_tree_add_33_32_groupi_cdnfadd23/CO -       CI->CO F     ADDFXL         1  4.9   116   258    8218    (-,-) 
  P6/csa_tree_add_33_32_groupi_cdnfadd24/CO -       CI->CO F     ADDFXL         1  4.9   116   258    8476    (-,-) 
  P6/csa_tree_add_33_32_groupi_cdnfadd25/CO -       CI->CO F     ADDFXL         1  4.9   116   258    8735    (-,-) 
  P6/csa_tree_add_33_32_groupi_cdnfadd26/CO -       CI->CO F     ADDFXL         1  4.9   116   258    8993    (-,-) 
  P6/csa_tree_add_33_32_groupi_cdnfadd27/CO -       CI->CO F     ADDFXL         1  4.9   116   258    9252    (-,-) 
  P6/csa_tree_add_33_32_groupi_cdnfadd28/CO -       CI->CO F     ADDFXL         1  4.9   116   258    9510    (-,-) 
  P6/csa_tree_add_33_32_groupi_cdnfadd29/S  -       CI->S  R     ADDFXL         1  1.9    79   349    9859    (-,-) 
  P6/g116/Y                                 -       B->Y   R     MX2XL          1  2.3    77   150   10009    (-,-) 
  P6/result_reg[29]/D                       -       -      R     DFFRHQX1       1    -     -     0   10009    (-,-) 
#-------------------------------------------------------------------------------------------------------------------



Path 40: MET (2912 ps) Setup Check with Pin P5/result_reg[29]/CK->D
          Group: C2C
     Startpoint: (R) weight_reg_reg[4][2]/CK
          Clock: (R) clk
       Endpoint: (R) P5/result_reg[29]/D
          Clock: (R) clk

                     Capture       Launch     
        Clock Edge:+   13330            0     
       Src Latency:+       0            0     
       Net Latency:+       0 (I)        0 (I) 
           Arrival:=   13330            0     
                                              
             Setup:-     109                  
       Uncertainty:-     300                  
     Required Time:=   12921                  
      Launch Clock:-       0                  
         Data Path:-   10009                  
             Slack:=    2912                  

#-------------------------------------------------------------------------------------------------------------------
#               Timing Point                Flags    Arc   Edge   Cell     Fanout Load Trans Delay Arrival Instance 
#                                                                                 (fF)  (ps)  (ps)   (ps)  Location 
#-------------------------------------------------------------------------------------------------------------------
  weight_reg_reg[4][2]/CK                   -       -      R     (arrival)   1910    -   200     0       0    (-,-) 
  weight_reg_reg[4][2]/Q                    -       CK->Q  R     DFFRHQX1      26 49.1   420   649     649    (-,-) 
  P5/csa_tree_add_33_32_groupi_g3965/Y      -       A->Y   F     CLKINVX1      23 45.5   367   344     993    (-,-) 
  P5/csa_tree_add_33_32_groupi_g3910/Y      -       A->Y   R     MXI2XL         2  5.6   242   247    1239    (-,-) 
  P5/csa_tree_add_33_32_groupi_g3891/Y      -       B->Y   F     NAND2X1       18 30.3   426   352    1591    (-,-) 
  P5/csa_tree_add_33_32_groupi_g3858/Y      -       A0->Y  R     AOI21XL        1  3.7   198   215    1806    (-,-) 
  P5/csa_tree_add_33_32_groupi_g3769/Y      -       S0->Y  F     MXI2XL         1  6.2   237   159    1965    (-,-) 
  P5/csa_tree_add_33_32_groupi_cdnfadd/CO   -       B->CO  F     ADDFXL         1  4.9   118   307    2272    (-,-) 
  P5/csa_tree_add_33_32_groupi_cdnfadd1/CO  -       CI->CO F     ADDFXL         1  4.9   118   259    2531    (-,-) 
  P5/csa_tree_add_33_32_groupi_cdnfadd2/CO  -       CI->CO F     ADDFXL         1  4.9   118   259    2790    (-,-) 
  P5/csa_tree_add_33_32_groupi_cdnfadd3/CO  -       CI->CO F     ADDFXL         1  4.9   118   259    3048    (-,-) 
  P5/csa_tree_add_33_32_groupi_cdnfadd4/CO  -       CI->CO F     ADDFXL         1  4.9   118   259    3307    (-,-) 
  P5/csa_tree_add_33_32_groupi_cdnfadd5/CO  -       CI->CO F     ADDFXL         1  4.9   118   259    3566    (-,-) 
  P5/csa_tree_add_33_32_groupi_cdnfadd6/CO  -       CI->CO F     ADDFXL         1  4.9   118   259    3825    (-,-) 
  P5/csa_tree_add_33_32_groupi_cdnfadd7/CO  -       CI->CO F     ADDFXL         1  4.9   116   259    4084    (-,-) 
  P5/csa_tree_add_33_32_groupi_cdnfadd8/CO  -       CI->CO F     ADDFXL         1  4.9   116   258    4342    (-,-) 
  P5/csa_tree_add_33_32_groupi_cdnfadd9/CO  -       CI->CO F     ADDFXL         1  4.9   116   258    4600    (-,-) 
  P5/csa_tree_add_33_32_groupi_cdnfadd10/CO -       CI->CO F     ADDFXL         1  4.9   116   258    4859    (-,-) 
  P5/csa_tree_add_33_32_groupi_cdnfadd11/CO -       CI->CO F     ADDFXL         1  4.9   116   258    5117    (-,-) 
  P5/csa_tree_add_33_32_groupi_cdnfadd12/CO -       CI->CO F     ADDFXL         1  4.9   116   258    5376    (-,-) 
  P5/csa_tree_add_33_32_groupi_cdnfadd13/CO -       CI->CO F     ADDFXL         1  4.9   116   258    5634    (-,-) 
  P5/csa_tree_add_33_32_groupi_cdnfadd14/CO -       CI->CO F     ADDFXL         1  4.9   116   258    5892    (-,-) 
  P5/csa_tree_add_33_32_groupi_cdnfadd15/CO -       CI->CO F     ADDFXL         1  4.9   116   258    6151    (-,-) 
  P5/csa_tree_add_33_32_groupi_cdnfadd16/CO -       CI->CO F     ADDFXL         1  4.9   116   258    6409    (-,-) 
  P5/csa_tree_add_33_32_groupi_cdnfadd17/CO -       CI->CO F     ADDFXL         1  4.9   116   258    6668    (-,-) 
  P5/csa_tree_add_33_32_groupi_cdnfadd18/CO -       CI->CO F     ADDFXL         1  4.9   116   258    6926    (-,-) 
  P5/csa_tree_add_33_32_groupi_cdnfadd19/CO -       CI->CO F     ADDFXL         1  4.9   116   258    7184    (-,-) 
  P5/csa_tree_add_33_32_groupi_cdnfadd20/CO -       CI->CO F     ADDFXL         1  4.9   116   258    7443    (-,-) 
  P5/csa_tree_add_33_32_groupi_cdnfadd21/CO -       CI->CO F     ADDFXL         1  4.9   116   258    7701    (-,-) 
  P5/csa_tree_add_33_32_groupi_cdnfadd22/CO -       CI->CO F     ADDFXL         1  4.9   116   258    7960    (-,-) 
  P5/csa_tree_add_33_32_groupi_cdnfadd23/CO -       CI->CO F     ADDFXL         1  4.9   116   258    8218    (-,-) 
  P5/csa_tree_add_33_32_groupi_cdnfadd24/CO -       CI->CO F     ADDFXL         1  4.9   116   258    8476    (-,-) 
  P5/csa_tree_add_33_32_groupi_cdnfadd25/CO -       CI->CO F     ADDFXL         1  4.9   116   258    8735    (-,-) 
  P5/csa_tree_add_33_32_groupi_cdnfadd26/CO -       CI->CO F     ADDFXL         1  4.9   116   258    8993    (-,-) 
  P5/csa_tree_add_33_32_groupi_cdnfadd27/CO -       CI->CO F     ADDFXL         1  4.9   116   258    9252    (-,-) 
  P5/csa_tree_add_33_32_groupi_cdnfadd28/CO -       CI->CO F     ADDFXL         1  4.9   116   258    9510    (-,-) 
  P5/csa_tree_add_33_32_groupi_cdnfadd29/S  -       CI->S  R     ADDFXL         1  1.9    79   349    9859    (-,-) 
  P5/g116/Y                                 -       B->Y   R     MX2XL          1  2.3    77   150   10009    (-,-) 
  P5/result_reg[29]/D                       -       -      R     DFFRHQX1       1    -     -     0   10009    (-,-) 
#-------------------------------------------------------------------------------------------------------------------



Path 41: MET (3014 ps) Setup Check with Pin P4/result_reg[30]/CK->D
          Group: C2C
     Startpoint: (R) P3/outp_east_reg[1]/CK
          Clock: (R) clk
       Endpoint: (R) P4/result_reg[30]/D
          Clock: (R) clk

                     Capture       Launch     
        Clock Edge:+   13330            0     
       Src Latency:+       0            0     
       Net Latency:+       0 (I)        0 (I) 
           Arrival:=   13330            0     
                                              
             Setup:-     109                  
       Uncertainty:-     300                  
     Required Time:=   12921                  
      Launch Clock:-       0                  
         Data Path:-    9907                  
             Slack:=    3014                  

#------------------------------------------------------------------------------------------------------
#        Timing Point          Flags    Arc   Edge   Cell     Fanout Load Trans Delay Arrival Instance 
#                                                                    (fF)  (ps)  (ps)   (ps)  Location 
#------------------------------------------------------------------------------------------------------
  P3/outp_east_reg[1]/CK       -       -      R     (arrival)   1910    -   200     0       0    (-,-) 
  P3/outp_east_reg[1]/Q        (P)     CK->Q  F     DFFRHQX1       7 16.2   129   454     454    (-,-) 
  P4/mul_23_62_g4140/Y         -       A->Y   R     INVXL         16 26.3   403   324     779    (-,-) 
  P4/mul_23_62_g4136/Y         -       B->Y   F     NOR2XL         2  6.5   180   142     920    (-,-) 
  P4/mul_23_62_g3983/CO        -       CI->CO F     ADDFXL         1  4.9   117   277    1197    (-,-) 
  P4/mul_23_62_g3952/CO        -       CI->CO F     ADDFXL         1  4.9   117   258    1456    (-,-) 
  P4/mul_23_62_g3925/CO        -       CI->CO F     ADDFXL         1  4.9   116   259    1714    (-,-) 
  P4/mul_23_62_g3898/CO        -       CI->CO F     ADDFXL         1  4.9   116   258    1972    (-,-) 
  P4/mul_23_62_g3886/CO        -       CI->CO F     ADDFXL         1  4.9   116   258    2231    (-,-) 
  P4/mul_23_62_g3874/CO        -       CI->CO F     ADDFXL         1  4.9   116   258    2489    (-,-) 
  P4/mul_23_62_g3862/CO        -       CI->CO F     ADDFXL         1  4.9   116   258    2748    (-,-) 
  P4/mul_23_62_g3850/CO        -       CI->CO F     ADDFXL         1  4.9   116   258    3006    (-,-) 
  P4/mul_23_62_g3837/CO        -       CI->CO F     ADDFXL         1  4.9   116   258    3264    (-,-) 
  P4/mul_23_62_g3824/CO        -       CI->CO F     ADDFXL         1  4.9   116   258    3523    (-,-) 
  P4/mul_23_62_g3811/CO        -       CI->CO F     ADDFXL         1  4.9   116   258    3781    (-,-) 
  P4/mul_23_62_g3797/CO        -       CI->CO F     ADDFXL         1  4.9   117   258    4040    (-,-) 
  P4/mul_23_62_g3783/S         -       CI->S  R     ADDFXL         5  8.0   165   420    4459    (-,-) 
  P4/mul_23_62_g3782/Y         -       A->Y   F     INVXL          1  1.6    64    52    4511    (-,-) 
  P4/mul_23_62_g3778/Y         -       A0->Y  R     OAI21XL        1  3.7   224   144    4655    (-,-) 
  P4/mul_23_62_g3764/Y         -       S0->Y  R     MXI2XL         1  4.9   220   220    4875    (-,-) 
  P4/mul_23_62_cdnfadd_014_2/S -       CI->S  F     ADDFXL         1  6.2   130   381    5256    (-,-) 
  P4/mul_23_62_cdnfadd14/CO    -       B->CO  F     ADDFXL         1  4.9   116   276    5532    (-,-) 
  P4/mul_23_62_cdnfadd15/CO    -       CI->CO F     ADDFXL         1  4.9   116   258    5790    (-,-) 
  P4/mul_23_62_cdnfadd16/CO    -       CI->CO F     ADDFXL         1  4.9   116   258    6049    (-,-) 
  P4/mul_23_62_cdnfadd17/CO    -       CI->CO F     ADDFXL         1  4.9   116   258    6307    (-,-) 
  P4/mul_23_62_cdnfadd18/CO    -       CI->CO F     ADDFXL         1  4.9   116   258    6566    (-,-) 
  P4/mul_23_62_cdnfadd19/CO    -       CI->CO F     ADDFXL         1  4.9   116   258    6824    (-,-) 
  P4/mul_23_62_cdnfadd20/CO    -       CI->CO F     ADDFXL         1  4.9   116   258    7082    (-,-) 
  P4/mul_23_62_cdnfadd21/CO    -       CI->CO F     ADDFXL         1  4.9   116   258    7341    (-,-) 
  P4/mul_23_62_cdnfadd22/CO    -       CI->CO F     ADDFXL         1  4.9   116   258    7599    (-,-) 
  P4/mul_23_62_cdnfadd23/CO    -       CI->CO F     ADDFXL         1  4.9   116   258    7858    (-,-) 
  P4/mul_23_62_cdnfadd24/CO    -       CI->CO F     ADDFXL         1  4.9   116   258    8116    (-,-) 
  P4/mul_23_62_cdnfadd25/CO    -       CI->CO F     ADDFXL         1  4.9   116   258    8374    (-,-) 
  P4/mul_23_62_cdnfadd26/CO    -       CI->CO F     ADDFXL         1  4.9   116   258    8633    (-,-) 
  P4/mul_23_62_cdnfadd27/CO    -       CI->CO F     ADDFXL         1  4.9   116   258    8891    (-,-) 
  P4/mul_23_62_cdnfadd28/CO    -       CI->CO F     ADDFXL         1  4.9   116   258    9150    (-,-) 
  P4/mul_23_62_cdnfadd29/CO    -       CI->CO F     ADDFXL         1  4.9   116   258    9408    (-,-) 
  P4/mul_23_62_cdnfadd30/S     -       CI->S  R     ADDFXL         1  1.9    79   349    9757    (-,-) 
  P4/g108/Y                    -       B->Y   R     MX2XL          1  2.3    77   150    9907    (-,-) 
  P4/result_reg[30]/D          -       -      R     DFFRHQX1       1    -     -     0    9907    (-,-) 
#------------------------------------------------------------------------------------------------------

(P) : Instance is preserved



Path 42: MET (3014 ps) Setup Check with Pin P3/result_reg[30]/CK->D
          Group: C2C
     Startpoint: (R) P2/outp_east_reg[1]/CK
          Clock: (R) clk
       Endpoint: (R) P3/result_reg[30]/D
          Clock: (R) clk

                     Capture       Launch     
        Clock Edge:+   13330            0     
       Src Latency:+       0            0     
       Net Latency:+       0 (I)        0 (I) 
           Arrival:=   13330            0     
                                              
             Setup:-     109                  
       Uncertainty:-     300                  
     Required Time:=   12921                  
      Launch Clock:-       0                  
         Data Path:-    9907                  
             Slack:=    3014                  

#------------------------------------------------------------------------------------------------------
#        Timing Point          Flags    Arc   Edge   Cell     Fanout Load Trans Delay Arrival Instance 
#                                                                    (fF)  (ps)  (ps)   (ps)  Location 
#------------------------------------------------------------------------------------------------------
  P2/outp_east_reg[1]/CK       -       -      R     (arrival)   1910    -   200     0       0    (-,-) 
  P2/outp_east_reg[1]/Q        (P)     CK->Q  F     DFFRHQX1       7 16.2   129   454     454    (-,-) 
  P3/mul_23_62_g4140/Y         -       A->Y   R     INVXL         16 26.3   403   324     779    (-,-) 
  P3/mul_23_62_g4136/Y         -       B->Y   F     NOR2XL         2  6.5   180   142     920    (-,-) 
  P3/mul_23_62_g3983/CO        -       CI->CO F     ADDFXL         1  4.9   117   277    1197    (-,-) 
  P3/mul_23_62_g3952/CO        -       CI->CO F     ADDFXL         1  4.9   117   258    1456    (-,-) 
  P3/mul_23_62_g3925/CO        -       CI->CO F     ADDFXL         1  4.9   116   259    1714    (-,-) 
  P3/mul_23_62_g3898/CO        -       CI->CO F     ADDFXL         1  4.9   116   258    1972    (-,-) 
  P3/mul_23_62_g3886/CO        -       CI->CO F     ADDFXL         1  4.9   116   258    2231    (-,-) 
  P3/mul_23_62_g3874/CO        -       CI->CO F     ADDFXL         1  4.9   116   258    2489    (-,-) 
  P3/mul_23_62_g3862/CO        -       CI->CO F     ADDFXL         1  4.9   116   258    2748    (-,-) 
  P3/mul_23_62_g3850/CO        -       CI->CO F     ADDFXL         1  4.9   116   258    3006    (-,-) 
  P3/mul_23_62_g3837/CO        -       CI->CO F     ADDFXL         1  4.9   116   258    3264    (-,-) 
  P3/mul_23_62_g3824/CO        -       CI->CO F     ADDFXL         1  4.9   116   258    3523    (-,-) 
  P3/mul_23_62_g3811/CO        -       CI->CO F     ADDFXL         1  4.9   116   258    3781    (-,-) 
  P3/mul_23_62_g3797/CO        -       CI->CO F     ADDFXL         1  4.9   117   258    4040    (-,-) 
  P3/mul_23_62_g3783/S         -       CI->S  R     ADDFXL         5  8.0   165   420    4459    (-,-) 
  P3/mul_23_62_g3782/Y         -       A->Y   F     INVXL          1  1.6    64    52    4511    (-,-) 
  P3/mul_23_62_g3778/Y         -       A0->Y  R     OAI21XL        1  3.7   224   144    4655    (-,-) 
  P3/mul_23_62_g3764/Y         -       S0->Y  R     MXI2XL         1  4.9   220   220    4875    (-,-) 
  P3/mul_23_62_cdnfadd_014_2/S -       CI->S  F     ADDFXL         1  6.2   130   381    5256    (-,-) 
  P3/mul_23_62_cdnfadd14/CO    -       B->CO  F     ADDFXL         1  4.9   116   276    5532    (-,-) 
  P3/mul_23_62_cdnfadd15/CO    -       CI->CO F     ADDFXL         1  4.9   116   258    5790    (-,-) 
  P3/mul_23_62_cdnfadd16/CO    -       CI->CO F     ADDFXL         1  4.9   116   258    6049    (-,-) 
  P3/mul_23_62_cdnfadd17/CO    -       CI->CO F     ADDFXL         1  4.9   116   258    6307    (-,-) 
  P3/mul_23_62_cdnfadd18/CO    -       CI->CO F     ADDFXL         1  4.9   116   258    6566    (-,-) 
  P3/mul_23_62_cdnfadd19/CO    -       CI->CO F     ADDFXL         1  4.9   116   258    6824    (-,-) 
  P3/mul_23_62_cdnfadd20/CO    -       CI->CO F     ADDFXL         1  4.9   116   258    7082    (-,-) 
  P3/mul_23_62_cdnfadd21/CO    -       CI->CO F     ADDFXL         1  4.9   116   258    7341    (-,-) 
  P3/mul_23_62_cdnfadd22/CO    -       CI->CO F     ADDFXL         1  4.9   116   258    7599    (-,-) 
  P3/mul_23_62_cdnfadd23/CO    -       CI->CO F     ADDFXL         1  4.9   116   258    7858    (-,-) 
  P3/mul_23_62_cdnfadd24/CO    -       CI->CO F     ADDFXL         1  4.9   116   258    8116    (-,-) 
  P3/mul_23_62_cdnfadd25/CO    -       CI->CO F     ADDFXL         1  4.9   116   258    8374    (-,-) 
  P3/mul_23_62_cdnfadd26/CO    -       CI->CO F     ADDFXL         1  4.9   116   258    8633    (-,-) 
  P3/mul_23_62_cdnfadd27/CO    -       CI->CO F     ADDFXL         1  4.9   116   258    8891    (-,-) 
  P3/mul_23_62_cdnfadd28/CO    -       CI->CO F     ADDFXL         1  4.9   116   258    9150    (-,-) 
  P3/mul_23_62_cdnfadd29/CO    -       CI->CO F     ADDFXL         1  4.9   116   258    9408    (-,-) 
  P3/mul_23_62_cdnfadd30/S     -       CI->S  R     ADDFXL         1  1.9    79   349    9757    (-,-) 
  P3/g108/Y                    -       B->Y   R     MX2XL          1  2.3    77   150    9907    (-,-) 
  P3/result_reg[30]/D          -       -      R     DFFRHQX1       1    -     -     0    9907    (-,-) 
#------------------------------------------------------------------------------------------------------

(P) : Instance is preserved



Path 43: MET (3014 ps) Setup Check with Pin P2/result_reg[30]/CK->D
          Group: C2C
     Startpoint: (R) P1/outp_east_reg[1]/CK
          Clock: (R) clk
       Endpoint: (R) P2/result_reg[30]/D
          Clock: (R) clk

                     Capture       Launch     
        Clock Edge:+   13330            0     
       Src Latency:+       0            0     
       Net Latency:+       0 (I)        0 (I) 
           Arrival:=   13330            0     
                                              
             Setup:-     109                  
       Uncertainty:-     300                  
     Required Time:=   12921                  
      Launch Clock:-       0                  
         Data Path:-    9907                  
             Slack:=    3014                  

#------------------------------------------------------------------------------------------------------------
#           Timing Point             Flags    Arc   Edge   Cell     Fanout Load Trans Delay Arrival Instance 
#                                                                          (fF)  (ps)  (ps)   (ps)  Location 
#------------------------------------------------------------------------------------------------------------
  P1/outp_east_reg[1]/CK             -       -      R     (arrival)   1910    -   200     0       0    (-,-) 
  P1/outp_east_reg[1]/Q              (P)     CK->Q  F     DFFRHQX1       7 16.2   129   454     454    (-,-) 
  P2/mul_23_62_g4140/Y               -       A->Y   R     INVXL         16 26.3   403   324     779    (-,-) 
  P2/mul_23_62_g4136/Y               -       B->Y   F     NOR2XL         2  6.5   180   142     920    (-,-) 
  P2/mul_23_62_g3983/CO              -       CI->CO F     ADDFXL         1  4.9   117   277    1197    (-,-) 
  P2/mul_23_62_g3952/CO              -       CI->CO F     ADDFXL         1  4.9   117   258    1456    (-,-) 
  P2/mul_23_62_g3925/CO              -       CI->CO F     ADDFXL         1  4.9   116   259    1714    (-,-) 
  P2/mul_23_62_g3898/CO              -       CI->CO F     ADDFXL         1  4.9   116   258    1972    (-,-) 
  P2/mul_23_62_g3886/CO              -       CI->CO F     ADDFXL         1  4.9   116   258    2231    (-,-) 
  P2/mul_23_62_g3874/CO              -       CI->CO F     ADDFXL         1  4.9   116   258    2489    (-,-) 
  P2/mul_23_62_g3862/CO              -       CI->CO F     ADDFXL         1  4.9   116   258    2748    (-,-) 
  P2/mul_23_62_g3850__6131/CO        -       CI->CO F     ADDFXL         1  4.9   116   258    3006    (-,-) 
  P2/mul_23_62_g3837__6260/CO        -       CI->CO F     ADDFXL         1  4.9   116   258    3264    (-,-) 
  P2/mul_23_62_g3824__4733/CO        -       CI->CO F     ADDFXL         1  4.9   116   258    3523    (-,-) 
  P2/mul_23_62_g3811__6783/CO        -       CI->CO F     ADDFXL         1  4.9   116   258    3781    (-,-) 
  P2/mul_23_62_g3797__9945/CO        -       CI->CO F     ADDFXL         1  4.9   117   258    4040    (-,-) 
  P2/mul_23_62_g3783__1617/S         -       CI->S  R     ADDFXL         5  8.0   165   420    4459    (-,-) 
  P2/mul_23_62_g3782/Y               -       A->Y   F     INVXL          1  1.6    64    52    4511    (-,-) 
  P2/mul_23_62_g3778__8428/Y         -       A0->Y  R     OAI21XL        1  3.7   224   144    4655    (-,-) 
  P2/mul_23_62_g3764__6161/Y         -       S0->Y  R     MXI2XL         1  4.9   220   220    4875    (-,-) 
  P2/mul_23_62_cdnfadd_014_2__9315/S -       CI->S  F     ADDFXL         1  6.2   130   381    5256    (-,-) 
  P2/mul_23_62_cdnfadd14__7098/CO    -       B->CO  F     ADDFXL         1  4.9   116   276    5532    (-,-) 
  P2/mul_23_62_cdnfadd15__6131/CO    -       CI->CO F     ADDFXL         1  4.9   116   258    5790    (-,-) 
  P2/mul_23_62_cdnfadd16__1881/CO    -       CI->CO F     ADDFXL         1  4.9   116   258    6049    (-,-) 
  P2/mul_23_62_cdnfadd17__5115/CO    -       CI->CO F     ADDFXL         1  4.9   116   258    6307    (-,-) 
  P2/mul_23_62_cdnfadd18__7482/CO    -       CI->CO F     ADDFXL         1  4.9   116   258    6566    (-,-) 
  P2/mul_23_62_cdnfadd19__4733/CO    -       CI->CO F     ADDFXL         1  4.9   116   258    6824    (-,-) 
  P2/mul_23_62_cdnfadd20__6161/CO    -       CI->CO F     ADDFXL         1  4.9   116   258    7082    (-,-) 
  P2/mul_23_62_cdnfadd21__9315/CO    -       CI->CO F     ADDFXL         1  4.9   116   258    7341    (-,-) 
  P2/mul_23_62_cdnfadd22__9945/CO    -       CI->CO F     ADDFXL         1  4.9   116   258    7599    (-,-) 
  P2/mul_23_62_cdnfadd23__2883/CO    -       CI->CO F     ADDFXL         1  4.9   116   258    7858    (-,-) 
  P2/mul_23_62_cdnfadd24__2346/CO    -       CI->CO F     ADDFXL         1  4.9   116   258    8116    (-,-) 
  P2/mul_23_62_cdnfadd25__1666/CO    -       CI->CO F     ADDFXL         1  4.9   116   258    8374    (-,-) 
  P2/mul_23_62_cdnfadd26__7410/CO    -       CI->CO F     ADDFXL         1  4.9   116   258    8633    (-,-) 
  P2/mul_23_62_cdnfadd27__6417/CO    -       CI->CO F     ADDFXL         1  4.9   116   258    8891    (-,-) 
  P2/mul_23_62_cdnfadd28__5477/CO    -       CI->CO F     ADDFXL         1  4.9   116   258    9150    (-,-) 
  P2/mul_23_62_cdnfadd29__2398/CO    -       CI->CO F     ADDFXL         1  4.9   116   258    9408    (-,-) 
  P2/mul_23_62_cdnfadd30__5107/S     -       CI->S  R     ADDFXL         1  1.9    79   349    9757    (-,-) 
  P2/g108__8246/Y                    -       B->Y   R     MX2XL          1  2.3    77   150    9907    (-,-) 
  P2/result_reg[30]/D                -       -      R     DFFRHQX1       1    -     -     0    9907    (-,-) 
#------------------------------------------------------------------------------------------------------------

(P) : Instance is preserved



Path 44: MET (3014 ps) Setup Check with Pin P1/result_reg[30]/CK->D
          Group: C2C
     Startpoint: (R) inP1_reg[1]/CK
          Clock: (R) clk
       Endpoint: (R) P1/result_reg[30]/D
          Clock: (R) clk

                     Capture       Launch     
        Clock Edge:+   13330            0     
       Src Latency:+       0            0     
       Net Latency:+       0 (I)        0 (I) 
           Arrival:=   13330            0     
                                              
             Setup:-     109                  
       Uncertainty:-     300                  
     Required Time:=   12921                  
      Launch Clock:-       0                  
         Data Path:-    9907                  
             Slack:=    3014                  

#------------------------------------------------------------------------------------------------------------
#           Timing Point             Flags    Arc   Edge   Cell     Fanout Load Trans Delay Arrival Instance 
#                                                                          (fF)  (ps)  (ps)   (ps)  Location 
#------------------------------------------------------------------------------------------------------------
  inP1_reg[1]/CK                     -       -      R     (arrival)   1910    -   200     0       0    (-,-) 
  inP1_reg[1]/Q                      -       CK->Q  F     DFFRHQX1       7 16.2   129   454     454    (-,-) 
  P1/mul_23_62_g4140/Y               -       A->Y   R     INVXL         16 26.3   403   324     779    (-,-) 
  P1/mul_23_62_g4136__5107/Y         -       B->Y   F     NOR2XL         2  6.5   180   142     920    (-,-) 
  P1/mul_23_62_g3983__4733/CO        -       CI->CO F     ADDFXL         1  4.9   117   277    1197    (-,-) 
  P1/mul_23_62_g3952__5115/CO        -       CI->CO F     ADDFXL         1  4.9   117   258    1456    (-,-) 
  P1/mul_23_62_g3925__4733/CO        -       CI->CO F     ADDFXL         1  4.9   116   259    1714    (-,-) 
  P1/mul_23_62_g3898__9315/CO        -       CI->CO F     ADDFXL         1  4.9   116   258    1972    (-,-) 
  P1/mul_23_62_g3886__2802/CO        -       CI->CO F     ADDFXL         1  4.9   116   258    2231    (-,-) 
  P1/mul_23_62_g3874__6417/CO        -       CI->CO F     ADDFXL         1  4.9   116   258    2489    (-,-) 
  P1/mul_23_62_g3862__1881/CO        -       CI->CO F     ADDFXL         1  4.9   116   258    2748    (-,-) 
  P1/mul_23_62_g3850__8428/CO        -       CI->CO F     ADDFXL         1  4.9   116   258    3006    (-,-) 
  P1/mul_23_62_g3837__9315/CO        -       CI->CO F     ADDFXL         1  4.9   116   258    3264    (-,-) 
  P1/mul_23_62_g3824__1617/CO        -       CI->CO F     ADDFXL         1  4.9   116   258    3523    (-,-) 
  P1/mul_23_62_g3811__1666/CO        -       CI->CO F     ADDFXL         1  4.9   116   258    3781    (-,-) 
  P1/mul_23_62_g3797__5122/CO        -       CI->CO F     ADDFXL         1  4.9   117   258    4040    (-,-) 
  P1/mul_23_62_g3783__6417/S         -       CI->S  R     ADDFXL         5  8.0   165   420    4459    (-,-) 
  P1/mul_23_62_g3782/Y               -       A->Y   F     INVXL          1  1.6    64    52    4511    (-,-) 
  P1/mul_23_62_g3778__2883/Y         -       A0->Y  R     OAI21XL        1  3.7   224   144    4655    (-,-) 
  P1/mul_23_62_g3764__2802/Y         -       S0->Y  R     MXI2XL         1  4.9   220   220    4875    (-,-) 
  P1/mul_23_62_cdnfadd_014_2__1705/S -       CI->S  F     ADDFXL         1  6.2   130   381    5256    (-,-) 
  P1/mul_23_62_cdnfadd14__4319/CO    -       B->CO  F     ADDFXL         1  4.9   116   276    5532    (-,-) 
  P1/mul_23_62_cdnfadd15__8428/CO    -       CI->CO F     ADDFXL         1  4.9   116   258    5790    (-,-) 
  P1/mul_23_62_cdnfadd16__5526/CO    -       CI->CO F     ADDFXL         1  4.9   116   258    6049    (-,-) 
  P1/mul_23_62_cdnfadd17__6783/CO    -       CI->CO F     ADDFXL         1  4.9   116   258    6307    (-,-) 
  P1/mul_23_62_cdnfadd18__3680/CO    -       CI->CO F     ADDFXL         1  4.9   116   258    6566    (-,-) 
  P1/mul_23_62_cdnfadd19__1617/CO    -       CI->CO F     ADDFXL         1  4.9   116   258    6824    (-,-) 
  P1/mul_23_62_cdnfadd20__2802/CO    -       CI->CO F     ADDFXL         1  4.9   116   258    7082    (-,-) 
  P1/mul_23_62_cdnfadd21__1705/CO    -       CI->CO F     ADDFXL         1  4.9   116   258    7341    (-,-) 
  P1/mul_23_62_cdnfadd22__5122/CO    -       CI->CO F     ADDFXL         1  4.9   116   258    7599    (-,-) 
  P1/mul_23_62_cdnfadd23__8246/CO    -       CI->CO F     ADDFXL         1  4.9   116   258    7858    (-,-) 
  P1/mul_23_62_cdnfadd24__7098/CO    -       CI->CO F     ADDFXL         1  4.9   116   258    8116    (-,-) 
  P1/mul_23_62_cdnfadd25__6131/CO    -       CI->CO F     ADDFXL         1  4.9   116   258    8374    (-,-) 
  P1/mul_23_62_cdnfadd26__1881/CO    -       CI->CO F     ADDFXL         1  4.9   116   258    8633    (-,-) 
  P1/mul_23_62_cdnfadd27__5115/CO    -       CI->CO F     ADDFXL         1  4.9   116   258    8891    (-,-) 
  P1/mul_23_62_cdnfadd28__7482/CO    -       CI->CO F     ADDFXL         1  4.9   116   258    9150    (-,-) 
  P1/mul_23_62_cdnfadd29__4733/CO    -       CI->CO F     ADDFXL         1  4.9   116   258    9408    (-,-) 
  P1/mul_23_62_cdnfadd30__6161/S     -       CI->S  R     ADDFXL         1  1.9    79   349    9757    (-,-) 
  P1/g108__6260/Y                    -       B->Y   R     MX2XL          1  2.3    77   150    9907    (-,-) 
  P1/result_reg[30]/D                -       -      R     DFFRHQX1       1    -     -     0    9907    (-,-) 
#------------------------------------------------------------------------------------------------------------



Path 45: MET (3168 ps) Setup Check with Pin P16/result_reg[28]/CK->D
          Group: C2C
     Startpoint: (R) weight_reg_reg[15][2]/CK
          Clock: (R) clk
       Endpoint: (R) P16/result_reg[28]/D
          Clock: (R) clk

                     Capture       Launch     
        Clock Edge:+   13330            0     
       Src Latency:+       0            0     
       Net Latency:+       0 (I)        0 (I) 
           Arrival:=   13330            0     
                                              
             Setup:-     109                  
       Uncertainty:-     300                  
     Required Time:=   12921                  
      Launch Clock:-       0                  
         Data Path:-    9753                  
             Slack:=    3168                  

#--------------------------------------------------------------------------------------------------------------------
#               Timing Point                 Flags    Arc   Edge   Cell     Fanout Load Trans Delay Arrival Instance 
#                                                                                  (fF)  (ps)  (ps)   (ps)  Location 
#--------------------------------------------------------------------------------------------------------------------
  weight_reg_reg[15][2]/CK                   -       -      R     (arrival)   1910    -   200     0       0    (-,-) 
  weight_reg_reg[15][2]/Q                    -       CK->Q  R     DFFRHQX1      26 49.3   422   650     650    (-,-) 
  P16/csa_tree_add_33_32_groupi_g3965/Y      -       A->Y   F     CLKINVX1      23 45.5   368   344     994    (-,-) 
  P16/csa_tree_add_33_32_groupi_g3910/Y      -       A->Y   R     MXI2XL         2  5.6   242   247    1241    (-,-) 
  P16/csa_tree_add_33_32_groupi_g3891/Y      -       B->Y   F     NAND2X1       18 30.3   426   352    1593    (-,-) 
  P16/csa_tree_add_33_32_groupi_g3858/Y      -       A0->Y  R     AOI21XL        1  3.7   198   215    1808    (-,-) 
  P16/csa_tree_add_33_32_groupi_g3769/Y      -       S0->Y  F     MXI2XL         1  6.2   237   159    1966    (-,-) 
  P16/csa_tree_add_33_32_groupi_cdnfadd/CO   -       B->CO  F     ADDFXL         1  4.9   118   307    2274    (-,-) 
  P16/csa_tree_add_33_32_groupi_cdnfadd1/CO  -       CI->CO F     ADDFXL         1  4.9   118   259    2533    (-,-) 
  P16/csa_tree_add_33_32_groupi_cdnfadd2/CO  -       CI->CO F     ADDFXL         1  4.9   118   259    2791    (-,-) 
  P16/csa_tree_add_33_32_groupi_cdnfadd3/CO  -       CI->CO F     ADDFXL         1  4.9   118   259    3050    (-,-) 
  P16/csa_tree_add_33_32_groupi_cdnfadd4/CO  -       CI->CO F     ADDFXL         1  4.9   118   259    3309    (-,-) 
  P16/csa_tree_add_33_32_groupi_cdnfadd5/CO  -       CI->CO F     ADDFXL         1  4.9   118   259    3568    (-,-) 
  P16/csa_tree_add_33_32_groupi_cdnfadd6/CO  -       CI->CO F     ADDFXL         1  4.9   118   259    3827    (-,-) 
  P16/csa_tree_add_33_32_groupi_cdnfadd7/CO  -       CI->CO F     ADDFXL         1  4.9   116   259    4085    (-,-) 
  P16/csa_tree_add_33_32_groupi_cdnfadd8/CO  -       CI->CO F     ADDFXL         1  4.9   116   258    4344    (-,-) 
  P16/csa_tree_add_33_32_groupi_cdnfadd9/CO  -       CI->CO F     ADDFXL         1  4.9   116   258    4602    (-,-) 
  P16/csa_tree_add_33_32_groupi_cdnfadd10/CO -       CI->CO F     ADDFXL         1  4.9   116   258    4861    (-,-) 
  P16/csa_tree_add_33_32_groupi_cdnfadd11/CO -       CI->CO F     ADDFXL         1  4.9   116   258    5119    (-,-) 
  P16/csa_tree_add_33_32_groupi_cdnfadd12/CO -       CI->CO F     ADDFXL         1  4.9   116   258    5377    (-,-) 
  P16/csa_tree_add_33_32_groupi_cdnfadd13/CO -       CI->CO F     ADDFXL         1  4.9   116   258    5636    (-,-) 
  P16/csa_tree_add_33_32_groupi_cdnfadd14/CO -       CI->CO F     ADDFXL         1  4.9   116   258    5894    (-,-) 
  P16/csa_tree_add_33_32_groupi_cdnfadd15/CO -       CI->CO F     ADDFXL         1  4.9   116   258    6153    (-,-) 
  P16/csa_tree_add_33_32_groupi_cdnfadd16/CO -       CI->CO F     ADDFXL         1  4.9   116   258    6411    (-,-) 
  P16/csa_tree_add_33_32_groupi_cdnfadd17/CO -       CI->CO F     ADDFXL         1  4.9   116   258    6669    (-,-) 
  P16/csa_tree_add_33_32_groupi_cdnfadd18/CO -       CI->CO F     ADDFXL         1  4.9   116   258    6928    (-,-) 
  P16/csa_tree_add_33_32_groupi_cdnfadd19/CO -       CI->CO F     ADDFXL         1  4.9   116   258    7186    (-,-) 
  P16/csa_tree_add_33_32_groupi_cdnfadd20/CO -       CI->CO F     ADDFXL         1  4.9   116   258    7445    (-,-) 
  P16/csa_tree_add_33_32_groupi_cdnfadd21/CO -       CI->CO F     ADDFXL         1  4.9   116   258    7703    (-,-) 
  P16/csa_tree_add_33_32_groupi_cdnfadd22/CO -       CI->CO F     ADDFXL         1  4.9   116   258    7961    (-,-) 
  P16/csa_tree_add_33_32_groupi_cdnfadd23/CO -       CI->CO F     ADDFXL         1  4.9   116   258    8220    (-,-) 
  P16/csa_tree_add_33_32_groupi_cdnfadd24/CO -       CI->CO F     ADDFXL         1  4.9   116   258    8478    (-,-) 
  P16/csa_tree_add_33_32_groupi_cdnfadd25/CO -       CI->CO F     ADDFXL         1  4.9   116   258    8737    (-,-) 
  P16/csa_tree_add_33_32_groupi_cdnfadd26/CO -       CI->CO F     ADDFXL         1  4.9   116   258    8995    (-,-) 
  P16/csa_tree_add_33_32_groupi_cdnfadd27/CO -       CI->CO F     ADDFXL         1  4.9   116   258    9253    (-,-) 
  P16/csa_tree_add_33_32_groupi_cdnfadd28/S  -       CI->S  R     ADDFXL         1  1.9    79   349    9602    (-,-) 
  P16/g113/Y                                 -       B->Y   R     MX2XL          1  2.3    77   150    9753    (-,-) 
  P16/result_reg[28]/D                       -       -      R     DFFRHQX2       1    -     -     0    9753    (-,-) 
#--------------------------------------------------------------------------------------------------------------------



Path 46: MET (3168 ps) Setup Check with Pin P14/result_reg[28]/CK->D
          Group: C2C
     Startpoint: (R) weight_reg_reg[13][2]/CK
          Clock: (R) clk
       Endpoint: (R) P14/result_reg[28]/D
          Clock: (R) clk

                     Capture       Launch     
        Clock Edge:+   13330            0     
       Src Latency:+       0            0     
       Net Latency:+       0 (I)        0 (I) 
           Arrival:=   13330            0     
                                              
             Setup:-     109                  
       Uncertainty:-     300                  
     Required Time:=   12921                  
      Launch Clock:-       0                  
         Data Path:-    9753                  
             Slack:=    3168                  

#--------------------------------------------------------------------------------------------------------------------
#               Timing Point                 Flags    Arc   Edge   Cell     Fanout Load Trans Delay Arrival Instance 
#                                                                                  (fF)  (ps)  (ps)   (ps)  Location 
#--------------------------------------------------------------------------------------------------------------------
  weight_reg_reg[13][2]/CK                   -       -      R     (arrival)   1910    -   200     0       0    (-,-) 
  weight_reg_reg[13][2]/Q                    -       CK->Q  R     DFFRHQX1      26 49.3   422   650     650    (-,-) 
  P14/csa_tree_add_33_32_groupi_g3965/Y      -       A->Y   F     CLKINVX1      23 45.5   368   344     994    (-,-) 
  P14/csa_tree_add_33_32_groupi_g3910/Y      -       A->Y   R     MXI2XL         2  5.6   242   247    1241    (-,-) 
  P14/csa_tree_add_33_32_groupi_g3891/Y      -       B->Y   F     NAND2X1       18 30.3   426   352    1593    (-,-) 
  P14/csa_tree_add_33_32_groupi_g3858/Y      -       A0->Y  R     AOI21XL        1  3.7   198   215    1808    (-,-) 
  P14/csa_tree_add_33_32_groupi_g3769/Y      -       S0->Y  F     MXI2XL         1  6.2   237   159    1966    (-,-) 
  P14/csa_tree_add_33_32_groupi_cdnfadd/CO   -       B->CO  F     ADDFXL         1  4.9   118   307    2274    (-,-) 
  P14/csa_tree_add_33_32_groupi_cdnfadd1/CO  -       CI->CO F     ADDFXL         1  4.9   118   259    2533    (-,-) 
  P14/csa_tree_add_33_32_groupi_cdnfadd2/CO  -       CI->CO F     ADDFXL         1  4.9   118   259    2791    (-,-) 
  P14/csa_tree_add_33_32_groupi_cdnfadd3/CO  -       CI->CO F     ADDFXL         1  4.9   118   259    3050    (-,-) 
  P14/csa_tree_add_33_32_groupi_cdnfadd4/CO  -       CI->CO F     ADDFXL         1  4.9   118   259    3309    (-,-) 
  P14/csa_tree_add_33_32_groupi_cdnfadd5/CO  -       CI->CO F     ADDFXL         1  4.9   118   259    3568    (-,-) 
  P14/csa_tree_add_33_32_groupi_cdnfadd6/CO  -       CI->CO F     ADDFXL         1  4.9   118   259    3827    (-,-) 
  P14/csa_tree_add_33_32_groupi_cdnfadd7/CO  -       CI->CO F     ADDFXL         1  4.9   116   259    4085    (-,-) 
  P14/csa_tree_add_33_32_groupi_cdnfadd8/CO  -       CI->CO F     ADDFXL         1  4.9   116   258    4344    (-,-) 
  P14/csa_tree_add_33_32_groupi_cdnfadd9/CO  -       CI->CO F     ADDFXL         1  4.9   116   258    4602    (-,-) 
  P14/csa_tree_add_33_32_groupi_cdnfadd10/CO -       CI->CO F     ADDFXL         1  4.9   116   258    4861    (-,-) 
  P14/csa_tree_add_33_32_groupi_cdnfadd11/CO -       CI->CO F     ADDFXL         1  4.9   116   258    5119    (-,-) 
  P14/csa_tree_add_33_32_groupi_cdnfadd12/CO -       CI->CO F     ADDFXL         1  4.9   116   258    5377    (-,-) 
  P14/csa_tree_add_33_32_groupi_cdnfadd13/CO -       CI->CO F     ADDFXL         1  4.9   116   258    5636    (-,-) 
  P14/csa_tree_add_33_32_groupi_cdnfadd14/CO -       CI->CO F     ADDFXL         1  4.9   116   258    5894    (-,-) 
  P14/csa_tree_add_33_32_groupi_cdnfadd15/CO -       CI->CO F     ADDFXL         1  4.9   116   258    6153    (-,-) 
  P14/csa_tree_add_33_32_groupi_cdnfadd16/CO -       CI->CO F     ADDFXL         1  4.9   116   258    6411    (-,-) 
  P14/csa_tree_add_33_32_groupi_cdnfadd17/CO -       CI->CO F     ADDFXL         1  4.9   116   258    6669    (-,-) 
  P14/csa_tree_add_33_32_groupi_cdnfadd18/CO -       CI->CO F     ADDFXL         1  4.9   116   258    6928    (-,-) 
  P14/csa_tree_add_33_32_groupi_cdnfadd19/CO -       CI->CO F     ADDFXL         1  4.9   116   258    7186    (-,-) 
  P14/csa_tree_add_33_32_groupi_cdnfadd20/CO -       CI->CO F     ADDFXL         1  4.9   116   258    7445    (-,-) 
  P14/csa_tree_add_33_32_groupi_cdnfadd21/CO -       CI->CO F     ADDFXL         1  4.9   116   258    7703    (-,-) 
  P14/csa_tree_add_33_32_groupi_cdnfadd22/CO -       CI->CO F     ADDFXL         1  4.9   116   258    7961    (-,-) 
  P14/csa_tree_add_33_32_groupi_cdnfadd23/CO -       CI->CO F     ADDFXL         1  4.9   116   258    8220    (-,-) 
  P14/csa_tree_add_33_32_groupi_cdnfadd24/CO -       CI->CO F     ADDFXL         1  4.9   116   258    8478    (-,-) 
  P14/csa_tree_add_33_32_groupi_cdnfadd25/CO -       CI->CO F     ADDFXL         1  4.9   116   258    8737    (-,-) 
  P14/csa_tree_add_33_32_groupi_cdnfadd26/CO -       CI->CO F     ADDFXL         1  4.9   116   258    8995    (-,-) 
  P14/csa_tree_add_33_32_groupi_cdnfadd27/CO -       CI->CO F     ADDFXL         1  4.9   116   258    9253    (-,-) 
  P14/csa_tree_add_33_32_groupi_cdnfadd28/S  -       CI->S  R     ADDFXL         1  1.9    79   349    9602    (-,-) 
  P14/g111/Y                                 -       B->Y   R     MX2XL          1  2.3    77   150    9753    (-,-) 
  P14/result_reg[28]/D                       -       -      R     DFFRHQX2       1    -     -     0    9753    (-,-) 
#--------------------------------------------------------------------------------------------------------------------



Path 47: MET (3168 ps) Setup Check with Pin P13/result_reg[28]/CK->D
          Group: C2C
     Startpoint: (R) weight_reg_reg[12][2]/CK
          Clock: (R) clk
       Endpoint: (R) P13/result_reg[28]/D
          Clock: (R) clk

                     Capture       Launch     
        Clock Edge:+   13330            0     
       Src Latency:+       0            0     
       Net Latency:+       0 (I)        0 (I) 
           Arrival:=   13330            0     
                                              
             Setup:-     109                  
       Uncertainty:-     300                  
     Required Time:=   12921                  
      Launch Clock:-       0                  
         Data Path:-    9753                  
             Slack:=    3168                  

#--------------------------------------------------------------------------------------------------------------------
#               Timing Point                 Flags    Arc   Edge   Cell     Fanout Load Trans Delay Arrival Instance 
#                                                                                  (fF)  (ps)  (ps)   (ps)  Location 
#--------------------------------------------------------------------------------------------------------------------
  weight_reg_reg[12][2]/CK                   -       -      R     (arrival)   1910    -   200     0       0    (-,-) 
  weight_reg_reg[12][2]/Q                    -       CK->Q  R     DFFRHQX1      26 49.3   422   650     650    (-,-) 
  P13/csa_tree_add_33_32_groupi_g3965/Y      -       A->Y   F     CLKINVX1      23 45.5   368   344     994    (-,-) 
  P13/csa_tree_add_33_32_groupi_g3910/Y      -       A->Y   R     MXI2XL         2  5.6   242   247    1241    (-,-) 
  P13/csa_tree_add_33_32_groupi_g3891/Y      -       B->Y   F     NAND2X1       18 30.3   426   352    1593    (-,-) 
  P13/csa_tree_add_33_32_groupi_g3858/Y      -       A0->Y  R     AOI21XL        1  3.7   198   215    1808    (-,-) 
  P13/csa_tree_add_33_32_groupi_g3769/Y      -       S0->Y  F     MXI2XL         1  6.2   237   159    1966    (-,-) 
  P13/csa_tree_add_33_32_groupi_cdnfadd/CO   -       B->CO  F     ADDFXL         1  4.9   118   307    2274    (-,-) 
  P13/csa_tree_add_33_32_groupi_cdnfadd1/CO  -       CI->CO F     ADDFXL         1  4.9   118   259    2533    (-,-) 
  P13/csa_tree_add_33_32_groupi_cdnfadd2/CO  -       CI->CO F     ADDFXL         1  4.9   118   259    2791    (-,-) 
  P13/csa_tree_add_33_32_groupi_cdnfadd3/CO  -       CI->CO F     ADDFXL         1  4.9   118   259    3050    (-,-) 
  P13/csa_tree_add_33_32_groupi_cdnfadd4/CO  -       CI->CO F     ADDFXL         1  4.9   118   259    3309    (-,-) 
  P13/csa_tree_add_33_32_groupi_cdnfadd5/CO  -       CI->CO F     ADDFXL         1  4.9   118   259    3568    (-,-) 
  P13/csa_tree_add_33_32_groupi_cdnfadd6/CO  -       CI->CO F     ADDFXL         1  4.9   118   259    3827    (-,-) 
  P13/csa_tree_add_33_32_groupi_cdnfadd7/CO  -       CI->CO F     ADDFXL         1  4.9   116   259    4085    (-,-) 
  P13/csa_tree_add_33_32_groupi_cdnfadd8/CO  -       CI->CO F     ADDFXL         1  4.9   116   258    4344    (-,-) 
  P13/csa_tree_add_33_32_groupi_cdnfadd9/CO  -       CI->CO F     ADDFXL         1  4.9   116   258    4602    (-,-) 
  P13/csa_tree_add_33_32_groupi_cdnfadd10/CO -       CI->CO F     ADDFXL         1  4.9   116   258    4861    (-,-) 
  P13/csa_tree_add_33_32_groupi_cdnfadd11/CO -       CI->CO F     ADDFXL         1  4.9   116   258    5119    (-,-) 
  P13/csa_tree_add_33_32_groupi_cdnfadd12/CO -       CI->CO F     ADDFXL         1  4.9   116   258    5377    (-,-) 
  P13/csa_tree_add_33_32_groupi_cdnfadd13/CO -       CI->CO F     ADDFXL         1  4.9   116   258    5636    (-,-) 
  P13/csa_tree_add_33_32_groupi_cdnfadd14/CO -       CI->CO F     ADDFXL         1  4.9   116   258    5894    (-,-) 
  P13/csa_tree_add_33_32_groupi_cdnfadd15/CO -       CI->CO F     ADDFXL         1  4.9   116   258    6153    (-,-) 
  P13/csa_tree_add_33_32_groupi_cdnfadd16/CO -       CI->CO F     ADDFXL         1  4.9   116   258    6411    (-,-) 
  P13/csa_tree_add_33_32_groupi_cdnfadd17/CO -       CI->CO F     ADDFXL         1  4.9   116   258    6669    (-,-) 
  P13/csa_tree_add_33_32_groupi_cdnfadd18/CO -       CI->CO F     ADDFXL         1  4.9   116   258    6928    (-,-) 
  P13/csa_tree_add_33_32_groupi_cdnfadd19/CO -       CI->CO F     ADDFXL         1  4.9   116   258    7186    (-,-) 
  P13/csa_tree_add_33_32_groupi_cdnfadd20/CO -       CI->CO F     ADDFXL         1  4.9   116   258    7445    (-,-) 
  P13/csa_tree_add_33_32_groupi_cdnfadd21/CO -       CI->CO F     ADDFXL         1  4.9   116   258    7703    (-,-) 
  P13/csa_tree_add_33_32_groupi_cdnfadd22/CO -       CI->CO F     ADDFXL         1  4.9   116   258    7961    (-,-) 
  P13/csa_tree_add_33_32_groupi_cdnfadd23/CO -       CI->CO F     ADDFXL         1  4.9   116   258    8220    (-,-) 
  P13/csa_tree_add_33_32_groupi_cdnfadd24/CO -       CI->CO F     ADDFXL         1  4.9   116   258    8478    (-,-) 
  P13/csa_tree_add_33_32_groupi_cdnfadd25/CO -       CI->CO F     ADDFXL         1  4.9   116   258    8737    (-,-) 
  P13/csa_tree_add_33_32_groupi_cdnfadd26/CO -       CI->CO F     ADDFXL         1  4.9   116   258    8995    (-,-) 
  P13/csa_tree_add_33_32_groupi_cdnfadd27/CO -       CI->CO F     ADDFXL         1  4.9   116   258    9253    (-,-) 
  P13/csa_tree_add_33_32_groupi_cdnfadd28/S  -       CI->S  R     ADDFXL         1  1.9    79   349    9602    (-,-) 
  P13/g111/Y                                 -       B->Y   R     MX2XL          1  2.3    77   150    9753    (-,-) 
  P13/result_reg[28]/D                       -       -      R     DFFRHQX2       1    -     -     0    9753    (-,-) 
#--------------------------------------------------------------------------------------------------------------------



Path 48: MET (3168 ps) Setup Check with Pin P12/result_reg[28]/CK->D
          Group: C2C
     Startpoint: (R) weight_reg_reg[11][2]/CK
          Clock: (R) clk
       Endpoint: (R) P12/result_reg[28]/D
          Clock: (R) clk

                     Capture       Launch     
        Clock Edge:+   13330            0     
       Src Latency:+       0            0     
       Net Latency:+       0 (I)        0 (I) 
           Arrival:=   13330            0     
                                              
             Setup:-     109                  
       Uncertainty:-     300                  
     Required Time:=   12921                  
      Launch Clock:-       0                  
         Data Path:-    9753                  
             Slack:=    3168                  

#--------------------------------------------------------------------------------------------------------------------
#               Timing Point                 Flags    Arc   Edge   Cell     Fanout Load Trans Delay Arrival Instance 
#                                                                                  (fF)  (ps)  (ps)   (ps)  Location 
#--------------------------------------------------------------------------------------------------------------------
  weight_reg_reg[11][2]/CK                   -       -      R     (arrival)   1910    -   200     0       0    (-,-) 
  weight_reg_reg[11][2]/Q                    -       CK->Q  R     DFFRHQX1      26 49.3   422   650     650    (-,-) 
  P12/csa_tree_add_33_32_groupi_g3965/Y      -       A->Y   F     CLKINVX1      23 45.5   368   344     994    (-,-) 
  P12/csa_tree_add_33_32_groupi_g3910/Y      -       A->Y   R     MXI2XL         2  5.6   242   247    1241    (-,-) 
  P12/csa_tree_add_33_32_groupi_g3891/Y      -       B->Y   F     NAND2X1       18 30.3   426   352    1593    (-,-) 
  P12/csa_tree_add_33_32_groupi_g3858/Y      -       A0->Y  R     AOI21XL        1  3.7   198   215    1808    (-,-) 
  P12/csa_tree_add_33_32_groupi_g3769/Y      -       S0->Y  F     MXI2XL         1  6.2   237   159    1966    (-,-) 
  P12/csa_tree_add_33_32_groupi_cdnfadd/CO   -       B->CO  F     ADDFXL         1  4.9   118   307    2274    (-,-) 
  P12/csa_tree_add_33_32_groupi_cdnfadd1/CO  -       CI->CO F     ADDFXL         1  4.9   118   259    2533    (-,-) 
  P12/csa_tree_add_33_32_groupi_cdnfadd2/CO  -       CI->CO F     ADDFXL         1  4.9   118   259    2791    (-,-) 
  P12/csa_tree_add_33_32_groupi_cdnfadd3/CO  -       CI->CO F     ADDFXL         1  4.9   118   259    3050    (-,-) 
  P12/csa_tree_add_33_32_groupi_cdnfadd4/CO  -       CI->CO F     ADDFXL         1  4.9   118   259    3309    (-,-) 
  P12/csa_tree_add_33_32_groupi_cdnfadd5/CO  -       CI->CO F     ADDFXL         1  4.9   118   259    3568    (-,-) 
  P12/csa_tree_add_33_32_groupi_cdnfadd6/CO  -       CI->CO F     ADDFXL         1  4.9   118   259    3827    (-,-) 
  P12/csa_tree_add_33_32_groupi_cdnfadd7/CO  -       CI->CO F     ADDFXL         1  4.9   116   259    4085    (-,-) 
  P12/csa_tree_add_33_32_groupi_cdnfadd8/CO  -       CI->CO F     ADDFXL         1  4.9   116   258    4344    (-,-) 
  P12/csa_tree_add_33_32_groupi_cdnfadd9/CO  -       CI->CO F     ADDFXL         1  4.9   116   258    4602    (-,-) 
  P12/csa_tree_add_33_32_groupi_cdnfadd10/CO -       CI->CO F     ADDFXL         1  4.9   116   258    4861    (-,-) 
  P12/csa_tree_add_33_32_groupi_cdnfadd11/CO -       CI->CO F     ADDFXL         1  4.9   116   258    5119    (-,-) 
  P12/csa_tree_add_33_32_groupi_cdnfadd12/CO -       CI->CO F     ADDFXL         1  4.9   116   258    5377    (-,-) 
  P12/csa_tree_add_33_32_groupi_cdnfadd13/CO -       CI->CO F     ADDFXL         1  4.9   116   258    5636    (-,-) 
  P12/csa_tree_add_33_32_groupi_cdnfadd14/CO -       CI->CO F     ADDFXL         1  4.9   116   258    5894    (-,-) 
  P12/csa_tree_add_33_32_groupi_cdnfadd15/CO -       CI->CO F     ADDFXL         1  4.9   116   258    6153    (-,-) 
  P12/csa_tree_add_33_32_groupi_cdnfadd16/CO -       CI->CO F     ADDFXL         1  4.9   116   258    6411    (-,-) 
  P12/csa_tree_add_33_32_groupi_cdnfadd17/CO -       CI->CO F     ADDFXL         1  4.9   116   258    6669    (-,-) 
  P12/csa_tree_add_33_32_groupi_cdnfadd18/CO -       CI->CO F     ADDFXL         1  4.9   116   258    6928    (-,-) 
  P12/csa_tree_add_33_32_groupi_cdnfadd19/CO -       CI->CO F     ADDFXL         1  4.9   116   258    7186    (-,-) 
  P12/csa_tree_add_33_32_groupi_cdnfadd20/CO -       CI->CO F     ADDFXL         1  4.9   116   258    7445    (-,-) 
  P12/csa_tree_add_33_32_groupi_cdnfadd21/CO -       CI->CO F     ADDFXL         1  4.9   116   258    7703    (-,-) 
  P12/csa_tree_add_33_32_groupi_cdnfadd22/CO -       CI->CO F     ADDFXL         1  4.9   116   258    7961    (-,-) 
  P12/csa_tree_add_33_32_groupi_cdnfadd23/CO -       CI->CO F     ADDFXL         1  4.9   116   258    8220    (-,-) 
  P12/csa_tree_add_33_32_groupi_cdnfadd24/CO -       CI->CO F     ADDFXL         1  4.9   116   258    8478    (-,-) 
  P12/csa_tree_add_33_32_groupi_cdnfadd25/CO -       CI->CO F     ADDFXL         1  4.9   116   258    8737    (-,-) 
  P12/csa_tree_add_33_32_groupi_cdnfadd26/CO -       CI->CO F     ADDFXL         1  4.9   116   258    8995    (-,-) 
  P12/csa_tree_add_33_32_groupi_cdnfadd27/CO -       CI->CO F     ADDFXL         1  4.9   116   258    9253    (-,-) 
  P12/csa_tree_add_33_32_groupi_cdnfadd28/S  -       CI->S  R     ADDFXL         1  1.9    79   349    9602    (-,-) 
  P12/g111/Y                                 -       B->Y   R     MX2XL          1  2.3    77   150    9753    (-,-) 
  P12/result_reg[28]/D                       -       -      R     DFFRHQX1       1    -     -     0    9753    (-,-) 
#--------------------------------------------------------------------------------------------------------------------



Path 49: MET (3168 ps) Setup Check with Pin P11/result_reg[28]/CK->D
          Group: C2C
     Startpoint: (R) weight_reg_reg[10][2]/CK
          Clock: (R) clk
       Endpoint: (R) P11/result_reg[28]/D
          Clock: (R) clk

                     Capture       Launch     
        Clock Edge:+   13330            0     
       Src Latency:+       0            0     
       Net Latency:+       0 (I)        0 (I) 
           Arrival:=   13330            0     
                                              
             Setup:-     109                  
       Uncertainty:-     300                  
     Required Time:=   12921                  
      Launch Clock:-       0                  
         Data Path:-    9753                  
             Slack:=    3168                  

#--------------------------------------------------------------------------------------------------------------------
#               Timing Point                 Flags    Arc   Edge   Cell     Fanout Load Trans Delay Arrival Instance 
#                                                                                  (fF)  (ps)  (ps)   (ps)  Location 
#--------------------------------------------------------------------------------------------------------------------
  weight_reg_reg[10][2]/CK                   -       -      R     (arrival)   1910    -   200     0       0    (-,-) 
  weight_reg_reg[10][2]/Q                    -       CK->Q  R     DFFRHQX1      26 49.3   422   650     650    (-,-) 
  P11/csa_tree_add_33_32_groupi_g3965/Y      -       A->Y   F     CLKINVX1      23 45.5   368   344     994    (-,-) 
  P11/csa_tree_add_33_32_groupi_g3910/Y      -       A->Y   R     MXI2XL         2  5.6   242   247    1241    (-,-) 
  P11/csa_tree_add_33_32_groupi_g3891/Y      -       B->Y   F     NAND2X1       18 30.3   426   352    1593    (-,-) 
  P11/csa_tree_add_33_32_groupi_g3858/Y      -       A0->Y  R     AOI21XL        1  3.7   198   215    1808    (-,-) 
  P11/csa_tree_add_33_32_groupi_g3769/Y      -       S0->Y  F     MXI2XL         1  6.2   237   159    1966    (-,-) 
  P11/csa_tree_add_33_32_groupi_cdnfadd/CO   -       B->CO  F     ADDFXL         1  4.9   118   307    2274    (-,-) 
  P11/csa_tree_add_33_32_groupi_cdnfadd1/CO  -       CI->CO F     ADDFXL         1  4.9   118   259    2533    (-,-) 
  P11/csa_tree_add_33_32_groupi_cdnfadd2/CO  -       CI->CO F     ADDFXL         1  4.9   118   259    2791    (-,-) 
  P11/csa_tree_add_33_32_groupi_cdnfadd3/CO  -       CI->CO F     ADDFXL         1  4.9   118   259    3050    (-,-) 
  P11/csa_tree_add_33_32_groupi_cdnfadd4/CO  -       CI->CO F     ADDFXL         1  4.9   118   259    3309    (-,-) 
  P11/csa_tree_add_33_32_groupi_cdnfadd5/CO  -       CI->CO F     ADDFXL         1  4.9   118   259    3568    (-,-) 
  P11/csa_tree_add_33_32_groupi_cdnfadd6/CO  -       CI->CO F     ADDFXL         1  4.9   118   259    3827    (-,-) 
  P11/csa_tree_add_33_32_groupi_cdnfadd7/CO  -       CI->CO F     ADDFXL         1  4.9   116   259    4085    (-,-) 
  P11/csa_tree_add_33_32_groupi_cdnfadd8/CO  -       CI->CO F     ADDFXL         1  4.9   116   258    4344    (-,-) 
  P11/csa_tree_add_33_32_groupi_cdnfadd9/CO  -       CI->CO F     ADDFXL         1  4.9   116   258    4602    (-,-) 
  P11/csa_tree_add_33_32_groupi_cdnfadd10/CO -       CI->CO F     ADDFXL         1  4.9   116   258    4861    (-,-) 
  P11/csa_tree_add_33_32_groupi_cdnfadd11/CO -       CI->CO F     ADDFXL         1  4.9   116   258    5119    (-,-) 
  P11/csa_tree_add_33_32_groupi_cdnfadd12/CO -       CI->CO F     ADDFXL         1  4.9   116   258    5377    (-,-) 
  P11/csa_tree_add_33_32_groupi_cdnfadd13/CO -       CI->CO F     ADDFXL         1  4.9   116   258    5636    (-,-) 
  P11/csa_tree_add_33_32_groupi_cdnfadd14/CO -       CI->CO F     ADDFXL         1  4.9   116   258    5894    (-,-) 
  P11/csa_tree_add_33_32_groupi_cdnfadd15/CO -       CI->CO F     ADDFXL         1  4.9   116   258    6153    (-,-) 
  P11/csa_tree_add_33_32_groupi_cdnfadd16/CO -       CI->CO F     ADDFXL         1  4.9   116   258    6411    (-,-) 
  P11/csa_tree_add_33_32_groupi_cdnfadd17/CO -       CI->CO F     ADDFXL         1  4.9   116   258    6669    (-,-) 
  P11/csa_tree_add_33_32_groupi_cdnfadd18/CO -       CI->CO F     ADDFXL         1  4.9   116   258    6928    (-,-) 
  P11/csa_tree_add_33_32_groupi_cdnfadd19/CO -       CI->CO F     ADDFXL         1  4.9   116   258    7186    (-,-) 
  P11/csa_tree_add_33_32_groupi_cdnfadd20/CO -       CI->CO F     ADDFXL         1  4.9   116   258    7445    (-,-) 
  P11/csa_tree_add_33_32_groupi_cdnfadd21/CO -       CI->CO F     ADDFXL         1  4.9   116   258    7703    (-,-) 
  P11/csa_tree_add_33_32_groupi_cdnfadd22/CO -       CI->CO F     ADDFXL         1  4.9   116   258    7961    (-,-) 
  P11/csa_tree_add_33_32_groupi_cdnfadd23/CO -       CI->CO F     ADDFXL         1  4.9   116   258    8220    (-,-) 
  P11/csa_tree_add_33_32_groupi_cdnfadd24/CO -       CI->CO F     ADDFXL         1  4.9   116   258    8478    (-,-) 
  P11/csa_tree_add_33_32_groupi_cdnfadd25/CO -       CI->CO F     ADDFXL         1  4.9   116   258    8737    (-,-) 
  P11/csa_tree_add_33_32_groupi_cdnfadd26/CO -       CI->CO F     ADDFXL         1  4.9   116   258    8995    (-,-) 
  P11/csa_tree_add_33_32_groupi_cdnfadd27/CO -       CI->CO F     ADDFXL         1  4.9   116   258    9253    (-,-) 
  P11/csa_tree_add_33_32_groupi_cdnfadd28/S  -       CI->S  R     ADDFXL         1  1.9    79   349    9602    (-,-) 
  P11/g111/Y                                 -       B->Y   R     MX2XL          1  2.3    77   150    9753    (-,-) 
  P11/result_reg[28]/D                       -       -      R     DFFRHQX1       1    -     -     0    9753    (-,-) 
#--------------------------------------------------------------------------------------------------------------------



Path 50: MET (3168 ps) Setup Check with Pin P10/result_reg[28]/CK->D
          Group: C2C
     Startpoint: (R) weight_reg_reg[9][2]/CK
          Clock: (R) clk
       Endpoint: (R) P10/result_reg[28]/D
          Clock: (R) clk

                     Capture       Launch     
        Clock Edge:+   13330            0     
       Src Latency:+       0            0     
       Net Latency:+       0 (I)        0 (I) 
           Arrival:=   13330            0     
                                              
             Setup:-     109                  
       Uncertainty:-     300                  
     Required Time:=   12921                  
      Launch Clock:-       0                  
         Data Path:-    9753                  
             Slack:=    3168                  

#--------------------------------------------------------------------------------------------------------------------
#               Timing Point                 Flags    Arc   Edge   Cell     Fanout Load Trans Delay Arrival Instance 
#                                                                                  (fF)  (ps)  (ps)   (ps)  Location 
#--------------------------------------------------------------------------------------------------------------------
  weight_reg_reg[9][2]/CK                    -       -      R     (arrival)   1910    -   200     0       0    (-,-) 
  weight_reg_reg[9][2]/Q                     -       CK->Q  R     DFFRHQX1      26 49.3   422   650     650    (-,-) 
  P10/csa_tree_add_33_32_groupi_g3965/Y      -       A->Y   F     CLKINVX1      23 45.5   368   344     994    (-,-) 
  P10/csa_tree_add_33_32_groupi_g3910/Y      -       A->Y   R     MXI2XL         2  5.6   242   247    1241    (-,-) 
  P10/csa_tree_add_33_32_groupi_g3891/Y      -       B->Y   F     NAND2X1       18 30.3   426   352    1593    (-,-) 
  P10/csa_tree_add_33_32_groupi_g3858/Y      -       A0->Y  R     AOI21XL        1  3.7   198   215    1808    (-,-) 
  P10/csa_tree_add_33_32_groupi_g3769/Y      -       S0->Y  F     MXI2XL         1  6.2   237   159    1966    (-,-) 
  P10/csa_tree_add_33_32_groupi_cdnfadd/CO   -       B->CO  F     ADDFXL         1  4.9   118   307    2274    (-,-) 
  P10/csa_tree_add_33_32_groupi_cdnfadd1/CO  -       CI->CO F     ADDFXL         1  4.9   118   259    2533    (-,-) 
  P10/csa_tree_add_33_32_groupi_cdnfadd2/CO  -       CI->CO F     ADDFXL         1  4.9   118   259    2791    (-,-) 
  P10/csa_tree_add_33_32_groupi_cdnfadd3/CO  -       CI->CO F     ADDFXL         1  4.9   118   259    3050    (-,-) 
  P10/csa_tree_add_33_32_groupi_cdnfadd4/CO  -       CI->CO F     ADDFXL         1  4.9   118   259    3309    (-,-) 
  P10/csa_tree_add_33_32_groupi_cdnfadd5/CO  -       CI->CO F     ADDFXL         1  4.9   118   259    3568    (-,-) 
  P10/csa_tree_add_33_32_groupi_cdnfadd6/CO  -       CI->CO F     ADDFXL         1  4.9   118   259    3827    (-,-) 
  P10/csa_tree_add_33_32_groupi_cdnfadd7/CO  -       CI->CO F     ADDFXL         1  4.9   116   259    4085    (-,-) 
  P10/csa_tree_add_33_32_groupi_cdnfadd8/CO  -       CI->CO F     ADDFXL         1  4.9   116   258    4344    (-,-) 
  P10/csa_tree_add_33_32_groupi_cdnfadd9/CO  -       CI->CO F     ADDFXL         1  4.9   116   258    4602    (-,-) 
  P10/csa_tree_add_33_32_groupi_cdnfadd10/CO -       CI->CO F     ADDFXL         1  4.9   116   258    4861    (-,-) 
  P10/csa_tree_add_33_32_groupi_cdnfadd11/CO -       CI->CO F     ADDFXL         1  4.9   116   258    5119    (-,-) 
  P10/csa_tree_add_33_32_groupi_cdnfadd12/CO -       CI->CO F     ADDFXL         1  4.9   116   258    5377    (-,-) 
  P10/csa_tree_add_33_32_groupi_cdnfadd13/CO -       CI->CO F     ADDFXL         1  4.9   116   258    5636    (-,-) 
  P10/csa_tree_add_33_32_groupi_cdnfadd14/CO -       CI->CO F     ADDFXL         1  4.9   116   258    5894    (-,-) 
  P10/csa_tree_add_33_32_groupi_cdnfadd15/CO -       CI->CO F     ADDFXL         1  4.9   116   258    6153    (-,-) 
  P10/csa_tree_add_33_32_groupi_cdnfadd16/CO -       CI->CO F     ADDFXL         1  4.9   116   258    6411    (-,-) 
  P10/csa_tree_add_33_32_groupi_cdnfadd17/CO -       CI->CO F     ADDFXL         1  4.9   116   258    6669    (-,-) 
  P10/csa_tree_add_33_32_groupi_cdnfadd18/CO -       CI->CO F     ADDFXL         1  4.9   116   258    6928    (-,-) 
  P10/csa_tree_add_33_32_groupi_cdnfadd19/CO -       CI->CO F     ADDFXL         1  4.9   116   258    7186    (-,-) 
  P10/csa_tree_add_33_32_groupi_cdnfadd20/CO -       CI->CO F     ADDFXL         1  4.9   116   258    7445    (-,-) 
  P10/csa_tree_add_33_32_groupi_cdnfadd21/CO -       CI->CO F     ADDFXL         1  4.9   116   258    7703    (-,-) 
  P10/csa_tree_add_33_32_groupi_cdnfadd22/CO -       CI->CO F     ADDFXL         1  4.9   116   258    7961    (-,-) 
  P10/csa_tree_add_33_32_groupi_cdnfadd23/CO -       CI->CO F     ADDFXL         1  4.9   116   258    8220    (-,-) 
  P10/csa_tree_add_33_32_groupi_cdnfadd24/CO -       CI->CO F     ADDFXL         1  4.9   116   258    8478    (-,-) 
  P10/csa_tree_add_33_32_groupi_cdnfadd25/CO -       CI->CO F     ADDFXL         1  4.9   116   258    8737    (-,-) 
  P10/csa_tree_add_33_32_groupi_cdnfadd26/CO -       CI->CO F     ADDFXL         1  4.9   116   258    8995    (-,-) 
  P10/csa_tree_add_33_32_groupi_cdnfadd27/CO -       CI->CO F     ADDFXL         1  4.9   116   258    9253    (-,-) 
  P10/csa_tree_add_33_32_groupi_cdnfadd28/S  -       CI->S  R     ADDFXL         1  1.9    79   349    9602    (-,-) 
  P10/g111/Y                                 -       B->Y   R     MX2XL          1  2.3    77   150    9753    (-,-) 
  P10/result_reg[28]/D                       -       -      R     DFFRHQX1       1    -     -     0    9753    (-,-) 
#--------------------------------------------------------------------------------------------------------------------

