============================================================
  Generated by:           Genus(TM) Synthesis Solution 20.11-s111_1
  Generated on:           Apr 17 2026  11:16:13 pm
  Module:                 systolic_array
  Operating conditions:   slow (balanced_tree)
  Wireload mode:          enclosed
  Area mode:              timing library
============================================================


Path 1: MET (8777 ps) Setup Check with Pin P16/result_reg[31]/clk->d
          Group: C2C
     Startpoint: (R) weight_reg_reg[15][1]/clk
          Clock: (R) clk
       Endpoint: (R) P16/result_reg[31]/d
          Clock: (R) clk

                     Capture       Launch     
        Clock Edge:+   13330            0     
       Src Latency:+       0            0     
       Net Latency:+       0 (I)        0 (I) 
           Arrival:=   13330            0     
                                              
             Setup:-     298                  
       Uncertainty:-     300                  
     Required Time:=   12732                  
      Launch Clock:-       0                  
         Data Path:-    3955                  
             Slack:=    8777                  

#-------------------------------------------------------------------------------------------------------------------------
#             Timing Point              Flags    Arc    Edge       Cell         Fanout  Load Trans Delay Arrival Instance 
#                                                                                       (fF)  (ps)  (ps)   (ps)  Location 
#-------------------------------------------------------------------------------------------------------------------------
  weight_reg_reg[15][1]/clk             -       -       R     (arrival)           1910     -   200     0       0    (-,-) 
  weight_reg_reg[15][1]/q               (u)     clk->q  R     unmapped_d_flop       42  49.0     0   616     616    (-,-) 
  P16/csa_tree_add_33_32_groupi/g8065/z (u)     in_1->z F     unmapped_complex2      1   7.0     0    61     677    (-,-) 
  P16/csa_tree_add_33_32_groupi/g8066/z (u)     in_1->z R     unmapped_nand2        19 133.0     0   188     865    (-,-) 
  P16/csa_tree_add_33_32_groupi/g7449/z (u)     in_1->z F     unmapped_nand2         4  28.0     0   100     965    (-,-) 
  P16/csa_tree_add_33_32_groupi/g7303/z (u)     in_1->z F     unmapped_or2           1   7.0     0    61    1026    (-,-) 
  P16/csa_tree_add_33_32_groupi/g7304/z (u)     in_1->z R     unmapped_nand2         2  14.0     0    77    1103    (-,-) 
  P16/csa_tree_add_33_32_groupi/g7161/z (u)     in_1->z R     unmapped_complex2      1   7.0     0    61    1164    (-,-) 
  P16/csa_tree_add_33_32_groupi/g7162/z (u)     in_1->z F     unmapped_nand2         2  14.0     0    77    1241    (-,-) 
  P16/csa_tree_add_33_32_groupi/g6990/z (u)     in_0->z F     unmapped_complex2      2  14.0     0    77    1318    (-,-) 
  P16/csa_tree_add_33_32_groupi/g6584/z (u)     in_1->z R     unmapped_nand2         1   7.0     0    61    1379    (-,-) 
  P16/csa_tree_add_33_32_groupi/g6532/z (u)     in_1->z F     unmapped_nand2         3  21.0     0    90    1469    (-,-) 
  P16/csa_tree_add_33_32_groupi/g6311/z (u)     in_1->z R     unmapped_nand2         1   7.0     0    61    1530    (-,-) 
  P16/csa_tree_add_33_32_groupi/g6229/z (u)     in_0->z F     unmapped_nand2         3  21.0     0    90    1620    (-,-) 
  P16/csa_tree_add_33_32_groupi/g6162/z (u)     in_1->z R     unmapped_nand2         1   7.0     0    61    1680    (-,-) 
  P16/csa_tree_add_33_32_groupi/g6027/z (u)     in_1->z F     unmapped_nand2         4  28.0     0   100    1780    (-,-) 
  P16/csa_tree_add_33_32_groupi/g6012/z (u)     in_0->z F     unmapped_or2           1   7.0     0    61    1841    (-,-) 
  P16/csa_tree_add_33_32_groupi/g5948/z (u)     in_1->z R     unmapped_nand2         1   7.0     0    61    1902    (-,-) 
  P16/csa_tree_add_33_32_groupi/g5871/z (u)     in_1->z F     unmapped_nand2         3  21.0     0    90    1992    (-,-) 
  P16/csa_tree_add_33_32_groupi/g5863/z (u)     in_1->z R     unmapped_nand2         1   7.0     0    61    2053    (-,-) 
  P16/csa_tree_add_33_32_groupi/g5822/z (u)     in_0->z F     unmapped_nand2         3  21.0     0    90    2143    (-,-) 
  P16/csa_tree_add_33_32_groupi/g5807/z (u)     in_1->z R     unmapped_nand2         1   7.0     0    61    2204    (-,-) 
  P16/csa_tree_add_33_32_groupi/g5801/z (u)     in_0->z F     unmapped_nand2         4  28.0     0   100    2304    (-,-) 
  P16/csa_tree_add_33_32_groupi/g5791/z (u)     in_0->z R     unmapped_complex2      1   7.0     0    61    2365    (-,-) 
  P16/csa_tree_add_33_32_groupi/g5783/z (u)     in_0->z F     unmapped_complex2      3  21.0     0    90    2455    (-,-) 
  P16/csa_tree_add_33_32_groupi/g5767/z (u)     in_1->z R     unmapped_nand2         1   7.0     0    61    2516    (-,-) 
  P16/csa_tree_add_33_32_groupi/g5765/z (u)     in_1->z F     unmapped_nand2         3  21.0     0    90    2606    (-,-) 
  P16/csa_tree_add_33_32_groupi/g5755/z (u)     in_0->z R     unmapped_nand2         1   7.0     0    61    2666    (-,-) 
  P16/csa_tree_add_33_32_groupi/g5753/z (u)     in_0->z F     unmapped_nand2         4  28.0     0   100    2766    (-,-) 
  P16/csa_tree_add_33_32_groupi/g5752/z (u)     in_0->z R     unmapped_complex2      1   7.0     0    61    2827    (-,-) 
  P16/csa_tree_add_33_32_groupi/g5746/z (u)     in_0->z F     unmapped_complex2      3  21.0     0    90    2917    (-,-) 
  P16/csa_tree_add_33_32_groupi/g5740/z (u)     in_1->z R     unmapped_nand2         1   7.0     0    61    2978    (-,-) 
  P16/csa_tree_add_33_32_groupi/g5736/z (u)     in_1->z F     unmapped_nand2         3  21.0     0    90    3068    (-,-) 
  P16/csa_tree_add_33_32_groupi/g5732/z (u)     in_0->z R     unmapped_nand2         1   7.0     0    61    3129    (-,-) 
  P16/csa_tree_add_33_32_groupi/g5731/z (u)     in_0->z F     unmapped_nand2         7  49.0     0   126    3255    (-,-) 
  P16/csa_tree_add_33_32_groupi/g5724/z (u)     in_0->z R     unmapped_complex2      2  14.0     0    77    3332    (-,-) 
  P16/csa_tree_add_33_32_groupi/g5721/z (u)     in_0->z F     unmapped_complex2      6  42.0     0   119    3452    (-,-) 
  P16/csa_tree_add_33_32_groupi/g5697/z (u)     in_0->z R     unmapped_complex2      1   7.0     0    61    3513    (-,-) 
  P16/csa_tree_add_33_32_groupi/g5690/z (u)     in_1->z F     unmapped_nand2         1   7.0     0    61    3574    (-,-) 
  P16/csa_tree_add_33_32_groupi/g5676/z (u)     in_1->z R     unmapped_nand2         1   7.0     0    61    3634    (-,-) 
  P16/csa_tree_add_33_32_groupi/g5660/z (u)     in_0->z F     unmapped_complex2      1   7.0     0    61    3695    (-,-) 
  P16/csa_tree_add_33_32_groupi/g5654/z (u)     in_0->z R     unmapped_nand2         1   7.0     0    61    3756    (-,-) 
  P16/csa_tree_add_33_32_groupi/g5647/z (u)     in_0->z F     unmapped_nand2         2  14.0     0    77    3833    (-,-) 
  P16/csa_tree_add_33_32_groupi/g5645/z (u)     in_0->z F     unmapped_or2           1   7.0     0    61    3894    (-,-) 
  P16/csa_tree_add_33_32_groupi/g5646/z (u)     in_1->z R     unmapped_nand2         1   7.0     0    61    3955    (-,-) 
  P16/result_reg[31]/d                  -       -       R     unmapped_d_flop        1     -     -     0    3955    (-,-) 
#-------------------------------------------------------------------------------------------------------------------------

(u) : Net has unmapped pin(s).



Path 2: MET (8777 ps) Setup Check with Pin P15/result_reg[31]/clk->d
          Group: C2C
     Startpoint: (R) weight_reg_reg[14][1]/clk
          Clock: (R) clk
       Endpoint: (R) P15/result_reg[31]/d
          Clock: (R) clk

                     Capture       Launch     
        Clock Edge:+   13330            0     
       Src Latency:+       0            0     
       Net Latency:+       0 (I)        0 (I) 
           Arrival:=   13330            0     
                                              
             Setup:-     298                  
       Uncertainty:-     300                  
     Required Time:=   12732                  
      Launch Clock:-       0                  
         Data Path:-    3955                  
             Slack:=    8777                  

#-------------------------------------------------------------------------------------------------------------------------
#             Timing Point              Flags    Arc    Edge       Cell         Fanout  Load Trans Delay Arrival Instance 
#                                                                                       (fF)  (ps)  (ps)   (ps)  Location 
#-------------------------------------------------------------------------------------------------------------------------
  weight_reg_reg[14][1]/clk             -       -       R     (arrival)           1910     -   200     0       0    (-,-) 
  weight_reg_reg[14][1]/q               (u)     clk->q  R     unmapped_d_flop       42  49.0     0   616     616    (-,-) 
  P15/csa_tree_add_33_32_groupi/g8065/z (u)     in_1->z F     unmapped_complex2      1   7.0     0    61     677    (-,-) 
  P15/csa_tree_add_33_32_groupi/g8066/z (u)     in_1->z R     unmapped_nand2        19 133.0     0   188     865    (-,-) 
  P15/csa_tree_add_33_32_groupi/g7449/z (u)     in_1->z F     unmapped_nand2         4  28.0     0   100     965    (-,-) 
  P15/csa_tree_add_33_32_groupi/g7303/z (u)     in_1->z F     unmapped_or2           1   7.0     0    61    1026    (-,-) 
  P15/csa_tree_add_33_32_groupi/g7304/z (u)     in_1->z R     unmapped_nand2         2  14.0     0    77    1103    (-,-) 
  P15/csa_tree_add_33_32_groupi/g7161/z (u)     in_1->z R     unmapped_complex2      1   7.0     0    61    1164    (-,-) 
  P15/csa_tree_add_33_32_groupi/g7162/z (u)     in_1->z F     unmapped_nand2         2  14.0     0    77    1241    (-,-) 
  P15/csa_tree_add_33_32_groupi/g6990/z (u)     in_0->z F     unmapped_complex2      2  14.0     0    77    1318    (-,-) 
  P15/csa_tree_add_33_32_groupi/g6584/z (u)     in_1->z R     unmapped_nand2         1   7.0     0    61    1379    (-,-) 
  P15/csa_tree_add_33_32_groupi/g6532/z (u)     in_1->z F     unmapped_nand2         3  21.0     0    90    1469    (-,-) 
  P15/csa_tree_add_33_32_groupi/g6311/z (u)     in_1->z R     unmapped_nand2         1   7.0     0    61    1530    (-,-) 
  P15/csa_tree_add_33_32_groupi/g6229/z (u)     in_0->z F     unmapped_nand2         3  21.0     0    90    1620    (-,-) 
  P15/csa_tree_add_33_32_groupi/g6162/z (u)     in_1->z R     unmapped_nand2         1   7.0     0    61    1680    (-,-) 
  P15/csa_tree_add_33_32_groupi/g6027/z (u)     in_1->z F     unmapped_nand2         4  28.0     0   100    1780    (-,-) 
  P15/csa_tree_add_33_32_groupi/g6012/z (u)     in_0->z F     unmapped_or2           1   7.0     0    61    1841    (-,-) 
  P15/csa_tree_add_33_32_groupi/g5948/z (u)     in_1->z R     unmapped_nand2         1   7.0     0    61    1902    (-,-) 
  P15/csa_tree_add_33_32_groupi/g5871/z (u)     in_1->z F     unmapped_nand2         3  21.0     0    90    1992    (-,-) 
  P15/csa_tree_add_33_32_groupi/g5863/z (u)     in_1->z R     unmapped_nand2         1   7.0     0    61    2053    (-,-) 
  P15/csa_tree_add_33_32_groupi/g5822/z (u)     in_0->z F     unmapped_nand2         3  21.0     0    90    2143    (-,-) 
  P15/csa_tree_add_33_32_groupi/g5807/z (u)     in_1->z R     unmapped_nand2         1   7.0     0    61    2204    (-,-) 
  P15/csa_tree_add_33_32_groupi/g5801/z (u)     in_0->z F     unmapped_nand2         4  28.0     0   100    2304    (-,-) 
  P15/csa_tree_add_33_32_groupi/g5791/z (u)     in_0->z R     unmapped_complex2      1   7.0     0    61    2365    (-,-) 
  P15/csa_tree_add_33_32_groupi/g5783/z (u)     in_0->z F     unmapped_complex2      3  21.0     0    90    2455    (-,-) 
  P15/csa_tree_add_33_32_groupi/g5767/z (u)     in_1->z R     unmapped_nand2         1   7.0     0    61    2516    (-,-) 
  P15/csa_tree_add_33_32_groupi/g5765/z (u)     in_1->z F     unmapped_nand2         3  21.0     0    90    2606    (-,-) 
  P15/csa_tree_add_33_32_groupi/g5755/z (u)     in_0->z R     unmapped_nand2         1   7.0     0    61    2666    (-,-) 
  P15/csa_tree_add_33_32_groupi/g5753/z (u)     in_0->z F     unmapped_nand2         4  28.0     0   100    2766    (-,-) 
  P15/csa_tree_add_33_32_groupi/g5752/z (u)     in_0->z R     unmapped_complex2      1   7.0     0    61    2827    (-,-) 
  P15/csa_tree_add_33_32_groupi/g5746/z (u)     in_0->z F     unmapped_complex2      3  21.0     0    90    2917    (-,-) 
  P15/csa_tree_add_33_32_groupi/g5740/z (u)     in_1->z R     unmapped_nand2         1   7.0     0    61    2978    (-,-) 
  P15/csa_tree_add_33_32_groupi/g5736/z (u)     in_1->z F     unmapped_nand2         3  21.0     0    90    3068    (-,-) 
  P15/csa_tree_add_33_32_groupi/g5732/z (u)     in_0->z R     unmapped_nand2         1   7.0     0    61    3129    (-,-) 
  P15/csa_tree_add_33_32_groupi/g5731/z (u)     in_0->z F     unmapped_nand2         7  49.0     0   126    3255    (-,-) 
  P15/csa_tree_add_33_32_groupi/g5724/z (u)     in_0->z R     unmapped_complex2      2  14.0     0    77    3332    (-,-) 
  P15/csa_tree_add_33_32_groupi/g5721/z (u)     in_0->z F     unmapped_complex2      6  42.0     0   119    3452    (-,-) 
  P15/csa_tree_add_33_32_groupi/g5697/z (u)     in_0->z R     unmapped_complex2      1   7.0     0    61    3513    (-,-) 
  P15/csa_tree_add_33_32_groupi/g5690/z (u)     in_1->z F     unmapped_nand2         1   7.0     0    61    3574    (-,-) 
  P15/csa_tree_add_33_32_groupi/g5676/z (u)     in_1->z R     unmapped_nand2         1   7.0     0    61    3634    (-,-) 
  P15/csa_tree_add_33_32_groupi/g5660/z (u)     in_0->z F     unmapped_complex2      1   7.0     0    61    3695    (-,-) 
  P15/csa_tree_add_33_32_groupi/g5654/z (u)     in_0->z R     unmapped_nand2         1   7.0     0    61    3756    (-,-) 
  P15/csa_tree_add_33_32_groupi/g5647/z (u)     in_0->z F     unmapped_nand2         2  14.0     0    77    3833    (-,-) 
  P15/csa_tree_add_33_32_groupi/g5645/z (u)     in_0->z F     unmapped_or2           1   7.0     0    61    3894    (-,-) 
  P15/csa_tree_add_33_32_groupi/g5646/z (u)     in_1->z R     unmapped_nand2         1   7.0     0    61    3955    (-,-) 
  P15/result_reg[31]/d                  -       -       R     unmapped_d_flop        1     -     -     0    3955    (-,-) 
#-------------------------------------------------------------------------------------------------------------------------

(u) : Net has unmapped pin(s).



Path 3: MET (8777 ps) Setup Check with Pin P14/result_reg[31]/clk->d
          Group: C2C
     Startpoint: (R) weight_reg_reg[13][1]/clk
          Clock: (R) clk
       Endpoint: (R) P14/result_reg[31]/d
          Clock: (R) clk

                     Capture       Launch     
        Clock Edge:+   13330            0     
       Src Latency:+       0            0     
       Net Latency:+       0 (I)        0 (I) 
           Arrival:=   13330            0     
                                              
             Setup:-     298                  
       Uncertainty:-     300                  
     Required Time:=   12732                  
      Launch Clock:-       0                  
         Data Path:-    3955                  
             Slack:=    8777                  

#-------------------------------------------------------------------------------------------------------------------------
#             Timing Point              Flags    Arc    Edge       Cell         Fanout  Load Trans Delay Arrival Instance 
#                                                                                       (fF)  (ps)  (ps)   (ps)  Location 
#-------------------------------------------------------------------------------------------------------------------------
  weight_reg_reg[13][1]/clk             -       -       R     (arrival)           1910     -   200     0       0    (-,-) 
  weight_reg_reg[13][1]/q               (u)     clk->q  R     unmapped_d_flop       42  49.0     0   616     616    (-,-) 
  P14/csa_tree_add_33_32_groupi/g8065/z (u)     in_1->z F     unmapped_complex2      1   7.0     0    61     677    (-,-) 
  P14/csa_tree_add_33_32_groupi/g8066/z (u)     in_1->z R     unmapped_nand2        19 133.0     0   188     865    (-,-) 
  P14/csa_tree_add_33_32_groupi/g7449/z (u)     in_1->z F     unmapped_nand2         4  28.0     0   100     965    (-,-) 
  P14/csa_tree_add_33_32_groupi/g7303/z (u)     in_1->z F     unmapped_or2           1   7.0     0    61    1026    (-,-) 
  P14/csa_tree_add_33_32_groupi/g7304/z (u)     in_1->z R     unmapped_nand2         2  14.0     0    77    1103    (-,-) 
  P14/csa_tree_add_33_32_groupi/g7161/z (u)     in_1->z R     unmapped_complex2      1   7.0     0    61    1164    (-,-) 
  P14/csa_tree_add_33_32_groupi/g7162/z (u)     in_1->z F     unmapped_nand2         2  14.0     0    77    1241    (-,-) 
  P14/csa_tree_add_33_32_groupi/g6990/z (u)     in_0->z F     unmapped_complex2      2  14.0     0    77    1318    (-,-) 
  P14/csa_tree_add_33_32_groupi/g6584/z (u)     in_1->z R     unmapped_nand2         1   7.0     0    61    1379    (-,-) 
  P14/csa_tree_add_33_32_groupi/g6532/z (u)     in_1->z F     unmapped_nand2         3  21.0     0    90    1469    (-,-) 
  P14/csa_tree_add_33_32_groupi/g6311/z (u)     in_1->z R     unmapped_nand2         1   7.0     0    61    1530    (-,-) 
  P14/csa_tree_add_33_32_groupi/g6229/z (u)     in_0->z F     unmapped_nand2         3  21.0     0    90    1620    (-,-) 
  P14/csa_tree_add_33_32_groupi/g6162/z (u)     in_1->z R     unmapped_nand2         1   7.0     0    61    1680    (-,-) 
  P14/csa_tree_add_33_32_groupi/g6027/z (u)     in_1->z F     unmapped_nand2         4  28.0     0   100    1780    (-,-) 
  P14/csa_tree_add_33_32_groupi/g6012/z (u)     in_0->z F     unmapped_or2           1   7.0     0    61    1841    (-,-) 
  P14/csa_tree_add_33_32_groupi/g5948/z (u)     in_1->z R     unmapped_nand2         1   7.0     0    61    1902    (-,-) 
  P14/csa_tree_add_33_32_groupi/g5871/z (u)     in_1->z F     unmapped_nand2         3  21.0     0    90    1992    (-,-) 
  P14/csa_tree_add_33_32_groupi/g5863/z (u)     in_1->z R     unmapped_nand2         1   7.0     0    61    2053    (-,-) 
  P14/csa_tree_add_33_32_groupi/g5822/z (u)     in_0->z F     unmapped_nand2         3  21.0     0    90    2143    (-,-) 
  P14/csa_tree_add_33_32_groupi/g5807/z (u)     in_1->z R     unmapped_nand2         1   7.0     0    61    2204    (-,-) 
  P14/csa_tree_add_33_32_groupi/g5801/z (u)     in_0->z F     unmapped_nand2         4  28.0     0   100    2304    (-,-) 
  P14/csa_tree_add_33_32_groupi/g5791/z (u)     in_0->z R     unmapped_complex2      1   7.0     0    61    2365    (-,-) 
  P14/csa_tree_add_33_32_groupi/g5783/z (u)     in_0->z F     unmapped_complex2      3  21.0     0    90    2455    (-,-) 
  P14/csa_tree_add_33_32_groupi/g5767/z (u)     in_1->z R     unmapped_nand2         1   7.0     0    61    2516    (-,-) 
  P14/csa_tree_add_33_32_groupi/g5765/z (u)     in_1->z F     unmapped_nand2         3  21.0     0    90    2606    (-,-) 
  P14/csa_tree_add_33_32_groupi/g5755/z (u)     in_0->z R     unmapped_nand2         1   7.0     0    61    2666    (-,-) 
  P14/csa_tree_add_33_32_groupi/g5753/z (u)     in_0->z F     unmapped_nand2         4  28.0     0   100    2766    (-,-) 
  P14/csa_tree_add_33_32_groupi/g5752/z (u)     in_0->z R     unmapped_complex2      1   7.0     0    61    2827    (-,-) 
  P14/csa_tree_add_33_32_groupi/g5746/z (u)     in_0->z F     unmapped_complex2      3  21.0     0    90    2917    (-,-) 
  P14/csa_tree_add_33_32_groupi/g5740/z (u)     in_1->z R     unmapped_nand2         1   7.0     0    61    2978    (-,-) 
  P14/csa_tree_add_33_32_groupi/g5736/z (u)     in_1->z F     unmapped_nand2         3  21.0     0    90    3068    (-,-) 
  P14/csa_tree_add_33_32_groupi/g5732/z (u)     in_0->z R     unmapped_nand2         1   7.0     0    61    3129    (-,-) 
  P14/csa_tree_add_33_32_groupi/g5731/z (u)     in_0->z F     unmapped_nand2         7  49.0     0   126    3255    (-,-) 
  P14/csa_tree_add_33_32_groupi/g5724/z (u)     in_0->z R     unmapped_complex2      2  14.0     0    77    3332    (-,-) 
  P14/csa_tree_add_33_32_groupi/g5721/z (u)     in_0->z F     unmapped_complex2      6  42.0     0   119    3452    (-,-) 
  P14/csa_tree_add_33_32_groupi/g5697/z (u)     in_0->z R     unmapped_complex2      1   7.0     0    61    3513    (-,-) 
  P14/csa_tree_add_33_32_groupi/g5690/z (u)     in_1->z F     unmapped_nand2         1   7.0     0    61    3574    (-,-) 
  P14/csa_tree_add_33_32_groupi/g5676/z (u)     in_1->z R     unmapped_nand2         1   7.0     0    61    3634    (-,-) 
  P14/csa_tree_add_33_32_groupi/g5660/z (u)     in_0->z F     unmapped_complex2      1   7.0     0    61    3695    (-,-) 
  P14/csa_tree_add_33_32_groupi/g5654/z (u)     in_0->z R     unmapped_nand2         1   7.0     0    61    3756    (-,-) 
  P14/csa_tree_add_33_32_groupi/g5647/z (u)     in_0->z F     unmapped_nand2         2  14.0     0    77    3833    (-,-) 
  P14/csa_tree_add_33_32_groupi/g5645/z (u)     in_0->z F     unmapped_or2           1   7.0     0    61    3894    (-,-) 
  P14/csa_tree_add_33_32_groupi/g5646/z (u)     in_1->z R     unmapped_nand2         1   7.0     0    61    3955    (-,-) 
  P14/result_reg[31]/d                  -       -       R     unmapped_d_flop        1     -     -     0    3955    (-,-) 
#-------------------------------------------------------------------------------------------------------------------------

(u) : Net has unmapped pin(s).



Path 4: MET (8777 ps) Setup Check with Pin P13/result_reg[31]/clk->d
          Group: C2C
     Startpoint: (R) weight_reg_reg[12][1]/clk
          Clock: (R) clk
       Endpoint: (R) P13/result_reg[31]/d
          Clock: (R) clk

                     Capture       Launch     
        Clock Edge:+   13330            0     
       Src Latency:+       0            0     
       Net Latency:+       0 (I)        0 (I) 
           Arrival:=   13330            0     
                                              
             Setup:-     298                  
       Uncertainty:-     300                  
     Required Time:=   12732                  
      Launch Clock:-       0                  
         Data Path:-    3955                  
             Slack:=    8777                  

#-------------------------------------------------------------------------------------------------------------------------
#             Timing Point              Flags    Arc    Edge       Cell         Fanout  Load Trans Delay Arrival Instance 
#                                                                                       (fF)  (ps)  (ps)   (ps)  Location 
#-------------------------------------------------------------------------------------------------------------------------
  weight_reg_reg[12][1]/clk             -       -       R     (arrival)           1910     -   200     0       0    (-,-) 
  weight_reg_reg[12][1]/q               (u)     clk->q  R     unmapped_d_flop       42  49.0     0   616     616    (-,-) 
  P13/csa_tree_add_33_32_groupi/g8065/z (u)     in_1->z F     unmapped_complex2      1   7.0     0    61     677    (-,-) 
  P13/csa_tree_add_33_32_groupi/g8066/z (u)     in_1->z R     unmapped_nand2        19 133.0     0   188     865    (-,-) 
  P13/csa_tree_add_33_32_groupi/g7449/z (u)     in_1->z F     unmapped_nand2         4  28.0     0   100     965    (-,-) 
  P13/csa_tree_add_33_32_groupi/g7303/z (u)     in_1->z F     unmapped_or2           1   7.0     0    61    1026    (-,-) 
  P13/csa_tree_add_33_32_groupi/g7304/z (u)     in_1->z R     unmapped_nand2         2  14.0     0    77    1103    (-,-) 
  P13/csa_tree_add_33_32_groupi/g7161/z (u)     in_1->z R     unmapped_complex2      1   7.0     0    61    1164    (-,-) 
  P13/csa_tree_add_33_32_groupi/g7162/z (u)     in_1->z F     unmapped_nand2         2  14.0     0    77    1241    (-,-) 
  P13/csa_tree_add_33_32_groupi/g6990/z (u)     in_0->z F     unmapped_complex2      2  14.0     0    77    1318    (-,-) 
  P13/csa_tree_add_33_32_groupi/g6584/z (u)     in_1->z R     unmapped_nand2         1   7.0     0    61    1379    (-,-) 
  P13/csa_tree_add_33_32_groupi/g6532/z (u)     in_1->z F     unmapped_nand2         3  21.0     0    90    1469    (-,-) 
  P13/csa_tree_add_33_32_groupi/g6311/z (u)     in_1->z R     unmapped_nand2         1   7.0     0    61    1530    (-,-) 
  P13/csa_tree_add_33_32_groupi/g6229/z (u)     in_0->z F     unmapped_nand2         3  21.0     0    90    1620    (-,-) 
  P13/csa_tree_add_33_32_groupi/g6162/z (u)     in_1->z R     unmapped_nand2         1   7.0     0    61    1680    (-,-) 
  P13/csa_tree_add_33_32_groupi/g6027/z (u)     in_1->z F     unmapped_nand2         4  28.0     0   100    1780    (-,-) 
  P13/csa_tree_add_33_32_groupi/g6012/z (u)     in_0->z F     unmapped_or2           1   7.0     0    61    1841    (-,-) 
  P13/csa_tree_add_33_32_groupi/g5948/z (u)     in_1->z R     unmapped_nand2         1   7.0     0    61    1902    (-,-) 
  P13/csa_tree_add_33_32_groupi/g5871/z (u)     in_1->z F     unmapped_nand2         3  21.0     0    90    1992    (-,-) 
  P13/csa_tree_add_33_32_groupi/g5863/z (u)     in_1->z R     unmapped_nand2         1   7.0     0    61    2053    (-,-) 
  P13/csa_tree_add_33_32_groupi/g5822/z (u)     in_0->z F     unmapped_nand2         3  21.0     0    90    2143    (-,-) 
  P13/csa_tree_add_33_32_groupi/g5807/z (u)     in_1->z R     unmapped_nand2         1   7.0     0    61    2204    (-,-) 
  P13/csa_tree_add_33_32_groupi/g5801/z (u)     in_0->z F     unmapped_nand2         4  28.0     0   100    2304    (-,-) 
  P13/csa_tree_add_33_32_groupi/g5791/z (u)     in_0->z R     unmapped_complex2      1   7.0     0    61    2365    (-,-) 
  P13/csa_tree_add_33_32_groupi/g5783/z (u)     in_0->z F     unmapped_complex2      3  21.0     0    90    2455    (-,-) 
  P13/csa_tree_add_33_32_groupi/g5767/z (u)     in_1->z R     unmapped_nand2         1   7.0     0    61    2516    (-,-) 
  P13/csa_tree_add_33_32_groupi/g5765/z (u)     in_1->z F     unmapped_nand2         3  21.0     0    90    2606    (-,-) 
  P13/csa_tree_add_33_32_groupi/g5755/z (u)     in_0->z R     unmapped_nand2         1   7.0     0    61    2666    (-,-) 
  P13/csa_tree_add_33_32_groupi/g5753/z (u)     in_0->z F     unmapped_nand2         4  28.0     0   100    2766    (-,-) 
  P13/csa_tree_add_33_32_groupi/g5752/z (u)     in_0->z R     unmapped_complex2      1   7.0     0    61    2827    (-,-) 
  P13/csa_tree_add_33_32_groupi/g5746/z (u)     in_0->z F     unmapped_complex2      3  21.0     0    90    2917    (-,-) 
  P13/csa_tree_add_33_32_groupi/g5740/z (u)     in_1->z R     unmapped_nand2         1   7.0     0    61    2978    (-,-) 
  P13/csa_tree_add_33_32_groupi/g5736/z (u)     in_1->z F     unmapped_nand2         3  21.0     0    90    3068    (-,-) 
  P13/csa_tree_add_33_32_groupi/g5732/z (u)     in_0->z R     unmapped_nand2         1   7.0     0    61    3129    (-,-) 
  P13/csa_tree_add_33_32_groupi/g5731/z (u)     in_0->z F     unmapped_nand2         7  49.0     0   126    3255    (-,-) 
  P13/csa_tree_add_33_32_groupi/g5724/z (u)     in_0->z R     unmapped_complex2      2  14.0     0    77    3332    (-,-) 
  P13/csa_tree_add_33_32_groupi/g5721/z (u)     in_0->z F     unmapped_complex2      6  42.0     0   119    3452    (-,-) 
  P13/csa_tree_add_33_32_groupi/g5697/z (u)     in_0->z R     unmapped_complex2      1   7.0     0    61    3513    (-,-) 
  P13/csa_tree_add_33_32_groupi/g5690/z (u)     in_1->z F     unmapped_nand2         1   7.0     0    61    3574    (-,-) 
  P13/csa_tree_add_33_32_groupi/g5676/z (u)     in_1->z R     unmapped_nand2         1   7.0     0    61    3634    (-,-) 
  P13/csa_tree_add_33_32_groupi/g5660/z (u)     in_0->z F     unmapped_complex2      1   7.0     0    61    3695    (-,-) 
  P13/csa_tree_add_33_32_groupi/g5654/z (u)     in_0->z R     unmapped_nand2         1   7.0     0    61    3756    (-,-) 
  P13/csa_tree_add_33_32_groupi/g5647/z (u)     in_0->z F     unmapped_nand2         2  14.0     0    77    3833    (-,-) 
  P13/csa_tree_add_33_32_groupi/g5645/z (u)     in_0->z F     unmapped_or2           1   7.0     0    61    3894    (-,-) 
  P13/csa_tree_add_33_32_groupi/g5646/z (u)     in_1->z R     unmapped_nand2         1   7.0     0    61    3955    (-,-) 
  P13/result_reg[31]/d                  -       -       R     unmapped_d_flop        1     -     -     0    3955    (-,-) 
#-------------------------------------------------------------------------------------------------------------------------

(u) : Net has unmapped pin(s).



Path 5: MET (8777 ps) Setup Check with Pin P12/result_reg[31]/clk->d
          Group: C2C
     Startpoint: (R) weight_reg_reg[11][1]/clk
          Clock: (R) clk
       Endpoint: (R) P12/result_reg[31]/d
          Clock: (R) clk

                     Capture       Launch     
        Clock Edge:+   13330            0     
       Src Latency:+       0            0     
       Net Latency:+       0 (I)        0 (I) 
           Arrival:=   13330            0     
                                              
             Setup:-     298                  
       Uncertainty:-     300                  
     Required Time:=   12732                  
      Launch Clock:-       0                  
         Data Path:-    3955                  
             Slack:=    8777                  

#-------------------------------------------------------------------------------------------------------------------------
#             Timing Point              Flags    Arc    Edge       Cell         Fanout  Load Trans Delay Arrival Instance 
#                                                                                       (fF)  (ps)  (ps)   (ps)  Location 
#-------------------------------------------------------------------------------------------------------------------------
  weight_reg_reg[11][1]/clk             -       -       R     (arrival)           1910     -   200     0       0    (-,-) 
  weight_reg_reg[11][1]/q               (u)     clk->q  R     unmapped_d_flop       42  49.0     0   616     616    (-,-) 
  P12/csa_tree_add_33_32_groupi/g8065/z (u)     in_1->z F     unmapped_complex2      1   7.0     0    61     677    (-,-) 
  P12/csa_tree_add_33_32_groupi/g8066/z (u)     in_1->z R     unmapped_nand2        19 133.0     0   188     865    (-,-) 
  P12/csa_tree_add_33_32_groupi/g7449/z (u)     in_1->z F     unmapped_nand2         4  28.0     0   100     965    (-,-) 
  P12/csa_tree_add_33_32_groupi/g7303/z (u)     in_1->z F     unmapped_or2           1   7.0     0    61    1026    (-,-) 
  P12/csa_tree_add_33_32_groupi/g7304/z (u)     in_1->z R     unmapped_nand2         2  14.0     0    77    1103    (-,-) 
  P12/csa_tree_add_33_32_groupi/g7161/z (u)     in_1->z R     unmapped_complex2      1   7.0     0    61    1164    (-,-) 
  P12/csa_tree_add_33_32_groupi/g7162/z (u)     in_1->z F     unmapped_nand2         2  14.0     0    77    1241    (-,-) 
  P12/csa_tree_add_33_32_groupi/g6990/z (u)     in_0->z F     unmapped_complex2      2  14.0     0    77    1318    (-,-) 
  P12/csa_tree_add_33_32_groupi/g6584/z (u)     in_1->z R     unmapped_nand2         1   7.0     0    61    1379    (-,-) 
  P12/csa_tree_add_33_32_groupi/g6532/z (u)     in_1->z F     unmapped_nand2         3  21.0     0    90    1469    (-,-) 
  P12/csa_tree_add_33_32_groupi/g6311/z (u)     in_1->z R     unmapped_nand2         1   7.0     0    61    1530    (-,-) 
  P12/csa_tree_add_33_32_groupi/g6229/z (u)     in_0->z F     unmapped_nand2         3  21.0     0    90    1620    (-,-) 
  P12/csa_tree_add_33_32_groupi/g6162/z (u)     in_1->z R     unmapped_nand2         1   7.0     0    61    1680    (-,-) 
  P12/csa_tree_add_33_32_groupi/g6027/z (u)     in_1->z F     unmapped_nand2         4  28.0     0   100    1780    (-,-) 
  P12/csa_tree_add_33_32_groupi/g6012/z (u)     in_0->z F     unmapped_or2           1   7.0     0    61    1841    (-,-) 
  P12/csa_tree_add_33_32_groupi/g5948/z (u)     in_1->z R     unmapped_nand2         1   7.0     0    61    1902    (-,-) 
  P12/csa_tree_add_33_32_groupi/g5871/z (u)     in_1->z F     unmapped_nand2         3  21.0     0    90    1992    (-,-) 
  P12/csa_tree_add_33_32_groupi/g5863/z (u)     in_1->z R     unmapped_nand2         1   7.0     0    61    2053    (-,-) 
  P12/csa_tree_add_33_32_groupi/g5822/z (u)     in_0->z F     unmapped_nand2         3  21.0     0    90    2143    (-,-) 
  P12/csa_tree_add_33_32_groupi/g5807/z (u)     in_1->z R     unmapped_nand2         1   7.0     0    61    2204    (-,-) 
  P12/csa_tree_add_33_32_groupi/g5801/z (u)     in_0->z F     unmapped_nand2         4  28.0     0   100    2304    (-,-) 
  P12/csa_tree_add_33_32_groupi/g5791/z (u)     in_0->z R     unmapped_complex2      1   7.0     0    61    2365    (-,-) 
  P12/csa_tree_add_33_32_groupi/g5783/z (u)     in_0->z F     unmapped_complex2      3  21.0     0    90    2455    (-,-) 
  P12/csa_tree_add_33_32_groupi/g5767/z (u)     in_1->z R     unmapped_nand2         1   7.0     0    61    2516    (-,-) 
  P12/csa_tree_add_33_32_groupi/g5765/z (u)     in_1->z F     unmapped_nand2         3  21.0     0    90    2606    (-,-) 
  P12/csa_tree_add_33_32_groupi/g5755/z (u)     in_0->z R     unmapped_nand2         1   7.0     0    61    2666    (-,-) 
  P12/csa_tree_add_33_32_groupi/g5753/z (u)     in_0->z F     unmapped_nand2         4  28.0     0   100    2766    (-,-) 
  P12/csa_tree_add_33_32_groupi/g5752/z (u)     in_0->z R     unmapped_complex2      1   7.0     0    61    2827    (-,-) 
  P12/csa_tree_add_33_32_groupi/g5746/z (u)     in_0->z F     unmapped_complex2      3  21.0     0    90    2917    (-,-) 
  P12/csa_tree_add_33_32_groupi/g5740/z (u)     in_1->z R     unmapped_nand2         1   7.0     0    61    2978    (-,-) 
  P12/csa_tree_add_33_32_groupi/g5736/z (u)     in_1->z F     unmapped_nand2         3  21.0     0    90    3068    (-,-) 
  P12/csa_tree_add_33_32_groupi/g5732/z (u)     in_0->z R     unmapped_nand2         1   7.0     0    61    3129    (-,-) 
  P12/csa_tree_add_33_32_groupi/g5731/z (u)     in_0->z F     unmapped_nand2         7  49.0     0   126    3255    (-,-) 
  P12/csa_tree_add_33_32_groupi/g5724/z (u)     in_0->z R     unmapped_complex2      2  14.0     0    77    3332    (-,-) 
  P12/csa_tree_add_33_32_groupi/g5721/z (u)     in_0->z F     unmapped_complex2      6  42.0     0   119    3452    (-,-) 
  P12/csa_tree_add_33_32_groupi/g5697/z (u)     in_0->z R     unmapped_complex2      1   7.0     0    61    3513    (-,-) 
  P12/csa_tree_add_33_32_groupi/g5690/z (u)     in_1->z F     unmapped_nand2         1   7.0     0    61    3574    (-,-) 
  P12/csa_tree_add_33_32_groupi/g5676/z (u)     in_1->z R     unmapped_nand2         1   7.0     0    61    3634    (-,-) 
  P12/csa_tree_add_33_32_groupi/g5660/z (u)     in_0->z F     unmapped_complex2      1   7.0     0    61    3695    (-,-) 
  P12/csa_tree_add_33_32_groupi/g5654/z (u)     in_0->z R     unmapped_nand2         1   7.0     0    61    3756    (-,-) 
  P12/csa_tree_add_33_32_groupi/g5647/z (u)     in_0->z F     unmapped_nand2         2  14.0     0    77    3833    (-,-) 
  P12/csa_tree_add_33_32_groupi/g5645/z (u)     in_0->z F     unmapped_or2           1   7.0     0    61    3894    (-,-) 
  P12/csa_tree_add_33_32_groupi/g5646/z (u)     in_1->z R     unmapped_nand2         1   7.0     0    61    3955    (-,-) 
  P12/result_reg[31]/d                  -       -       R     unmapped_d_flop        1     -     -     0    3955    (-,-) 
#-------------------------------------------------------------------------------------------------------------------------

(u) : Net has unmapped pin(s).



Path 6: MET (8777 ps) Setup Check with Pin P11/result_reg[31]/clk->d
          Group: C2C
     Startpoint: (R) weight_reg_reg[10][1]/clk
          Clock: (R) clk
       Endpoint: (R) P11/result_reg[31]/d
          Clock: (R) clk

                     Capture       Launch     
        Clock Edge:+   13330            0     
       Src Latency:+       0            0     
       Net Latency:+       0 (I)        0 (I) 
           Arrival:=   13330            0     
                                              
             Setup:-     298                  
       Uncertainty:-     300                  
     Required Time:=   12732                  
      Launch Clock:-       0                  
         Data Path:-    3955                  
             Slack:=    8777                  

#-------------------------------------------------------------------------------------------------------------------------
#             Timing Point              Flags    Arc    Edge       Cell         Fanout  Load Trans Delay Arrival Instance 
#                                                                                       (fF)  (ps)  (ps)   (ps)  Location 
#-------------------------------------------------------------------------------------------------------------------------
  weight_reg_reg[10][1]/clk             -       -       R     (arrival)           1910     -   200     0       0    (-,-) 
  weight_reg_reg[10][1]/q               (u)     clk->q  R     unmapped_d_flop       42  49.0     0   616     616    (-,-) 
  P11/csa_tree_add_33_32_groupi/g8065/z (u)     in_1->z F     unmapped_complex2      1   7.0     0    61     677    (-,-) 
  P11/csa_tree_add_33_32_groupi/g8066/z (u)     in_1->z R     unmapped_nand2        19 133.0     0   188     865    (-,-) 
  P11/csa_tree_add_33_32_groupi/g7449/z (u)     in_1->z F     unmapped_nand2         4  28.0     0   100     965    (-,-) 
  P11/csa_tree_add_33_32_groupi/g7303/z (u)     in_1->z F     unmapped_or2           1   7.0     0    61    1026    (-,-) 
  P11/csa_tree_add_33_32_groupi/g7304/z (u)     in_1->z R     unmapped_nand2         2  14.0     0    77    1103    (-,-) 
  P11/csa_tree_add_33_32_groupi/g7161/z (u)     in_1->z R     unmapped_complex2      1   7.0     0    61    1164    (-,-) 
  P11/csa_tree_add_33_32_groupi/g7162/z (u)     in_1->z F     unmapped_nand2         2  14.0     0    77    1241    (-,-) 
  P11/csa_tree_add_33_32_groupi/g6990/z (u)     in_0->z F     unmapped_complex2      2  14.0     0    77    1318    (-,-) 
  P11/csa_tree_add_33_32_groupi/g6584/z (u)     in_1->z R     unmapped_nand2         1   7.0     0    61    1379    (-,-) 
  P11/csa_tree_add_33_32_groupi/g6532/z (u)     in_1->z F     unmapped_nand2         3  21.0     0    90    1469    (-,-) 
  P11/csa_tree_add_33_32_groupi/g6311/z (u)     in_1->z R     unmapped_nand2         1   7.0     0    61    1530    (-,-) 
  P11/csa_tree_add_33_32_groupi/g6229/z (u)     in_0->z F     unmapped_nand2         3  21.0     0    90    1620    (-,-) 
  P11/csa_tree_add_33_32_groupi/g6162/z (u)     in_1->z R     unmapped_nand2         1   7.0     0    61    1680    (-,-) 
  P11/csa_tree_add_33_32_groupi/g6027/z (u)     in_1->z F     unmapped_nand2         4  28.0     0   100    1780    (-,-) 
  P11/csa_tree_add_33_32_groupi/g6012/z (u)     in_0->z F     unmapped_or2           1   7.0     0    61    1841    (-,-) 
  P11/csa_tree_add_33_32_groupi/g5948/z (u)     in_1->z R     unmapped_nand2         1   7.0     0    61    1902    (-,-) 
  P11/csa_tree_add_33_32_groupi/g5871/z (u)     in_1->z F     unmapped_nand2         3  21.0     0    90    1992    (-,-) 
  P11/csa_tree_add_33_32_groupi/g5863/z (u)     in_1->z R     unmapped_nand2         1   7.0     0    61    2053    (-,-) 
  P11/csa_tree_add_33_32_groupi/g5822/z (u)     in_0->z F     unmapped_nand2         3  21.0     0    90    2143    (-,-) 
  P11/csa_tree_add_33_32_groupi/g5807/z (u)     in_1->z R     unmapped_nand2         1   7.0     0    61    2204    (-,-) 
  P11/csa_tree_add_33_32_groupi/g5801/z (u)     in_0->z F     unmapped_nand2         4  28.0     0   100    2304    (-,-) 
  P11/csa_tree_add_33_32_groupi/g5791/z (u)     in_0->z R     unmapped_complex2      1   7.0     0    61    2365    (-,-) 
  P11/csa_tree_add_33_32_groupi/g5783/z (u)     in_0->z F     unmapped_complex2      3  21.0     0    90    2455    (-,-) 
  P11/csa_tree_add_33_32_groupi/g5767/z (u)     in_1->z R     unmapped_nand2         1   7.0     0    61    2516    (-,-) 
  P11/csa_tree_add_33_32_groupi/g5765/z (u)     in_1->z F     unmapped_nand2         3  21.0     0    90    2606    (-,-) 
  P11/csa_tree_add_33_32_groupi/g5755/z (u)     in_0->z R     unmapped_nand2         1   7.0     0    61    2666    (-,-) 
  P11/csa_tree_add_33_32_groupi/g5753/z (u)     in_0->z F     unmapped_nand2         4  28.0     0   100    2766    (-,-) 
  P11/csa_tree_add_33_32_groupi/g5752/z (u)     in_0->z R     unmapped_complex2      1   7.0     0    61    2827    (-,-) 
  P11/csa_tree_add_33_32_groupi/g5746/z (u)     in_0->z F     unmapped_complex2      3  21.0     0    90    2917    (-,-) 
  P11/csa_tree_add_33_32_groupi/g5740/z (u)     in_1->z R     unmapped_nand2         1   7.0     0    61    2978    (-,-) 
  P11/csa_tree_add_33_32_groupi/g5736/z (u)     in_1->z F     unmapped_nand2         3  21.0     0    90    3068    (-,-) 
  P11/csa_tree_add_33_32_groupi/g5732/z (u)     in_0->z R     unmapped_nand2         1   7.0     0    61    3129    (-,-) 
  P11/csa_tree_add_33_32_groupi/g5731/z (u)     in_0->z F     unmapped_nand2         7  49.0     0   126    3255    (-,-) 
  P11/csa_tree_add_33_32_groupi/g5724/z (u)     in_0->z R     unmapped_complex2      2  14.0     0    77    3332    (-,-) 
  P11/csa_tree_add_33_32_groupi/g5721/z (u)     in_0->z F     unmapped_complex2      6  42.0     0   119    3452    (-,-) 
  P11/csa_tree_add_33_32_groupi/g5697/z (u)     in_0->z R     unmapped_complex2      1   7.0     0    61    3513    (-,-) 
  P11/csa_tree_add_33_32_groupi/g5690/z (u)     in_1->z F     unmapped_nand2         1   7.0     0    61    3574    (-,-) 
  P11/csa_tree_add_33_32_groupi/g5676/z (u)     in_1->z R     unmapped_nand2         1   7.0     0    61    3634    (-,-) 
  P11/csa_tree_add_33_32_groupi/g5660/z (u)     in_0->z F     unmapped_complex2      1   7.0     0    61    3695    (-,-) 
  P11/csa_tree_add_33_32_groupi/g5654/z (u)     in_0->z R     unmapped_nand2         1   7.0     0    61    3756    (-,-) 
  P11/csa_tree_add_33_32_groupi/g5647/z (u)     in_0->z F     unmapped_nand2         2  14.0     0    77    3833    (-,-) 
  P11/csa_tree_add_33_32_groupi/g5645/z (u)     in_0->z F     unmapped_or2           1   7.0     0    61    3894    (-,-) 
  P11/csa_tree_add_33_32_groupi/g5646/z (u)     in_1->z R     unmapped_nand2         1   7.0     0    61    3955    (-,-) 
  P11/result_reg[31]/d                  -       -       R     unmapped_d_flop        1     -     -     0    3955    (-,-) 
#-------------------------------------------------------------------------------------------------------------------------

(u) : Net has unmapped pin(s).



Path 7: MET (8777 ps) Setup Check with Pin P10/result_reg[31]/clk->d
          Group: C2C
     Startpoint: (R) weight_reg_reg[9][1]/clk
          Clock: (R) clk
       Endpoint: (R) P10/result_reg[31]/d
          Clock: (R) clk

                     Capture       Launch     
        Clock Edge:+   13330            0     
       Src Latency:+       0            0     
       Net Latency:+       0 (I)        0 (I) 
           Arrival:=   13330            0     
                                              
             Setup:-     298                  
       Uncertainty:-     300                  
     Required Time:=   12732                  
      Launch Clock:-       0                  
         Data Path:-    3955                  
             Slack:=    8777                  

#-------------------------------------------------------------------------------------------------------------------------
#             Timing Point              Flags    Arc    Edge       Cell         Fanout  Load Trans Delay Arrival Instance 
#                                                                                       (fF)  (ps)  (ps)   (ps)  Location 
#-------------------------------------------------------------------------------------------------------------------------
  weight_reg_reg[9][1]/clk              -       -       R     (arrival)           1910     -   200     0       0    (-,-) 
  weight_reg_reg[9][1]/q                (u)     clk->q  R     unmapped_d_flop       42  49.0     0   616     616    (-,-) 
  P10/csa_tree_add_33_32_groupi/g8065/z (u)     in_1->z F     unmapped_complex2      1   7.0     0    61     677    (-,-) 
  P10/csa_tree_add_33_32_groupi/g8066/z (u)     in_1->z R     unmapped_nand2        19 133.0     0   188     865    (-,-) 
  P10/csa_tree_add_33_32_groupi/g7449/z (u)     in_1->z F     unmapped_nand2         4  28.0     0   100     965    (-,-) 
  P10/csa_tree_add_33_32_groupi/g7303/z (u)     in_1->z F     unmapped_or2           1   7.0     0    61    1026    (-,-) 
  P10/csa_tree_add_33_32_groupi/g7304/z (u)     in_1->z R     unmapped_nand2         2  14.0     0    77    1103    (-,-) 
  P10/csa_tree_add_33_32_groupi/g7161/z (u)     in_1->z R     unmapped_complex2      1   7.0     0    61    1164    (-,-) 
  P10/csa_tree_add_33_32_groupi/g7162/z (u)     in_1->z F     unmapped_nand2         2  14.0     0    77    1241    (-,-) 
  P10/csa_tree_add_33_32_groupi/g6990/z (u)     in_0->z F     unmapped_complex2      2  14.0     0    77    1318    (-,-) 
  P10/csa_tree_add_33_32_groupi/g6584/z (u)     in_1->z R     unmapped_nand2         1   7.0     0    61    1379    (-,-) 
  P10/csa_tree_add_33_32_groupi/g6532/z (u)     in_1->z F     unmapped_nand2         3  21.0     0    90    1469    (-,-) 
  P10/csa_tree_add_33_32_groupi/g6311/z (u)     in_1->z R     unmapped_nand2         1   7.0     0    61    1530    (-,-) 
  P10/csa_tree_add_33_32_groupi/g6229/z (u)     in_0->z F     unmapped_nand2         3  21.0     0    90    1620    (-,-) 
  P10/csa_tree_add_33_32_groupi/g6162/z (u)     in_1->z R     unmapped_nand2         1   7.0     0    61    1680    (-,-) 
  P10/csa_tree_add_33_32_groupi/g6027/z (u)     in_1->z F     unmapped_nand2         4  28.0     0   100    1780    (-,-) 
  P10/csa_tree_add_33_32_groupi/g6012/z (u)     in_0->z F     unmapped_or2           1   7.0     0    61    1841    (-,-) 
  P10/csa_tree_add_33_32_groupi/g5948/z (u)     in_1->z R     unmapped_nand2         1   7.0     0    61    1902    (-,-) 
  P10/csa_tree_add_33_32_groupi/g5871/z (u)     in_1->z F     unmapped_nand2         3  21.0     0    90    1992    (-,-) 
  P10/csa_tree_add_33_32_groupi/g5863/z (u)     in_1->z R     unmapped_nand2         1   7.0     0    61    2053    (-,-) 
  P10/csa_tree_add_33_32_groupi/g5822/z (u)     in_0->z F     unmapped_nand2         3  21.0     0    90    2143    (-,-) 
  P10/csa_tree_add_33_32_groupi/g5807/z (u)     in_1->z R     unmapped_nand2         1   7.0     0    61    2204    (-,-) 
  P10/csa_tree_add_33_32_groupi/g5801/z (u)     in_0->z F     unmapped_nand2         4  28.0     0   100    2304    (-,-) 
  P10/csa_tree_add_33_32_groupi/g5791/z (u)     in_0->z R     unmapped_complex2      1   7.0     0    61    2365    (-,-) 
  P10/csa_tree_add_33_32_groupi/g5783/z (u)     in_0->z F     unmapped_complex2      3  21.0     0    90    2455    (-,-) 
  P10/csa_tree_add_33_32_groupi/g5767/z (u)     in_1->z R     unmapped_nand2         1   7.0     0    61    2516    (-,-) 
  P10/csa_tree_add_33_32_groupi/g5765/z (u)     in_1->z F     unmapped_nand2         3  21.0     0    90    2606    (-,-) 
  P10/csa_tree_add_33_32_groupi/g5755/z (u)     in_0->z R     unmapped_nand2         1   7.0     0    61    2666    (-,-) 
  P10/csa_tree_add_33_32_groupi/g5753/z (u)     in_0->z F     unmapped_nand2         4  28.0     0   100    2766    (-,-) 
  P10/csa_tree_add_33_32_groupi/g5752/z (u)     in_0->z R     unmapped_complex2      1   7.0     0    61    2827    (-,-) 
  P10/csa_tree_add_33_32_groupi/g5746/z (u)     in_0->z F     unmapped_complex2      3  21.0     0    90    2917    (-,-) 
  P10/csa_tree_add_33_32_groupi/g5740/z (u)     in_1->z R     unmapped_nand2         1   7.0     0    61    2978    (-,-) 
  P10/csa_tree_add_33_32_groupi/g5736/z (u)     in_1->z F     unmapped_nand2         3  21.0     0    90    3068    (-,-) 
  P10/csa_tree_add_33_32_groupi/g5732/z (u)     in_0->z R     unmapped_nand2         1   7.0     0    61    3129    (-,-) 
  P10/csa_tree_add_33_32_groupi/g5731/z (u)     in_0->z F     unmapped_nand2         7  49.0     0   126    3255    (-,-) 
  P10/csa_tree_add_33_32_groupi/g5724/z (u)     in_0->z R     unmapped_complex2      2  14.0     0    77    3332    (-,-) 
  P10/csa_tree_add_33_32_groupi/g5721/z (u)     in_0->z F     unmapped_complex2      6  42.0     0   119    3452    (-,-) 
  P10/csa_tree_add_33_32_groupi/g5697/z (u)     in_0->z R     unmapped_complex2      1   7.0     0    61    3513    (-,-) 
  P10/csa_tree_add_33_32_groupi/g5690/z (u)     in_1->z F     unmapped_nand2         1   7.0     0    61    3574    (-,-) 
  P10/csa_tree_add_33_32_groupi/g5676/z (u)     in_1->z R     unmapped_nand2         1   7.0     0    61    3634    (-,-) 
  P10/csa_tree_add_33_32_groupi/g5660/z (u)     in_0->z F     unmapped_complex2      1   7.0     0    61    3695    (-,-) 
  P10/csa_tree_add_33_32_groupi/g5654/z (u)     in_0->z R     unmapped_nand2         1   7.0     0    61    3756    (-,-) 
  P10/csa_tree_add_33_32_groupi/g5647/z (u)     in_0->z F     unmapped_nand2         2  14.0     0    77    3833    (-,-) 
  P10/csa_tree_add_33_32_groupi/g5645/z (u)     in_0->z F     unmapped_or2           1   7.0     0    61    3894    (-,-) 
  P10/csa_tree_add_33_32_groupi/g5646/z (u)     in_1->z R     unmapped_nand2         1   7.0     0    61    3955    (-,-) 
  P10/result_reg[31]/d                  -       -       R     unmapped_d_flop        1     -     -     0    3955    (-,-) 
#-------------------------------------------------------------------------------------------------------------------------

(u) : Net has unmapped pin(s).



Path 8: MET (8777 ps) Setup Check with Pin P9/result_reg[31]/clk->d
          Group: C2C
     Startpoint: (R) weight_reg_reg[8][1]/clk
          Clock: (R) clk
       Endpoint: (R) P9/result_reg[31]/d
          Clock: (R) clk

                     Capture       Launch     
        Clock Edge:+   13330            0     
       Src Latency:+       0            0     
       Net Latency:+       0 (I)        0 (I) 
           Arrival:=   13330            0     
                                              
             Setup:-     298                  
       Uncertainty:-     300                  
     Required Time:=   12732                  
      Launch Clock:-       0                  
         Data Path:-    3955                  
             Slack:=    8777                  

#------------------------------------------------------------------------------------------------------------------------
#            Timing Point              Flags    Arc    Edge       Cell         Fanout  Load Trans Delay Arrival Instance 
#                                                                                      (fF)  (ps)  (ps)   (ps)  Location 
#------------------------------------------------------------------------------------------------------------------------
  weight_reg_reg[8][1]/clk             -       -       R     (arrival)           1910     -   200     0       0    (-,-) 
  weight_reg_reg[8][1]/q               (u)     clk->q  R     unmapped_d_flop       42  49.0     0   616     616    (-,-) 
  P9/csa_tree_add_33_32_groupi/g8065/z (u)     in_1->z F     unmapped_complex2      1   7.0     0    61     677    (-,-) 
  P9/csa_tree_add_33_32_groupi/g8066/z (u)     in_1->z R     unmapped_nand2        19 133.0     0   188     865    (-,-) 
  P9/csa_tree_add_33_32_groupi/g7449/z (u)     in_1->z F     unmapped_nand2         4  28.0     0   100     965    (-,-) 
  P9/csa_tree_add_33_32_groupi/g7303/z (u)     in_1->z F     unmapped_or2           1   7.0     0    61    1026    (-,-) 
  P9/csa_tree_add_33_32_groupi/g7304/z (u)     in_1->z R     unmapped_nand2         2  14.0     0    77    1103    (-,-) 
  P9/csa_tree_add_33_32_groupi/g7161/z (u)     in_1->z R     unmapped_complex2      1   7.0     0    61    1164    (-,-) 
  P9/csa_tree_add_33_32_groupi/g7162/z (u)     in_1->z F     unmapped_nand2         2  14.0     0    77    1241    (-,-) 
  P9/csa_tree_add_33_32_groupi/g6990/z (u)     in_0->z F     unmapped_complex2      2  14.0     0    77    1318    (-,-) 
  P9/csa_tree_add_33_32_groupi/g6584/z (u)     in_1->z R     unmapped_nand2         1   7.0     0    61    1379    (-,-) 
  P9/csa_tree_add_33_32_groupi/g6532/z (u)     in_1->z F     unmapped_nand2         3  21.0     0    90    1469    (-,-) 
  P9/csa_tree_add_33_32_groupi/g6311/z (u)     in_1->z R     unmapped_nand2         1   7.0     0    61    1530    (-,-) 
  P9/csa_tree_add_33_32_groupi/g6229/z (u)     in_0->z F     unmapped_nand2         3  21.0     0    90    1620    (-,-) 
  P9/csa_tree_add_33_32_groupi/g6162/z (u)     in_1->z R     unmapped_nand2         1   7.0     0    61    1680    (-,-) 
  P9/csa_tree_add_33_32_groupi/g6027/z (u)     in_1->z F     unmapped_nand2         4  28.0     0   100    1780    (-,-) 
  P9/csa_tree_add_33_32_groupi/g6012/z (u)     in_0->z F     unmapped_or2           1   7.0     0    61    1841    (-,-) 
  P9/csa_tree_add_33_32_groupi/g5948/z (u)     in_1->z R     unmapped_nand2         1   7.0     0    61    1902    (-,-) 
  P9/csa_tree_add_33_32_groupi/g5871/z (u)     in_1->z F     unmapped_nand2         3  21.0     0    90    1992    (-,-) 
  P9/csa_tree_add_33_32_groupi/g5863/z (u)     in_1->z R     unmapped_nand2         1   7.0     0    61    2053    (-,-) 
  P9/csa_tree_add_33_32_groupi/g5822/z (u)     in_0->z F     unmapped_nand2         3  21.0     0    90    2143    (-,-) 
  P9/csa_tree_add_33_32_groupi/g5807/z (u)     in_1->z R     unmapped_nand2         1   7.0     0    61    2204    (-,-) 
  P9/csa_tree_add_33_32_groupi/g5801/z (u)     in_0->z F     unmapped_nand2         4  28.0     0   100    2304    (-,-) 
  P9/csa_tree_add_33_32_groupi/g5791/z (u)     in_0->z R     unmapped_complex2      1   7.0     0    61    2365    (-,-) 
  P9/csa_tree_add_33_32_groupi/g5783/z (u)     in_0->z F     unmapped_complex2      3  21.0     0    90    2455    (-,-) 
  P9/csa_tree_add_33_32_groupi/g5767/z (u)     in_1->z R     unmapped_nand2         1   7.0     0    61    2516    (-,-) 
  P9/csa_tree_add_33_32_groupi/g5765/z (u)     in_1->z F     unmapped_nand2         3  21.0     0    90    2606    (-,-) 
  P9/csa_tree_add_33_32_groupi/g5755/z (u)     in_0->z R     unmapped_nand2         1   7.0     0    61    2666    (-,-) 
  P9/csa_tree_add_33_32_groupi/g5753/z (u)     in_0->z F     unmapped_nand2         4  28.0     0   100    2766    (-,-) 
  P9/csa_tree_add_33_32_groupi/g5752/z (u)     in_0->z R     unmapped_complex2      1   7.0     0    61    2827    (-,-) 
  P9/csa_tree_add_33_32_groupi/g5746/z (u)     in_0->z F     unmapped_complex2      3  21.0     0    90    2917    (-,-) 
  P9/csa_tree_add_33_32_groupi/g5740/z (u)     in_1->z R     unmapped_nand2         1   7.0     0    61    2978    (-,-) 
  P9/csa_tree_add_33_32_groupi/g5736/z (u)     in_1->z F     unmapped_nand2         3  21.0     0    90    3068    (-,-) 
  P9/csa_tree_add_33_32_groupi/g5732/z (u)     in_0->z R     unmapped_nand2         1   7.0     0    61    3129    (-,-) 
  P9/csa_tree_add_33_32_groupi/g5731/z (u)     in_0->z F     unmapped_nand2         7  49.0     0   126    3255    (-,-) 
  P9/csa_tree_add_33_32_groupi/g5724/z (u)     in_0->z R     unmapped_complex2      2  14.0     0    77    3332    (-,-) 
  P9/csa_tree_add_33_32_groupi/g5721/z (u)     in_0->z F     unmapped_complex2      6  42.0     0   119    3452    (-,-) 
  P9/csa_tree_add_33_32_groupi/g5697/z (u)     in_0->z R     unmapped_complex2      1   7.0     0    61    3513    (-,-) 
  P9/csa_tree_add_33_32_groupi/g5690/z (u)     in_1->z F     unmapped_nand2         1   7.0     0    61    3574    (-,-) 
  P9/csa_tree_add_33_32_groupi/g5676/z (u)     in_1->z R     unmapped_nand2         1   7.0     0    61    3634    (-,-) 
  P9/csa_tree_add_33_32_groupi/g5660/z (u)     in_0->z F     unmapped_complex2      1   7.0     0    61    3695    (-,-) 
  P9/csa_tree_add_33_32_groupi/g5654/z (u)     in_0->z R     unmapped_nand2         1   7.0     0    61    3756    (-,-) 
  P9/csa_tree_add_33_32_groupi/g5647/z (u)     in_0->z F     unmapped_nand2         2  14.0     0    77    3833    (-,-) 
  P9/csa_tree_add_33_32_groupi/g5645/z (u)     in_0->z F     unmapped_or2           1   7.0     0    61    3894    (-,-) 
  P9/csa_tree_add_33_32_groupi/g5646/z (u)     in_1->z R     unmapped_nand2         1   7.0     0    61    3955    (-,-) 
  P9/result_reg[31]/d                  -       -       R     unmapped_d_flop        1     -     -     0    3955    (-,-) 
#------------------------------------------------------------------------------------------------------------------------

(u) : Net has unmapped pin(s).



Path 9: MET (8777 ps) Setup Check with Pin P8/result_reg[31]/clk->d
          Group: C2C
     Startpoint: (R) weight_reg_reg[7][1]/clk
          Clock: (R) clk
       Endpoint: (R) P8/result_reg[31]/d
          Clock: (R) clk

                     Capture       Launch     
        Clock Edge:+   13330            0     
       Src Latency:+       0            0     
       Net Latency:+       0 (I)        0 (I) 
           Arrival:=   13330            0     
                                              
             Setup:-     298                  
       Uncertainty:-     300                  
     Required Time:=   12732                  
      Launch Clock:-       0                  
         Data Path:-    3955                  
             Slack:=    8777                  

#------------------------------------------------------------------------------------------------------------------------
#            Timing Point              Flags    Arc    Edge       Cell         Fanout  Load Trans Delay Arrival Instance 
#                                                                                      (fF)  (ps)  (ps)   (ps)  Location 
#------------------------------------------------------------------------------------------------------------------------
  weight_reg_reg[7][1]/clk             -       -       R     (arrival)           1910     -   200     0       0    (-,-) 
  weight_reg_reg[7][1]/q               (u)     clk->q  R     unmapped_d_flop       42  49.0     0   616     616    (-,-) 
  P8/csa_tree_add_33_32_groupi/g8065/z (u)     in_1->z F     unmapped_complex2      1   7.0     0    61     677    (-,-) 
  P8/csa_tree_add_33_32_groupi/g8066/z (u)     in_1->z R     unmapped_nand2        19 133.0     0   188     865    (-,-) 
  P8/csa_tree_add_33_32_groupi/g7449/z (u)     in_1->z F     unmapped_nand2         4  28.0     0   100     965    (-,-) 
  P8/csa_tree_add_33_32_groupi/g7303/z (u)     in_1->z F     unmapped_or2           1   7.0     0    61    1026    (-,-) 
  P8/csa_tree_add_33_32_groupi/g7304/z (u)     in_1->z R     unmapped_nand2         2  14.0     0    77    1103    (-,-) 
  P8/csa_tree_add_33_32_groupi/g7161/z (u)     in_1->z R     unmapped_complex2      1   7.0     0    61    1164    (-,-) 
  P8/csa_tree_add_33_32_groupi/g7162/z (u)     in_1->z F     unmapped_nand2         2  14.0     0    77    1241    (-,-) 
  P8/csa_tree_add_33_32_groupi/g6990/z (u)     in_0->z F     unmapped_complex2      2  14.0     0    77    1318    (-,-) 
  P8/csa_tree_add_33_32_groupi/g6584/z (u)     in_1->z R     unmapped_nand2         1   7.0     0    61    1379    (-,-) 
  P8/csa_tree_add_33_32_groupi/g6532/z (u)     in_1->z F     unmapped_nand2         3  21.0     0    90    1469    (-,-) 
  P8/csa_tree_add_33_32_groupi/g6311/z (u)     in_1->z R     unmapped_nand2         1   7.0     0    61    1530    (-,-) 
  P8/csa_tree_add_33_32_groupi/g6229/z (u)     in_0->z F     unmapped_nand2         3  21.0     0    90    1620    (-,-) 
  P8/csa_tree_add_33_32_groupi/g6162/z (u)     in_1->z R     unmapped_nand2         1   7.0     0    61    1680    (-,-) 
  P8/csa_tree_add_33_32_groupi/g6027/z (u)     in_1->z F     unmapped_nand2         4  28.0     0   100    1780    (-,-) 
  P8/csa_tree_add_33_32_groupi/g6012/z (u)     in_0->z F     unmapped_or2           1   7.0     0    61    1841    (-,-) 
  P8/csa_tree_add_33_32_groupi/g5948/z (u)     in_1->z R     unmapped_nand2         1   7.0     0    61    1902    (-,-) 
  P8/csa_tree_add_33_32_groupi/g5871/z (u)     in_1->z F     unmapped_nand2         3  21.0     0    90    1992    (-,-) 
  P8/csa_tree_add_33_32_groupi/g5863/z (u)     in_1->z R     unmapped_nand2         1   7.0     0    61    2053    (-,-) 
  P8/csa_tree_add_33_32_groupi/g5822/z (u)     in_0->z F     unmapped_nand2         3  21.0     0    90    2143    (-,-) 
  P8/csa_tree_add_33_32_groupi/g5807/z (u)     in_1->z R     unmapped_nand2         1   7.0     0    61    2204    (-,-) 
  P8/csa_tree_add_33_32_groupi/g5801/z (u)     in_0->z F     unmapped_nand2         4  28.0     0   100    2304    (-,-) 
  P8/csa_tree_add_33_32_groupi/g5791/z (u)     in_0->z R     unmapped_complex2      1   7.0     0    61    2365    (-,-) 
  P8/csa_tree_add_33_32_groupi/g5783/z (u)     in_0->z F     unmapped_complex2      3  21.0     0    90    2455    (-,-) 
  P8/csa_tree_add_33_32_groupi/g5767/z (u)     in_1->z R     unmapped_nand2         1   7.0     0    61    2516    (-,-) 
  P8/csa_tree_add_33_32_groupi/g5765/z (u)     in_1->z F     unmapped_nand2         3  21.0     0    90    2606    (-,-) 
  P8/csa_tree_add_33_32_groupi/g5755/z (u)     in_0->z R     unmapped_nand2         1   7.0     0    61    2666    (-,-) 
  P8/csa_tree_add_33_32_groupi/g5753/z (u)     in_0->z F     unmapped_nand2         4  28.0     0   100    2766    (-,-) 
  P8/csa_tree_add_33_32_groupi/g5752/z (u)     in_0->z R     unmapped_complex2      1   7.0     0    61    2827    (-,-) 
  P8/csa_tree_add_33_32_groupi/g5746/z (u)     in_0->z F     unmapped_complex2      3  21.0     0    90    2917    (-,-) 
  P8/csa_tree_add_33_32_groupi/g5740/z (u)     in_1->z R     unmapped_nand2         1   7.0     0    61    2978    (-,-) 
  P8/csa_tree_add_33_32_groupi/g5736/z (u)     in_1->z F     unmapped_nand2         3  21.0     0    90    3068    (-,-) 
  P8/csa_tree_add_33_32_groupi/g5732/z (u)     in_0->z R     unmapped_nand2         1   7.0     0    61    3129    (-,-) 
  P8/csa_tree_add_33_32_groupi/g5731/z (u)     in_0->z F     unmapped_nand2         7  49.0     0   126    3255    (-,-) 
  P8/csa_tree_add_33_32_groupi/g5724/z (u)     in_0->z R     unmapped_complex2      2  14.0     0    77    3332    (-,-) 
  P8/csa_tree_add_33_32_groupi/g5721/z (u)     in_0->z F     unmapped_complex2      6  42.0     0   119    3452    (-,-) 
  P8/csa_tree_add_33_32_groupi/g5697/z (u)     in_0->z R     unmapped_complex2      1   7.0     0    61    3513    (-,-) 
  P8/csa_tree_add_33_32_groupi/g5690/z (u)     in_1->z F     unmapped_nand2         1   7.0     0    61    3574    (-,-) 
  P8/csa_tree_add_33_32_groupi/g5676/z (u)     in_1->z R     unmapped_nand2         1   7.0     0    61    3634    (-,-) 
  P8/csa_tree_add_33_32_groupi/g5660/z (u)     in_0->z F     unmapped_complex2      1   7.0     0    61    3695    (-,-) 
  P8/csa_tree_add_33_32_groupi/g5654/z (u)     in_0->z R     unmapped_nand2         1   7.0     0    61    3756    (-,-) 
  P8/csa_tree_add_33_32_groupi/g5647/z (u)     in_0->z F     unmapped_nand2         2  14.0     0    77    3833    (-,-) 
  P8/csa_tree_add_33_32_groupi/g5645/z (u)     in_0->z F     unmapped_or2           1   7.0     0    61    3894    (-,-) 
  P8/csa_tree_add_33_32_groupi/g5646/z (u)     in_1->z R     unmapped_nand2         1   7.0     0    61    3955    (-,-) 
  P8/result_reg[31]/d                  -       -       R     unmapped_d_flop        1     -     -     0    3955    (-,-) 
#------------------------------------------------------------------------------------------------------------------------

(u) : Net has unmapped pin(s).



Path 10: MET (8777 ps) Setup Check with Pin P7/result_reg[31]/clk->d
          Group: C2C
     Startpoint: (R) weight_reg_reg[6][1]/clk
          Clock: (R) clk
       Endpoint: (R) P7/result_reg[31]/d
          Clock: (R) clk

                     Capture       Launch     
        Clock Edge:+   13330            0     
       Src Latency:+       0            0     
       Net Latency:+       0 (I)        0 (I) 
           Arrival:=   13330            0     
                                              
             Setup:-     298                  
       Uncertainty:-     300                  
     Required Time:=   12732                  
      Launch Clock:-       0                  
         Data Path:-    3955                  
             Slack:=    8777                  

#------------------------------------------------------------------------------------------------------------------------
#            Timing Point              Flags    Arc    Edge       Cell         Fanout  Load Trans Delay Arrival Instance 
#                                                                                      (fF)  (ps)  (ps)   (ps)  Location 
#------------------------------------------------------------------------------------------------------------------------
  weight_reg_reg[6][1]/clk             -       -       R     (arrival)           1910     -   200     0       0    (-,-) 
  weight_reg_reg[6][1]/q               (u)     clk->q  R     unmapped_d_flop       42  49.0     0   616     616    (-,-) 
  P7/csa_tree_add_33_32_groupi/g8065/z (u)     in_1->z F     unmapped_complex2      1   7.0     0    61     677    (-,-) 
  P7/csa_tree_add_33_32_groupi/g8066/z (u)     in_1->z R     unmapped_nand2        19 133.0     0   188     865    (-,-) 
  P7/csa_tree_add_33_32_groupi/g7449/z (u)     in_1->z F     unmapped_nand2         4  28.0     0   100     965    (-,-) 
  P7/csa_tree_add_33_32_groupi/g7303/z (u)     in_1->z F     unmapped_or2           1   7.0     0    61    1026    (-,-) 
  P7/csa_tree_add_33_32_groupi/g7304/z (u)     in_1->z R     unmapped_nand2         2  14.0     0    77    1103    (-,-) 
  P7/csa_tree_add_33_32_groupi/g7161/z (u)     in_1->z R     unmapped_complex2      1   7.0     0    61    1164    (-,-) 
  P7/csa_tree_add_33_32_groupi/g7162/z (u)     in_1->z F     unmapped_nand2         2  14.0     0    77    1241    (-,-) 
  P7/csa_tree_add_33_32_groupi/g6990/z (u)     in_0->z F     unmapped_complex2      2  14.0     0    77    1318    (-,-) 
  P7/csa_tree_add_33_32_groupi/g6584/z (u)     in_1->z R     unmapped_nand2         1   7.0     0    61    1379    (-,-) 
  P7/csa_tree_add_33_32_groupi/g6532/z (u)     in_1->z F     unmapped_nand2         3  21.0     0    90    1469    (-,-) 
  P7/csa_tree_add_33_32_groupi/g6311/z (u)     in_1->z R     unmapped_nand2         1   7.0     0    61    1530    (-,-) 
  P7/csa_tree_add_33_32_groupi/g6229/z (u)     in_0->z F     unmapped_nand2         3  21.0     0    90    1620    (-,-) 
  P7/csa_tree_add_33_32_groupi/g6162/z (u)     in_1->z R     unmapped_nand2         1   7.0     0    61    1680    (-,-) 
  P7/csa_tree_add_33_32_groupi/g6027/z (u)     in_1->z F     unmapped_nand2         4  28.0     0   100    1780    (-,-) 
  P7/csa_tree_add_33_32_groupi/g6012/z (u)     in_0->z F     unmapped_or2           1   7.0     0    61    1841    (-,-) 
  P7/csa_tree_add_33_32_groupi/g5948/z (u)     in_1->z R     unmapped_nand2         1   7.0     0    61    1902    (-,-) 
  P7/csa_tree_add_33_32_groupi/g5871/z (u)     in_1->z F     unmapped_nand2         3  21.0     0    90    1992    (-,-) 
  P7/csa_tree_add_33_32_groupi/g5863/z (u)     in_1->z R     unmapped_nand2         1   7.0     0    61    2053    (-,-) 
  P7/csa_tree_add_33_32_groupi/g5822/z (u)     in_0->z F     unmapped_nand2         3  21.0     0    90    2143    (-,-) 
  P7/csa_tree_add_33_32_groupi/g5807/z (u)     in_1->z R     unmapped_nand2         1   7.0     0    61    2204    (-,-) 
  P7/csa_tree_add_33_32_groupi/g5801/z (u)     in_0->z F     unmapped_nand2         4  28.0     0   100    2304    (-,-) 
  P7/csa_tree_add_33_32_groupi/g5791/z (u)     in_0->z R     unmapped_complex2      1   7.0     0    61    2365    (-,-) 
  P7/csa_tree_add_33_32_groupi/g5783/z (u)     in_0->z F     unmapped_complex2      3  21.0     0    90    2455    (-,-) 
  P7/csa_tree_add_33_32_groupi/g5767/z (u)     in_1->z R     unmapped_nand2         1   7.0     0    61    2516    (-,-) 
  P7/csa_tree_add_33_32_groupi/g5765/z (u)     in_1->z F     unmapped_nand2         3  21.0     0    90    2606    (-,-) 
  P7/csa_tree_add_33_32_groupi/g5755/z (u)     in_0->z R     unmapped_nand2         1   7.0     0    61    2666    (-,-) 
  P7/csa_tree_add_33_32_groupi/g5753/z (u)     in_0->z F     unmapped_nand2         4  28.0     0   100    2766    (-,-) 
  P7/csa_tree_add_33_32_groupi/g5752/z (u)     in_0->z R     unmapped_complex2      1   7.0     0    61    2827    (-,-) 
  P7/csa_tree_add_33_32_groupi/g5746/z (u)     in_0->z F     unmapped_complex2      3  21.0     0    90    2917    (-,-) 
  P7/csa_tree_add_33_32_groupi/g5740/z (u)     in_1->z R     unmapped_nand2         1   7.0     0    61    2978    (-,-) 
  P7/csa_tree_add_33_32_groupi/g5736/z (u)     in_1->z F     unmapped_nand2         3  21.0     0    90    3068    (-,-) 
  P7/csa_tree_add_33_32_groupi/g5732/z (u)     in_0->z R     unmapped_nand2         1   7.0     0    61    3129    (-,-) 
  P7/csa_tree_add_33_32_groupi/g5731/z (u)     in_0->z F     unmapped_nand2         7  49.0     0   126    3255    (-,-) 
  P7/csa_tree_add_33_32_groupi/g5724/z (u)     in_0->z R     unmapped_complex2      2  14.0     0    77    3332    (-,-) 
  P7/csa_tree_add_33_32_groupi/g5721/z (u)     in_0->z F     unmapped_complex2      6  42.0     0   119    3452    (-,-) 
  P7/csa_tree_add_33_32_groupi/g5697/z (u)     in_0->z R     unmapped_complex2      1   7.0     0    61    3513    (-,-) 
  P7/csa_tree_add_33_32_groupi/g5690/z (u)     in_1->z F     unmapped_nand2         1   7.0     0    61    3574    (-,-) 
  P7/csa_tree_add_33_32_groupi/g5676/z (u)     in_1->z R     unmapped_nand2         1   7.0     0    61    3634    (-,-) 
  P7/csa_tree_add_33_32_groupi/g5660/z (u)     in_0->z F     unmapped_complex2      1   7.0     0    61    3695    (-,-) 
  P7/csa_tree_add_33_32_groupi/g5654/z (u)     in_0->z R     unmapped_nand2         1   7.0     0    61    3756    (-,-) 
  P7/csa_tree_add_33_32_groupi/g5647/z (u)     in_0->z F     unmapped_nand2         2  14.0     0    77    3833    (-,-) 
  P7/csa_tree_add_33_32_groupi/g5645/z (u)     in_0->z F     unmapped_or2           1   7.0     0    61    3894    (-,-) 
  P7/csa_tree_add_33_32_groupi/g5646/z (u)     in_1->z R     unmapped_nand2         1   7.0     0    61    3955    (-,-) 
  P7/result_reg[31]/d                  -       -       R     unmapped_d_flop        1     -     -     0    3955    (-,-) 
#------------------------------------------------------------------------------------------------------------------------

(u) : Net has unmapped pin(s).



Path 11: MET (8777 ps) Setup Check with Pin P6/result_reg[31]/clk->d
          Group: C2C
     Startpoint: (R) weight_reg_reg[5][1]/clk
          Clock: (R) clk
       Endpoint: (R) P6/result_reg[31]/d
          Clock: (R) clk

                     Capture       Launch     
        Clock Edge:+   13330            0     
       Src Latency:+       0            0     
       Net Latency:+       0 (I)        0 (I) 
           Arrival:=   13330            0     
                                              
             Setup:-     298                  
       Uncertainty:-     300                  
     Required Time:=   12732                  
      Launch Clock:-       0                  
         Data Path:-    3955                  
             Slack:=    8777                  

#------------------------------------------------------------------------------------------------------------------------
#            Timing Point              Flags    Arc    Edge       Cell         Fanout  Load Trans Delay Arrival Instance 
#                                                                                      (fF)  (ps)  (ps)   (ps)  Location 
#------------------------------------------------------------------------------------------------------------------------
  weight_reg_reg[5][1]/clk             -       -       R     (arrival)           1910     -   200     0       0    (-,-) 
  weight_reg_reg[5][1]/q               (u)     clk->q  R     unmapped_d_flop       42  49.0     0   616     616    (-,-) 
  P6/csa_tree_add_33_32_groupi/g8065/z (u)     in_1->z F     unmapped_complex2      1   7.0     0    61     677    (-,-) 
  P6/csa_tree_add_33_32_groupi/g8066/z (u)     in_1->z R     unmapped_nand2        19 133.0     0   188     865    (-,-) 
  P6/csa_tree_add_33_32_groupi/g7449/z (u)     in_1->z F     unmapped_nand2         4  28.0     0   100     965    (-,-) 
  P6/csa_tree_add_33_32_groupi/g7303/z (u)     in_1->z F     unmapped_or2           1   7.0     0    61    1026    (-,-) 
  P6/csa_tree_add_33_32_groupi/g7304/z (u)     in_1->z R     unmapped_nand2         2  14.0     0    77    1103    (-,-) 
  P6/csa_tree_add_33_32_groupi/g7161/z (u)     in_1->z R     unmapped_complex2      1   7.0     0    61    1164    (-,-) 
  P6/csa_tree_add_33_32_groupi/g7162/z (u)     in_1->z F     unmapped_nand2         2  14.0     0    77    1241    (-,-) 
  P6/csa_tree_add_33_32_groupi/g6990/z (u)     in_0->z F     unmapped_complex2      2  14.0     0    77    1318    (-,-) 
  P6/csa_tree_add_33_32_groupi/g6584/z (u)     in_1->z R     unmapped_nand2         1   7.0     0    61    1379    (-,-) 
  P6/csa_tree_add_33_32_groupi/g6532/z (u)     in_1->z F     unmapped_nand2         3  21.0     0    90    1469    (-,-) 
  P6/csa_tree_add_33_32_groupi/g6311/z (u)     in_1->z R     unmapped_nand2         1   7.0     0    61    1530    (-,-) 
  P6/csa_tree_add_33_32_groupi/g6229/z (u)     in_0->z F     unmapped_nand2         3  21.0     0    90    1620    (-,-) 
  P6/csa_tree_add_33_32_groupi/g6162/z (u)     in_1->z R     unmapped_nand2         1   7.0     0    61    1680    (-,-) 
  P6/csa_tree_add_33_32_groupi/g6027/z (u)     in_1->z F     unmapped_nand2         4  28.0     0   100    1780    (-,-) 
  P6/csa_tree_add_33_32_groupi/g6012/z (u)     in_0->z F     unmapped_or2           1   7.0     0    61    1841    (-,-) 
  P6/csa_tree_add_33_32_groupi/g5948/z (u)     in_1->z R     unmapped_nand2         1   7.0     0    61    1902    (-,-) 
  P6/csa_tree_add_33_32_groupi/g5871/z (u)     in_1->z F     unmapped_nand2         3  21.0     0    90    1992    (-,-) 
  P6/csa_tree_add_33_32_groupi/g5863/z (u)     in_1->z R     unmapped_nand2         1   7.0     0    61    2053    (-,-) 
  P6/csa_tree_add_33_32_groupi/g5822/z (u)     in_0->z F     unmapped_nand2         3  21.0     0    90    2143    (-,-) 
  P6/csa_tree_add_33_32_groupi/g5807/z (u)     in_1->z R     unmapped_nand2         1   7.0     0    61    2204    (-,-) 
  P6/csa_tree_add_33_32_groupi/g5801/z (u)     in_0->z F     unmapped_nand2         4  28.0     0   100    2304    (-,-) 
  P6/csa_tree_add_33_32_groupi/g5791/z (u)     in_0->z R     unmapped_complex2      1   7.0     0    61    2365    (-,-) 
  P6/csa_tree_add_33_32_groupi/g5783/z (u)     in_0->z F     unmapped_complex2      3  21.0     0    90    2455    (-,-) 
  P6/csa_tree_add_33_32_groupi/g5767/z (u)     in_1->z R     unmapped_nand2         1   7.0     0    61    2516    (-,-) 
  P6/csa_tree_add_33_32_groupi/g5765/z (u)     in_1->z F     unmapped_nand2         3  21.0     0    90    2606    (-,-) 
  P6/csa_tree_add_33_32_groupi/g5755/z (u)     in_0->z R     unmapped_nand2         1   7.0     0    61    2666    (-,-) 
  P6/csa_tree_add_33_32_groupi/g5753/z (u)     in_0->z F     unmapped_nand2         4  28.0     0   100    2766    (-,-) 
  P6/csa_tree_add_33_32_groupi/g5752/z (u)     in_0->z R     unmapped_complex2      1   7.0     0    61    2827    (-,-) 
  P6/csa_tree_add_33_32_groupi/g5746/z (u)     in_0->z F     unmapped_complex2      3  21.0     0    90    2917    (-,-) 
  P6/csa_tree_add_33_32_groupi/g5740/z (u)     in_1->z R     unmapped_nand2         1   7.0     0    61    2978    (-,-) 
  P6/csa_tree_add_33_32_groupi/g5736/z (u)     in_1->z F     unmapped_nand2         3  21.0     0    90    3068    (-,-) 
  P6/csa_tree_add_33_32_groupi/g5732/z (u)     in_0->z R     unmapped_nand2         1   7.0     0    61    3129    (-,-) 
  P6/csa_tree_add_33_32_groupi/g5731/z (u)     in_0->z F     unmapped_nand2         7  49.0     0   126    3255    (-,-) 
  P6/csa_tree_add_33_32_groupi/g5724/z (u)     in_0->z R     unmapped_complex2      2  14.0     0    77    3332    (-,-) 
  P6/csa_tree_add_33_32_groupi/g5721/z (u)     in_0->z F     unmapped_complex2      6  42.0     0   119    3452    (-,-) 
  P6/csa_tree_add_33_32_groupi/g5697/z (u)     in_0->z R     unmapped_complex2      1   7.0     0    61    3513    (-,-) 
  P6/csa_tree_add_33_32_groupi/g5690/z (u)     in_1->z F     unmapped_nand2         1   7.0     0    61    3574    (-,-) 
  P6/csa_tree_add_33_32_groupi/g5676/z (u)     in_1->z R     unmapped_nand2         1   7.0     0    61    3634    (-,-) 
  P6/csa_tree_add_33_32_groupi/g5660/z (u)     in_0->z F     unmapped_complex2      1   7.0     0    61    3695    (-,-) 
  P6/csa_tree_add_33_32_groupi/g5654/z (u)     in_0->z R     unmapped_nand2         1   7.0     0    61    3756    (-,-) 
  P6/csa_tree_add_33_32_groupi/g5647/z (u)     in_0->z F     unmapped_nand2         2  14.0     0    77    3833    (-,-) 
  P6/csa_tree_add_33_32_groupi/g5645/z (u)     in_0->z F     unmapped_or2           1   7.0     0    61    3894    (-,-) 
  P6/csa_tree_add_33_32_groupi/g5646/z (u)     in_1->z R     unmapped_nand2         1   7.0     0    61    3955    (-,-) 
  P6/result_reg[31]/d                  -       -       R     unmapped_d_flop        1     -     -     0    3955    (-,-) 
#------------------------------------------------------------------------------------------------------------------------

(u) : Net has unmapped pin(s).



Path 12: MET (8777 ps) Setup Check with Pin P5/result_reg[31]/clk->d
          Group: C2C
     Startpoint: (R) weight_reg_reg[4][1]/clk
          Clock: (R) clk
       Endpoint: (R) P5/result_reg[31]/d
          Clock: (R) clk

                     Capture       Launch     
        Clock Edge:+   13330            0     
       Src Latency:+       0            0     
       Net Latency:+       0 (I)        0 (I) 
           Arrival:=   13330            0     
                                              
             Setup:-     298                  
       Uncertainty:-     300                  
     Required Time:=   12732                  
      Launch Clock:-       0                  
         Data Path:-    3955                  
             Slack:=    8777                  

#------------------------------------------------------------------------------------------------------------------------
#            Timing Point              Flags    Arc    Edge       Cell         Fanout  Load Trans Delay Arrival Instance 
#                                                                                      (fF)  (ps)  (ps)   (ps)  Location 
#------------------------------------------------------------------------------------------------------------------------
  weight_reg_reg[4][1]/clk             -       -       R     (arrival)           1910     -   200     0       0    (-,-) 
  weight_reg_reg[4][1]/q               (u)     clk->q  R     unmapped_d_flop       42  49.0     0   616     616    (-,-) 
  P5/csa_tree_add_33_32_groupi/g8065/z (u)     in_1->z F     unmapped_complex2      1   7.0     0    61     677    (-,-) 
  P5/csa_tree_add_33_32_groupi/g8066/z (u)     in_1->z R     unmapped_nand2        19 133.0     0   188     865    (-,-) 
  P5/csa_tree_add_33_32_groupi/g7449/z (u)     in_1->z F     unmapped_nand2         4  28.0     0   100     965    (-,-) 
  P5/csa_tree_add_33_32_groupi/g7303/z (u)     in_1->z F     unmapped_or2           1   7.0     0    61    1026    (-,-) 
  P5/csa_tree_add_33_32_groupi/g7304/z (u)     in_1->z R     unmapped_nand2         2  14.0     0    77    1103    (-,-) 
  P5/csa_tree_add_33_32_groupi/g7161/z (u)     in_1->z R     unmapped_complex2      1   7.0     0    61    1164    (-,-) 
  P5/csa_tree_add_33_32_groupi/g7162/z (u)     in_1->z F     unmapped_nand2         2  14.0     0    77    1241    (-,-) 
  P5/csa_tree_add_33_32_groupi/g6990/z (u)     in_0->z F     unmapped_complex2      2  14.0     0    77    1318    (-,-) 
  P5/csa_tree_add_33_32_groupi/g6584/z (u)     in_1->z R     unmapped_nand2         1   7.0     0    61    1379    (-,-) 
  P5/csa_tree_add_33_32_groupi/g6532/z (u)     in_1->z F     unmapped_nand2         3  21.0     0    90    1469    (-,-) 
  P5/csa_tree_add_33_32_groupi/g6311/z (u)     in_1->z R     unmapped_nand2         1   7.0     0    61    1530    (-,-) 
  P5/csa_tree_add_33_32_groupi/g6229/z (u)     in_0->z F     unmapped_nand2         3  21.0     0    90    1620    (-,-) 
  P5/csa_tree_add_33_32_groupi/g6162/z (u)     in_1->z R     unmapped_nand2         1   7.0     0    61    1680    (-,-) 
  P5/csa_tree_add_33_32_groupi/g6027/z (u)     in_1->z F     unmapped_nand2         4  28.0     0   100    1780    (-,-) 
  P5/csa_tree_add_33_32_groupi/g6012/z (u)     in_0->z F     unmapped_or2           1   7.0     0    61    1841    (-,-) 
  P5/csa_tree_add_33_32_groupi/g5948/z (u)     in_1->z R     unmapped_nand2         1   7.0     0    61    1902    (-,-) 
  P5/csa_tree_add_33_32_groupi/g5871/z (u)     in_1->z F     unmapped_nand2         3  21.0     0    90    1992    (-,-) 
  P5/csa_tree_add_33_32_groupi/g5863/z (u)     in_1->z R     unmapped_nand2         1   7.0     0    61    2053    (-,-) 
  P5/csa_tree_add_33_32_groupi/g5822/z (u)     in_0->z F     unmapped_nand2         3  21.0     0    90    2143    (-,-) 
  P5/csa_tree_add_33_32_groupi/g5807/z (u)     in_1->z R     unmapped_nand2         1   7.0     0    61    2204    (-,-) 
  P5/csa_tree_add_33_32_groupi/g5801/z (u)     in_0->z F     unmapped_nand2         4  28.0     0   100    2304    (-,-) 
  P5/csa_tree_add_33_32_groupi/g5791/z (u)     in_0->z R     unmapped_complex2      1   7.0     0    61    2365    (-,-) 
  P5/csa_tree_add_33_32_groupi/g5783/z (u)     in_0->z F     unmapped_complex2      3  21.0     0    90    2455    (-,-) 
  P5/csa_tree_add_33_32_groupi/g5767/z (u)     in_1->z R     unmapped_nand2         1   7.0     0    61    2516    (-,-) 
  P5/csa_tree_add_33_32_groupi/g5765/z (u)     in_1->z F     unmapped_nand2         3  21.0     0    90    2606    (-,-) 
  P5/csa_tree_add_33_32_groupi/g5755/z (u)     in_0->z R     unmapped_nand2         1   7.0     0    61    2666    (-,-) 
  P5/csa_tree_add_33_32_groupi/g5753/z (u)     in_0->z F     unmapped_nand2         4  28.0     0   100    2766    (-,-) 
  P5/csa_tree_add_33_32_groupi/g5752/z (u)     in_0->z R     unmapped_complex2      1   7.0     0    61    2827    (-,-) 
  P5/csa_tree_add_33_32_groupi/g5746/z (u)     in_0->z F     unmapped_complex2      3  21.0     0    90    2917    (-,-) 
  P5/csa_tree_add_33_32_groupi/g5740/z (u)     in_1->z R     unmapped_nand2         1   7.0     0    61    2978    (-,-) 
  P5/csa_tree_add_33_32_groupi/g5736/z (u)     in_1->z F     unmapped_nand2         3  21.0     0    90    3068    (-,-) 
  P5/csa_tree_add_33_32_groupi/g5732/z (u)     in_0->z R     unmapped_nand2         1   7.0     0    61    3129    (-,-) 
  P5/csa_tree_add_33_32_groupi/g5731/z (u)     in_0->z F     unmapped_nand2         7  49.0     0   126    3255    (-,-) 
  P5/csa_tree_add_33_32_groupi/g5724/z (u)     in_0->z R     unmapped_complex2      2  14.0     0    77    3332    (-,-) 
  P5/csa_tree_add_33_32_groupi/g5721/z (u)     in_0->z F     unmapped_complex2      6  42.0     0   119    3452    (-,-) 
  P5/csa_tree_add_33_32_groupi/g5697/z (u)     in_0->z R     unmapped_complex2      1   7.0     0    61    3513    (-,-) 
  P5/csa_tree_add_33_32_groupi/g5690/z (u)     in_1->z F     unmapped_nand2         1   7.0     0    61    3574    (-,-) 
  P5/csa_tree_add_33_32_groupi/g5676/z (u)     in_1->z R     unmapped_nand2         1   7.0     0    61    3634    (-,-) 
  P5/csa_tree_add_33_32_groupi/g5660/z (u)     in_0->z F     unmapped_complex2      1   7.0     0    61    3695    (-,-) 
  P5/csa_tree_add_33_32_groupi/g5654/z (u)     in_0->z R     unmapped_nand2         1   7.0     0    61    3756    (-,-) 
  P5/csa_tree_add_33_32_groupi/g5647/z (u)     in_0->z F     unmapped_nand2         2  14.0     0    77    3833    (-,-) 
  P5/csa_tree_add_33_32_groupi/g5645/z (u)     in_0->z F     unmapped_or2           1   7.0     0    61    3894    (-,-) 
  P5/csa_tree_add_33_32_groupi/g5646/z (u)     in_1->z R     unmapped_nand2         1   7.0     0    61    3955    (-,-) 
  P5/result_reg[31]/d                  -       -       R     unmapped_d_flop        1     -     -     0    3955    (-,-) 
#------------------------------------------------------------------------------------------------------------------------

(u) : Net has unmapped pin(s).



Path 13: MET (8870 ps) Setup Check with Pin P16/result_reg[27]/clk->d
          Group: C2C
     Startpoint: (R) weight_reg_reg[15][1]/clk
          Clock: (R) clk
       Endpoint: (R) P16/result_reg[27]/d
          Clock: (R) clk

                     Capture       Launch     
        Clock Edge:+   13330            0     
       Src Latency:+       0            0     
       Net Latency:+       0 (I)        0 (I) 
           Arrival:=   13330            0     
                                              
             Setup:-     298                  
       Uncertainty:-     300                  
     Required Time:=   12732                  
      Launch Clock:-       0                  
         Data Path:-    3862                  
             Slack:=    8870                  

#-------------------------------------------------------------------------------------------------------------------------
#             Timing Point              Flags    Arc    Edge       Cell         Fanout  Load Trans Delay Arrival Instance 
#                                                                                       (fF)  (ps)  (ps)   (ps)  Location 
#-------------------------------------------------------------------------------------------------------------------------
  weight_reg_reg[15][1]/clk             -       -       R     (arrival)           1910     -   200     0       0    (-,-) 
  weight_reg_reg[15][1]/q               (u)     clk->q  R     unmapped_d_flop       42  49.0     0   616     616    (-,-) 
  P16/csa_tree_add_33_32_groupi/g8065/z (u)     in_1->z F     unmapped_complex2      1   7.0     0    61     677    (-,-) 
  P16/csa_tree_add_33_32_groupi/g8066/z (u)     in_1->z R     unmapped_nand2        19 133.0     0   188     865    (-,-) 
  P16/csa_tree_add_33_32_groupi/g7449/z (u)     in_1->z F     unmapped_nand2         4  28.0     0   100     965    (-,-) 
  P16/csa_tree_add_33_32_groupi/g7303/z (u)     in_1->z F     unmapped_or2           1   7.0     0    61    1026    (-,-) 
  P16/csa_tree_add_33_32_groupi/g7304/z (u)     in_1->z R     unmapped_nand2         2  14.0     0    77    1103    (-,-) 
  P16/csa_tree_add_33_32_groupi/g7161/z (u)     in_1->z R     unmapped_complex2      1   7.0     0    61    1164    (-,-) 
  P16/csa_tree_add_33_32_groupi/g7162/z (u)     in_1->z F     unmapped_nand2         2  14.0     0    77    1241    (-,-) 
  P16/csa_tree_add_33_32_groupi/g6990/z (u)     in_0->z F     unmapped_complex2      2  14.0     0    77    1318    (-,-) 
  P16/csa_tree_add_33_32_groupi/g6584/z (u)     in_1->z R     unmapped_nand2         1   7.0     0    61    1379    (-,-) 
  P16/csa_tree_add_33_32_groupi/g6532/z (u)     in_1->z F     unmapped_nand2         3  21.0     0    90    1469    (-,-) 
  P16/csa_tree_add_33_32_groupi/g6311/z (u)     in_1->z R     unmapped_nand2         1   7.0     0    61    1530    (-,-) 
  P16/csa_tree_add_33_32_groupi/g6229/z (u)     in_0->z F     unmapped_nand2         3  21.0     0    90    1620    (-,-) 
  P16/csa_tree_add_33_32_groupi/g6162/z (u)     in_1->z R     unmapped_nand2         1   7.0     0    61    1680    (-,-) 
  P16/csa_tree_add_33_32_groupi/g6027/z (u)     in_1->z F     unmapped_nand2         4  28.0     0   100    1780    (-,-) 
  P16/csa_tree_add_33_32_groupi/g6012/z (u)     in_0->z F     unmapped_or2           1   7.0     0    61    1841    (-,-) 
  P16/csa_tree_add_33_32_groupi/g5948/z (u)     in_1->z R     unmapped_nand2         1   7.0     0    61    1902    (-,-) 
  P16/csa_tree_add_33_32_groupi/g5871/z (u)     in_1->z F     unmapped_nand2         3  21.0     0    90    1992    (-,-) 
  P16/csa_tree_add_33_32_groupi/g5863/z (u)     in_1->z R     unmapped_nand2         1   7.0     0    61    2053    (-,-) 
  P16/csa_tree_add_33_32_groupi/g5822/z (u)     in_0->z F     unmapped_nand2         3  21.0     0    90    2143    (-,-) 
  P16/csa_tree_add_33_32_groupi/g5807/z (u)     in_1->z R     unmapped_nand2         1   7.0     0    61    2204    (-,-) 
  P16/csa_tree_add_33_32_groupi/g5801/z (u)     in_0->z F     unmapped_nand2         4  28.0     0   100    2304    (-,-) 
  P16/csa_tree_add_33_32_groupi/g5791/z (u)     in_0->z R     unmapped_complex2      1   7.0     0    61    2365    (-,-) 
  P16/csa_tree_add_33_32_groupi/g5783/z (u)     in_0->z F     unmapped_complex2      3  21.0     0    90    2455    (-,-) 
  P16/csa_tree_add_33_32_groupi/g5767/z (u)     in_1->z R     unmapped_nand2         1   7.0     0    61    2516    (-,-) 
  P16/csa_tree_add_33_32_groupi/g5765/z (u)     in_1->z F     unmapped_nand2         3  21.0     0    90    2606    (-,-) 
  P16/csa_tree_add_33_32_groupi/g5755/z (u)     in_0->z R     unmapped_nand2         1   7.0     0    61    2666    (-,-) 
  P16/csa_tree_add_33_32_groupi/g5753/z (u)     in_0->z F     unmapped_nand2         4  28.0     0   100    2766    (-,-) 
  P16/csa_tree_add_33_32_groupi/g5752/z (u)     in_0->z R     unmapped_complex2      1   7.0     0    61    2827    (-,-) 
  P16/csa_tree_add_33_32_groupi/g5746/z (u)     in_0->z F     unmapped_complex2      3  21.0     0    90    2917    (-,-) 
  P16/csa_tree_add_33_32_groupi/g5740/z (u)     in_1->z R     unmapped_nand2         1   7.0     0    61    2978    (-,-) 
  P16/csa_tree_add_33_32_groupi/g5736/z (u)     in_1->z F     unmapped_nand2         3  21.0     0    90    3068    (-,-) 
  P16/csa_tree_add_33_32_groupi/g5732/z (u)     in_0->z R     unmapped_nand2         1   7.0     0    61    3129    (-,-) 
  P16/csa_tree_add_33_32_groupi/g5731/z (u)     in_0->z F     unmapped_nand2         7  49.0     0   126    3255    (-,-) 
  P16/csa_tree_add_33_32_groupi/g5724/z (u)     in_0->z R     unmapped_complex2      2  14.0     0    77    3332    (-,-) 
  P16/csa_tree_add_33_32_groupi/g5721/z (u)     in_0->z F     unmapped_complex2      6  42.0     0   119    3452    (-,-) 
  P16/csa_tree_add_33_32_groupi/g5713/z (u)     in_0->z R     unmapped_complex2      1   7.0     0    61    3513    (-,-) 
  P16/csa_tree_add_33_32_groupi/g5688/z (u)     in_0->z F     unmapped_complex2      3  21.0     0    90    3603    (-,-) 
  P16/csa_tree_add_33_32_groupi/g5662/z (u)     in_1->z R     unmapped_nand2         1   7.0     0    61    3664    (-,-) 
  P16/csa_tree_add_33_32_groupi/g5659/z (u)     in_1->z F     unmapped_nand2         2  14.0     0    77    3741    (-,-) 
  P16/csa_tree_add_33_32_groupi/g5652/z (u)     in_0->z F     unmapped_or2           1   7.0     0    61    3802    (-,-) 
  P16/csa_tree_add_33_32_groupi/g5653/z (u)     in_1->z R     unmapped_nand2         1   7.0     0    61    3862    (-,-) 
  P16/result_reg[27]/d                  -       -       R     unmapped_d_flop        1     -     -     0    3862    (-,-) 
#-------------------------------------------------------------------------------------------------------------------------

(u) : Net has unmapped pin(s).



Path 14: MET (8870 ps) Setup Check with Pin P15/result_reg[27]/clk->d
          Group: C2C
     Startpoint: (R) weight_reg_reg[14][1]/clk
          Clock: (R) clk
       Endpoint: (R) P15/result_reg[27]/d
          Clock: (R) clk

                     Capture       Launch     
        Clock Edge:+   13330            0     
       Src Latency:+       0            0     
       Net Latency:+       0 (I)        0 (I) 
           Arrival:=   13330            0     
                                              
             Setup:-     298                  
       Uncertainty:-     300                  
     Required Time:=   12732                  
      Launch Clock:-       0                  
         Data Path:-    3862                  
             Slack:=    8870                  

#-------------------------------------------------------------------------------------------------------------------------
#             Timing Point              Flags    Arc    Edge       Cell         Fanout  Load Trans Delay Arrival Instance 
#                                                                                       (fF)  (ps)  (ps)   (ps)  Location 
#-------------------------------------------------------------------------------------------------------------------------
  weight_reg_reg[14][1]/clk             -       -       R     (arrival)           1910     -   200     0       0    (-,-) 
  weight_reg_reg[14][1]/q               (u)     clk->q  R     unmapped_d_flop       42  49.0     0   616     616    (-,-) 
  P15/csa_tree_add_33_32_groupi/g8065/z (u)     in_1->z F     unmapped_complex2      1   7.0     0    61     677    (-,-) 
  P15/csa_tree_add_33_32_groupi/g8066/z (u)     in_1->z R     unmapped_nand2        19 133.0     0   188     865    (-,-) 
  P15/csa_tree_add_33_32_groupi/g7449/z (u)     in_1->z F     unmapped_nand2         4  28.0     0   100     965    (-,-) 
  P15/csa_tree_add_33_32_groupi/g7303/z (u)     in_1->z F     unmapped_or2           1   7.0     0    61    1026    (-,-) 
  P15/csa_tree_add_33_32_groupi/g7304/z (u)     in_1->z R     unmapped_nand2         2  14.0     0    77    1103    (-,-) 
  P15/csa_tree_add_33_32_groupi/g7161/z (u)     in_1->z R     unmapped_complex2      1   7.0     0    61    1164    (-,-) 
  P15/csa_tree_add_33_32_groupi/g7162/z (u)     in_1->z F     unmapped_nand2         2  14.0     0    77    1241    (-,-) 
  P15/csa_tree_add_33_32_groupi/g6990/z (u)     in_0->z F     unmapped_complex2      2  14.0     0    77    1318    (-,-) 
  P15/csa_tree_add_33_32_groupi/g6584/z (u)     in_1->z R     unmapped_nand2         1   7.0     0    61    1379    (-,-) 
  P15/csa_tree_add_33_32_groupi/g6532/z (u)     in_1->z F     unmapped_nand2         3  21.0     0    90    1469    (-,-) 
  P15/csa_tree_add_33_32_groupi/g6311/z (u)     in_1->z R     unmapped_nand2         1   7.0     0    61    1530    (-,-) 
  P15/csa_tree_add_33_32_groupi/g6229/z (u)     in_0->z F     unmapped_nand2         3  21.0     0    90    1620    (-,-) 
  P15/csa_tree_add_33_32_groupi/g6162/z (u)     in_1->z R     unmapped_nand2         1   7.0     0    61    1680    (-,-) 
  P15/csa_tree_add_33_32_groupi/g6027/z (u)     in_1->z F     unmapped_nand2         4  28.0     0   100    1780    (-,-) 
  P15/csa_tree_add_33_32_groupi/g6012/z (u)     in_0->z F     unmapped_or2           1   7.0     0    61    1841    (-,-) 
  P15/csa_tree_add_33_32_groupi/g5948/z (u)     in_1->z R     unmapped_nand2         1   7.0     0    61    1902    (-,-) 
  P15/csa_tree_add_33_32_groupi/g5871/z (u)     in_1->z F     unmapped_nand2         3  21.0     0    90    1992    (-,-) 
  P15/csa_tree_add_33_32_groupi/g5863/z (u)     in_1->z R     unmapped_nand2         1   7.0     0    61    2053    (-,-) 
  P15/csa_tree_add_33_32_groupi/g5822/z (u)     in_0->z F     unmapped_nand2         3  21.0     0    90    2143    (-,-) 
  P15/csa_tree_add_33_32_groupi/g5807/z (u)     in_1->z R     unmapped_nand2         1   7.0     0    61    2204    (-,-) 
  P15/csa_tree_add_33_32_groupi/g5801/z (u)     in_0->z F     unmapped_nand2         4  28.0     0   100    2304    (-,-) 
  P15/csa_tree_add_33_32_groupi/g5791/z (u)     in_0->z R     unmapped_complex2      1   7.0     0    61    2365    (-,-) 
  P15/csa_tree_add_33_32_groupi/g5783/z (u)     in_0->z F     unmapped_complex2      3  21.0     0    90    2455    (-,-) 
  P15/csa_tree_add_33_32_groupi/g5767/z (u)     in_1->z R     unmapped_nand2         1   7.0     0    61    2516    (-,-) 
  P15/csa_tree_add_33_32_groupi/g5765/z (u)     in_1->z F     unmapped_nand2         3  21.0     0    90    2606    (-,-) 
  P15/csa_tree_add_33_32_groupi/g5755/z (u)     in_0->z R     unmapped_nand2         1   7.0     0    61    2666    (-,-) 
  P15/csa_tree_add_33_32_groupi/g5753/z (u)     in_0->z F     unmapped_nand2         4  28.0     0   100    2766    (-,-) 
  P15/csa_tree_add_33_32_groupi/g5752/z (u)     in_0->z R     unmapped_complex2      1   7.0     0    61    2827    (-,-) 
  P15/csa_tree_add_33_32_groupi/g5746/z (u)     in_0->z F     unmapped_complex2      3  21.0     0    90    2917    (-,-) 
  P15/csa_tree_add_33_32_groupi/g5740/z (u)     in_1->z R     unmapped_nand2         1   7.0     0    61    2978    (-,-) 
  P15/csa_tree_add_33_32_groupi/g5736/z (u)     in_1->z F     unmapped_nand2         3  21.0     0    90    3068    (-,-) 
  P15/csa_tree_add_33_32_groupi/g5732/z (u)     in_0->z R     unmapped_nand2         1   7.0     0    61    3129    (-,-) 
  P15/csa_tree_add_33_32_groupi/g5731/z (u)     in_0->z F     unmapped_nand2         7  49.0     0   126    3255    (-,-) 
  P15/csa_tree_add_33_32_groupi/g5724/z (u)     in_0->z R     unmapped_complex2      2  14.0     0    77    3332    (-,-) 
  P15/csa_tree_add_33_32_groupi/g5721/z (u)     in_0->z F     unmapped_complex2      6  42.0     0   119    3452    (-,-) 
  P15/csa_tree_add_33_32_groupi/g5713/z (u)     in_0->z R     unmapped_complex2      1   7.0     0    61    3513    (-,-) 
  P15/csa_tree_add_33_32_groupi/g5688/z (u)     in_0->z F     unmapped_complex2      3  21.0     0    90    3603    (-,-) 
  P15/csa_tree_add_33_32_groupi/g5662/z (u)     in_1->z R     unmapped_nand2         1   7.0     0    61    3664    (-,-) 
  P15/csa_tree_add_33_32_groupi/g5659/z (u)     in_1->z F     unmapped_nand2         2  14.0     0    77    3741    (-,-) 
  P15/csa_tree_add_33_32_groupi/g5652/z (u)     in_0->z F     unmapped_or2           1   7.0     0    61    3802    (-,-) 
  P15/csa_tree_add_33_32_groupi/g5653/z (u)     in_1->z R     unmapped_nand2         1   7.0     0    61    3862    (-,-) 
  P15/result_reg[27]/d                  -       -       R     unmapped_d_flop        1     -     -     0    3862    (-,-) 
#-------------------------------------------------------------------------------------------------------------------------

(u) : Net has unmapped pin(s).



Path 15: MET (8870 ps) Setup Check with Pin P14/result_reg[27]/clk->d
          Group: C2C
     Startpoint: (R) weight_reg_reg[13][1]/clk
          Clock: (R) clk
       Endpoint: (R) P14/result_reg[27]/d
          Clock: (R) clk

                     Capture       Launch     
        Clock Edge:+   13330            0     
       Src Latency:+       0            0     
       Net Latency:+       0 (I)        0 (I) 
           Arrival:=   13330            0     
                                              
             Setup:-     298                  
       Uncertainty:-     300                  
     Required Time:=   12732                  
      Launch Clock:-       0                  
         Data Path:-    3862                  
             Slack:=    8870                  

#-------------------------------------------------------------------------------------------------------------------------
#             Timing Point              Flags    Arc    Edge       Cell         Fanout  Load Trans Delay Arrival Instance 
#                                                                                       (fF)  (ps)  (ps)   (ps)  Location 
#-------------------------------------------------------------------------------------------------------------------------
  weight_reg_reg[13][1]/clk             -       -       R     (arrival)           1910     -   200     0       0    (-,-) 
  weight_reg_reg[13][1]/q               (u)     clk->q  R     unmapped_d_flop       42  49.0     0   616     616    (-,-) 
  P14/csa_tree_add_33_32_groupi/g8065/z (u)     in_1->z F     unmapped_complex2      1   7.0     0    61     677    (-,-) 
  P14/csa_tree_add_33_32_groupi/g8066/z (u)     in_1->z R     unmapped_nand2        19 133.0     0   188     865    (-,-) 
  P14/csa_tree_add_33_32_groupi/g7449/z (u)     in_1->z F     unmapped_nand2         4  28.0     0   100     965    (-,-) 
  P14/csa_tree_add_33_32_groupi/g7303/z (u)     in_1->z F     unmapped_or2           1   7.0     0    61    1026    (-,-) 
  P14/csa_tree_add_33_32_groupi/g7304/z (u)     in_1->z R     unmapped_nand2         2  14.0     0    77    1103    (-,-) 
  P14/csa_tree_add_33_32_groupi/g7161/z (u)     in_1->z R     unmapped_complex2      1   7.0     0    61    1164    (-,-) 
  P14/csa_tree_add_33_32_groupi/g7162/z (u)     in_1->z F     unmapped_nand2         2  14.0     0    77    1241    (-,-) 
  P14/csa_tree_add_33_32_groupi/g6990/z (u)     in_0->z F     unmapped_complex2      2  14.0     0    77    1318    (-,-) 
  P14/csa_tree_add_33_32_groupi/g6584/z (u)     in_1->z R     unmapped_nand2         1   7.0     0    61    1379    (-,-) 
  P14/csa_tree_add_33_32_groupi/g6532/z (u)     in_1->z F     unmapped_nand2         3  21.0     0    90    1469    (-,-) 
  P14/csa_tree_add_33_32_groupi/g6311/z (u)     in_1->z R     unmapped_nand2         1   7.0     0    61    1530    (-,-) 
  P14/csa_tree_add_33_32_groupi/g6229/z (u)     in_0->z F     unmapped_nand2         3  21.0     0    90    1620    (-,-) 
  P14/csa_tree_add_33_32_groupi/g6162/z (u)     in_1->z R     unmapped_nand2         1   7.0     0    61    1680    (-,-) 
  P14/csa_tree_add_33_32_groupi/g6027/z (u)     in_1->z F     unmapped_nand2         4  28.0     0   100    1780    (-,-) 
  P14/csa_tree_add_33_32_groupi/g6012/z (u)     in_0->z F     unmapped_or2           1   7.0     0    61    1841    (-,-) 
  P14/csa_tree_add_33_32_groupi/g5948/z (u)     in_1->z R     unmapped_nand2         1   7.0     0    61    1902    (-,-) 
  P14/csa_tree_add_33_32_groupi/g5871/z (u)     in_1->z F     unmapped_nand2         3  21.0     0    90    1992    (-,-) 
  P14/csa_tree_add_33_32_groupi/g5863/z (u)     in_1->z R     unmapped_nand2         1   7.0     0    61    2053    (-,-) 
  P14/csa_tree_add_33_32_groupi/g5822/z (u)     in_0->z F     unmapped_nand2         3  21.0     0    90    2143    (-,-) 
  P14/csa_tree_add_33_32_groupi/g5807/z (u)     in_1->z R     unmapped_nand2         1   7.0     0    61    2204    (-,-) 
  P14/csa_tree_add_33_32_groupi/g5801/z (u)     in_0->z F     unmapped_nand2         4  28.0     0   100    2304    (-,-) 
  P14/csa_tree_add_33_32_groupi/g5791/z (u)     in_0->z R     unmapped_complex2      1   7.0     0    61    2365    (-,-) 
  P14/csa_tree_add_33_32_groupi/g5783/z (u)     in_0->z F     unmapped_complex2      3  21.0     0    90    2455    (-,-) 
  P14/csa_tree_add_33_32_groupi/g5767/z (u)     in_1->z R     unmapped_nand2         1   7.0     0    61    2516    (-,-) 
  P14/csa_tree_add_33_32_groupi/g5765/z (u)     in_1->z F     unmapped_nand2         3  21.0     0    90    2606    (-,-) 
  P14/csa_tree_add_33_32_groupi/g5755/z (u)     in_0->z R     unmapped_nand2         1   7.0     0    61    2666    (-,-) 
  P14/csa_tree_add_33_32_groupi/g5753/z (u)     in_0->z F     unmapped_nand2         4  28.0     0   100    2766    (-,-) 
  P14/csa_tree_add_33_32_groupi/g5752/z (u)     in_0->z R     unmapped_complex2      1   7.0     0    61    2827    (-,-) 
  P14/csa_tree_add_33_32_groupi/g5746/z (u)     in_0->z F     unmapped_complex2      3  21.0     0    90    2917    (-,-) 
  P14/csa_tree_add_33_32_groupi/g5740/z (u)     in_1->z R     unmapped_nand2         1   7.0     0    61    2978    (-,-) 
  P14/csa_tree_add_33_32_groupi/g5736/z (u)     in_1->z F     unmapped_nand2         3  21.0     0    90    3068    (-,-) 
  P14/csa_tree_add_33_32_groupi/g5732/z (u)     in_0->z R     unmapped_nand2         1   7.0     0    61    3129    (-,-) 
  P14/csa_tree_add_33_32_groupi/g5731/z (u)     in_0->z F     unmapped_nand2         7  49.0     0   126    3255    (-,-) 
  P14/csa_tree_add_33_32_groupi/g5724/z (u)     in_0->z R     unmapped_complex2      2  14.0     0    77    3332    (-,-) 
  P14/csa_tree_add_33_32_groupi/g5721/z (u)     in_0->z F     unmapped_complex2      6  42.0     0   119    3452    (-,-) 
  P14/csa_tree_add_33_32_groupi/g5713/z (u)     in_0->z R     unmapped_complex2      1   7.0     0    61    3513    (-,-) 
  P14/csa_tree_add_33_32_groupi/g5688/z (u)     in_0->z F     unmapped_complex2      3  21.0     0    90    3603    (-,-) 
  P14/csa_tree_add_33_32_groupi/g5662/z (u)     in_1->z R     unmapped_nand2         1   7.0     0    61    3664    (-,-) 
  P14/csa_tree_add_33_32_groupi/g5659/z (u)     in_1->z F     unmapped_nand2         2  14.0     0    77    3741    (-,-) 
  P14/csa_tree_add_33_32_groupi/g5652/z (u)     in_0->z F     unmapped_or2           1   7.0     0    61    3802    (-,-) 
  P14/csa_tree_add_33_32_groupi/g5653/z (u)     in_1->z R     unmapped_nand2         1   7.0     0    61    3862    (-,-) 
  P14/result_reg[27]/d                  -       -       R     unmapped_d_flop        1     -     -     0    3862    (-,-) 
#-------------------------------------------------------------------------------------------------------------------------

(u) : Net has unmapped pin(s).



Path 16: MET (8870 ps) Setup Check with Pin P13/result_reg[27]/clk->d
          Group: C2C
     Startpoint: (R) weight_reg_reg[12][1]/clk
          Clock: (R) clk
       Endpoint: (R) P13/result_reg[27]/d
          Clock: (R) clk

                     Capture       Launch     
        Clock Edge:+   13330            0     
       Src Latency:+       0            0     
       Net Latency:+       0 (I)        0 (I) 
           Arrival:=   13330            0     
                                              
             Setup:-     298                  
       Uncertainty:-     300                  
     Required Time:=   12732                  
      Launch Clock:-       0                  
         Data Path:-    3862                  
             Slack:=    8870                  

#-------------------------------------------------------------------------------------------------------------------------
#             Timing Point              Flags    Arc    Edge       Cell         Fanout  Load Trans Delay Arrival Instance 
#                                                                                       (fF)  (ps)  (ps)   (ps)  Location 
#-------------------------------------------------------------------------------------------------------------------------
  weight_reg_reg[12][1]/clk             -       -       R     (arrival)           1910     -   200     0       0    (-,-) 
  weight_reg_reg[12][1]/q               (u)     clk->q  R     unmapped_d_flop       42  49.0     0   616     616    (-,-) 
  P13/csa_tree_add_33_32_groupi/g8065/z (u)     in_1->z F     unmapped_complex2      1   7.0     0    61     677    (-,-) 
  P13/csa_tree_add_33_32_groupi/g8066/z (u)     in_1->z R     unmapped_nand2        19 133.0     0   188     865    (-,-) 
  P13/csa_tree_add_33_32_groupi/g7449/z (u)     in_1->z F     unmapped_nand2         4  28.0     0   100     965    (-,-) 
  P13/csa_tree_add_33_32_groupi/g7303/z (u)     in_1->z F     unmapped_or2           1   7.0     0    61    1026    (-,-) 
  P13/csa_tree_add_33_32_groupi/g7304/z (u)     in_1->z R     unmapped_nand2         2  14.0     0    77    1103    (-,-) 
  P13/csa_tree_add_33_32_groupi/g7161/z (u)     in_1->z R     unmapped_complex2      1   7.0     0    61    1164    (-,-) 
  P13/csa_tree_add_33_32_groupi/g7162/z (u)     in_1->z F     unmapped_nand2         2  14.0     0    77    1241    (-,-) 
  P13/csa_tree_add_33_32_groupi/g6990/z (u)     in_0->z F     unmapped_complex2      2  14.0     0    77    1318    (-,-) 
  P13/csa_tree_add_33_32_groupi/g6584/z (u)     in_1->z R     unmapped_nand2         1   7.0     0    61    1379    (-,-) 
  P13/csa_tree_add_33_32_groupi/g6532/z (u)     in_1->z F     unmapped_nand2         3  21.0     0    90    1469    (-,-) 
  P13/csa_tree_add_33_32_groupi/g6311/z (u)     in_1->z R     unmapped_nand2         1   7.0     0    61    1530    (-,-) 
  P13/csa_tree_add_33_32_groupi/g6229/z (u)     in_0->z F     unmapped_nand2         3  21.0     0    90    1620    (-,-) 
  P13/csa_tree_add_33_32_groupi/g6162/z (u)     in_1->z R     unmapped_nand2         1   7.0     0    61    1680    (-,-) 
  P13/csa_tree_add_33_32_groupi/g6027/z (u)     in_1->z F     unmapped_nand2         4  28.0     0   100    1780    (-,-) 
  P13/csa_tree_add_33_32_groupi/g6012/z (u)     in_0->z F     unmapped_or2           1   7.0     0    61    1841    (-,-) 
  P13/csa_tree_add_33_32_groupi/g5948/z (u)     in_1->z R     unmapped_nand2         1   7.0     0    61    1902    (-,-) 
  P13/csa_tree_add_33_32_groupi/g5871/z (u)     in_1->z F     unmapped_nand2         3  21.0     0    90    1992    (-,-) 
  P13/csa_tree_add_33_32_groupi/g5863/z (u)     in_1->z R     unmapped_nand2         1   7.0     0    61    2053    (-,-) 
  P13/csa_tree_add_33_32_groupi/g5822/z (u)     in_0->z F     unmapped_nand2         3  21.0     0    90    2143    (-,-) 
  P13/csa_tree_add_33_32_groupi/g5807/z (u)     in_1->z R     unmapped_nand2         1   7.0     0    61    2204    (-,-) 
  P13/csa_tree_add_33_32_groupi/g5801/z (u)     in_0->z F     unmapped_nand2         4  28.0     0   100    2304    (-,-) 
  P13/csa_tree_add_33_32_groupi/g5791/z (u)     in_0->z R     unmapped_complex2      1   7.0     0    61    2365    (-,-) 
  P13/csa_tree_add_33_32_groupi/g5783/z (u)     in_0->z F     unmapped_complex2      3  21.0     0    90    2455    (-,-) 
  P13/csa_tree_add_33_32_groupi/g5767/z (u)     in_1->z R     unmapped_nand2         1   7.0     0    61    2516    (-,-) 
  P13/csa_tree_add_33_32_groupi/g5765/z (u)     in_1->z F     unmapped_nand2         3  21.0     0    90    2606    (-,-) 
  P13/csa_tree_add_33_32_groupi/g5755/z (u)     in_0->z R     unmapped_nand2         1   7.0     0    61    2666    (-,-) 
  P13/csa_tree_add_33_32_groupi/g5753/z (u)     in_0->z F     unmapped_nand2         4  28.0     0   100    2766    (-,-) 
  P13/csa_tree_add_33_32_groupi/g5752/z (u)     in_0->z R     unmapped_complex2      1   7.0     0    61    2827    (-,-) 
  P13/csa_tree_add_33_32_groupi/g5746/z (u)     in_0->z F     unmapped_complex2      3  21.0     0    90    2917    (-,-) 
  P13/csa_tree_add_33_32_groupi/g5740/z (u)     in_1->z R     unmapped_nand2         1   7.0     0    61    2978    (-,-) 
  P13/csa_tree_add_33_32_groupi/g5736/z (u)     in_1->z F     unmapped_nand2         3  21.0     0    90    3068    (-,-) 
  P13/csa_tree_add_33_32_groupi/g5732/z (u)     in_0->z R     unmapped_nand2         1   7.0     0    61    3129    (-,-) 
  P13/csa_tree_add_33_32_groupi/g5731/z (u)     in_0->z F     unmapped_nand2         7  49.0     0   126    3255    (-,-) 
  P13/csa_tree_add_33_32_groupi/g5724/z (u)     in_0->z R     unmapped_complex2      2  14.0     0    77    3332    (-,-) 
  P13/csa_tree_add_33_32_groupi/g5721/z (u)     in_0->z F     unmapped_complex2      6  42.0     0   119    3452    (-,-) 
  P13/csa_tree_add_33_32_groupi/g5713/z (u)     in_0->z R     unmapped_complex2      1   7.0     0    61    3513    (-,-) 
  P13/csa_tree_add_33_32_groupi/g5688/z (u)     in_0->z F     unmapped_complex2      3  21.0     0    90    3603    (-,-) 
  P13/csa_tree_add_33_32_groupi/g5662/z (u)     in_1->z R     unmapped_nand2         1   7.0     0    61    3664    (-,-) 
  P13/csa_tree_add_33_32_groupi/g5659/z (u)     in_1->z F     unmapped_nand2         2  14.0     0    77    3741    (-,-) 
  P13/csa_tree_add_33_32_groupi/g5652/z (u)     in_0->z F     unmapped_or2           1   7.0     0    61    3802    (-,-) 
  P13/csa_tree_add_33_32_groupi/g5653/z (u)     in_1->z R     unmapped_nand2         1   7.0     0    61    3862    (-,-) 
  P13/result_reg[27]/d                  -       -       R     unmapped_d_flop        1     -     -     0    3862    (-,-) 
#-------------------------------------------------------------------------------------------------------------------------

(u) : Net has unmapped pin(s).



Path 17: MET (8870 ps) Setup Check with Pin P12/result_reg[27]/clk->d
          Group: C2C
     Startpoint: (R) weight_reg_reg[11][1]/clk
          Clock: (R) clk
       Endpoint: (R) P12/result_reg[27]/d
          Clock: (R) clk

                     Capture       Launch     
        Clock Edge:+   13330            0     
       Src Latency:+       0            0     
       Net Latency:+       0 (I)        0 (I) 
           Arrival:=   13330            0     
                                              
             Setup:-     298                  
       Uncertainty:-     300                  
     Required Time:=   12732                  
      Launch Clock:-       0                  
         Data Path:-    3862                  
             Slack:=    8870                  

#-------------------------------------------------------------------------------------------------------------------------
#             Timing Point              Flags    Arc    Edge       Cell         Fanout  Load Trans Delay Arrival Instance 
#                                                                                       (fF)  (ps)  (ps)   (ps)  Location 
#-------------------------------------------------------------------------------------------------------------------------
  weight_reg_reg[11][1]/clk             -       -       R     (arrival)           1910     -   200     0       0    (-,-) 
  weight_reg_reg[11][1]/q               (u)     clk->q  R     unmapped_d_flop       42  49.0     0   616     616    (-,-) 
  P12/csa_tree_add_33_32_groupi/g8065/z (u)     in_1->z F     unmapped_complex2      1   7.0     0    61     677    (-,-) 
  P12/csa_tree_add_33_32_groupi/g8066/z (u)     in_1->z R     unmapped_nand2        19 133.0     0   188     865    (-,-) 
  P12/csa_tree_add_33_32_groupi/g7449/z (u)     in_1->z F     unmapped_nand2         4  28.0     0   100     965    (-,-) 
  P12/csa_tree_add_33_32_groupi/g7303/z (u)     in_1->z F     unmapped_or2           1   7.0     0    61    1026    (-,-) 
  P12/csa_tree_add_33_32_groupi/g7304/z (u)     in_1->z R     unmapped_nand2         2  14.0     0    77    1103    (-,-) 
  P12/csa_tree_add_33_32_groupi/g7161/z (u)     in_1->z R     unmapped_complex2      1   7.0     0    61    1164    (-,-) 
  P12/csa_tree_add_33_32_groupi/g7162/z (u)     in_1->z F     unmapped_nand2         2  14.0     0    77    1241    (-,-) 
  P12/csa_tree_add_33_32_groupi/g6990/z (u)     in_0->z F     unmapped_complex2      2  14.0     0    77    1318    (-,-) 
  P12/csa_tree_add_33_32_groupi/g6584/z (u)     in_1->z R     unmapped_nand2         1   7.0     0    61    1379    (-,-) 
  P12/csa_tree_add_33_32_groupi/g6532/z (u)     in_1->z F     unmapped_nand2         3  21.0     0    90    1469    (-,-) 
  P12/csa_tree_add_33_32_groupi/g6311/z (u)     in_1->z R     unmapped_nand2         1   7.0     0    61    1530    (-,-) 
  P12/csa_tree_add_33_32_groupi/g6229/z (u)     in_0->z F     unmapped_nand2         3  21.0     0    90    1620    (-,-) 
  P12/csa_tree_add_33_32_groupi/g6162/z (u)     in_1->z R     unmapped_nand2         1   7.0     0    61    1680    (-,-) 
  P12/csa_tree_add_33_32_groupi/g6027/z (u)     in_1->z F     unmapped_nand2         4  28.0     0   100    1780    (-,-) 
  P12/csa_tree_add_33_32_groupi/g6012/z (u)     in_0->z F     unmapped_or2           1   7.0     0    61    1841    (-,-) 
  P12/csa_tree_add_33_32_groupi/g5948/z (u)     in_1->z R     unmapped_nand2         1   7.0     0    61    1902    (-,-) 
  P12/csa_tree_add_33_32_groupi/g5871/z (u)     in_1->z F     unmapped_nand2         3  21.0     0    90    1992    (-,-) 
  P12/csa_tree_add_33_32_groupi/g5863/z (u)     in_1->z R     unmapped_nand2         1   7.0     0    61    2053    (-,-) 
  P12/csa_tree_add_33_32_groupi/g5822/z (u)     in_0->z F     unmapped_nand2         3  21.0     0    90    2143    (-,-) 
  P12/csa_tree_add_33_32_groupi/g5807/z (u)     in_1->z R     unmapped_nand2         1   7.0     0    61    2204    (-,-) 
  P12/csa_tree_add_33_32_groupi/g5801/z (u)     in_0->z F     unmapped_nand2         4  28.0     0   100    2304    (-,-) 
  P12/csa_tree_add_33_32_groupi/g5791/z (u)     in_0->z R     unmapped_complex2      1   7.0     0    61    2365    (-,-) 
  P12/csa_tree_add_33_32_groupi/g5783/z (u)     in_0->z F     unmapped_complex2      3  21.0     0    90    2455    (-,-) 
  P12/csa_tree_add_33_32_groupi/g5767/z (u)     in_1->z R     unmapped_nand2         1   7.0     0    61    2516    (-,-) 
  P12/csa_tree_add_33_32_groupi/g5765/z (u)     in_1->z F     unmapped_nand2         3  21.0     0    90    2606    (-,-) 
  P12/csa_tree_add_33_32_groupi/g5755/z (u)     in_0->z R     unmapped_nand2         1   7.0     0    61    2666    (-,-) 
  P12/csa_tree_add_33_32_groupi/g5753/z (u)     in_0->z F     unmapped_nand2         4  28.0     0   100    2766    (-,-) 
  P12/csa_tree_add_33_32_groupi/g5752/z (u)     in_0->z R     unmapped_complex2      1   7.0     0    61    2827    (-,-) 
  P12/csa_tree_add_33_32_groupi/g5746/z (u)     in_0->z F     unmapped_complex2      3  21.0     0    90    2917    (-,-) 
  P12/csa_tree_add_33_32_groupi/g5740/z (u)     in_1->z R     unmapped_nand2         1   7.0     0    61    2978    (-,-) 
  P12/csa_tree_add_33_32_groupi/g5736/z (u)     in_1->z F     unmapped_nand2         3  21.0     0    90    3068    (-,-) 
  P12/csa_tree_add_33_32_groupi/g5732/z (u)     in_0->z R     unmapped_nand2         1   7.0     0    61    3129    (-,-) 
  P12/csa_tree_add_33_32_groupi/g5731/z (u)     in_0->z F     unmapped_nand2         7  49.0     0   126    3255    (-,-) 
  P12/csa_tree_add_33_32_groupi/g5724/z (u)     in_0->z R     unmapped_complex2      2  14.0     0    77    3332    (-,-) 
  P12/csa_tree_add_33_32_groupi/g5721/z (u)     in_0->z F     unmapped_complex2      6  42.0     0   119    3452    (-,-) 
  P12/csa_tree_add_33_32_groupi/g5713/z (u)     in_0->z R     unmapped_complex2      1   7.0     0    61    3513    (-,-) 
  P12/csa_tree_add_33_32_groupi/g5688/z (u)     in_0->z F     unmapped_complex2      3  21.0     0    90    3603    (-,-) 
  P12/csa_tree_add_33_32_groupi/g5662/z (u)     in_1->z R     unmapped_nand2         1   7.0     0    61    3664    (-,-) 
  P12/csa_tree_add_33_32_groupi/g5659/z (u)     in_1->z F     unmapped_nand2         2  14.0     0    77    3741    (-,-) 
  P12/csa_tree_add_33_32_groupi/g5652/z (u)     in_0->z F     unmapped_or2           1   7.0     0    61    3802    (-,-) 
  P12/csa_tree_add_33_32_groupi/g5653/z (u)     in_1->z R     unmapped_nand2         1   7.0     0    61    3862    (-,-) 
  P12/result_reg[27]/d                  -       -       R     unmapped_d_flop        1     -     -     0    3862    (-,-) 
#-------------------------------------------------------------------------------------------------------------------------

(u) : Net has unmapped pin(s).



Path 18: MET (8870 ps) Setup Check with Pin P11/result_reg[27]/clk->d
          Group: C2C
     Startpoint: (R) weight_reg_reg[10][1]/clk
          Clock: (R) clk
       Endpoint: (R) P11/result_reg[27]/d
          Clock: (R) clk

                     Capture       Launch     
        Clock Edge:+   13330            0     
       Src Latency:+       0            0     
       Net Latency:+       0 (I)        0 (I) 
           Arrival:=   13330            0     
                                              
             Setup:-     298                  
       Uncertainty:-     300                  
     Required Time:=   12732                  
      Launch Clock:-       0                  
         Data Path:-    3862                  
             Slack:=    8870                  

#-------------------------------------------------------------------------------------------------------------------------
#             Timing Point              Flags    Arc    Edge       Cell         Fanout  Load Trans Delay Arrival Instance 
#                                                                                       (fF)  (ps)  (ps)   (ps)  Location 
#-------------------------------------------------------------------------------------------------------------------------
  weight_reg_reg[10][1]/clk             -       -       R     (arrival)           1910     -   200     0       0    (-,-) 
  weight_reg_reg[10][1]/q               (u)     clk->q  R     unmapped_d_flop       42  49.0     0   616     616    (-,-) 
  P11/csa_tree_add_33_32_groupi/g8065/z (u)     in_1->z F     unmapped_complex2      1   7.0     0    61     677    (-,-) 
  P11/csa_tree_add_33_32_groupi/g8066/z (u)     in_1->z R     unmapped_nand2        19 133.0     0   188     865    (-,-) 
  P11/csa_tree_add_33_32_groupi/g7449/z (u)     in_1->z F     unmapped_nand2         4  28.0     0   100     965    (-,-) 
  P11/csa_tree_add_33_32_groupi/g7303/z (u)     in_1->z F     unmapped_or2           1   7.0     0    61    1026    (-,-) 
  P11/csa_tree_add_33_32_groupi/g7304/z (u)     in_1->z R     unmapped_nand2         2  14.0     0    77    1103    (-,-) 
  P11/csa_tree_add_33_32_groupi/g7161/z (u)     in_1->z R     unmapped_complex2      1   7.0     0    61    1164    (-,-) 
  P11/csa_tree_add_33_32_groupi/g7162/z (u)     in_1->z F     unmapped_nand2         2  14.0     0    77    1241    (-,-) 
  P11/csa_tree_add_33_32_groupi/g6990/z (u)     in_0->z F     unmapped_complex2      2  14.0     0    77    1318    (-,-) 
  P11/csa_tree_add_33_32_groupi/g6584/z (u)     in_1->z R     unmapped_nand2         1   7.0     0    61    1379    (-,-) 
  P11/csa_tree_add_33_32_groupi/g6532/z (u)     in_1->z F     unmapped_nand2         3  21.0     0    90    1469    (-,-) 
  P11/csa_tree_add_33_32_groupi/g6311/z (u)     in_1->z R     unmapped_nand2         1   7.0     0    61    1530    (-,-) 
  P11/csa_tree_add_33_32_groupi/g6229/z (u)     in_0->z F     unmapped_nand2         3  21.0     0    90    1620    (-,-) 
  P11/csa_tree_add_33_32_groupi/g6162/z (u)     in_1->z R     unmapped_nand2         1   7.0     0    61    1680    (-,-) 
  P11/csa_tree_add_33_32_groupi/g6027/z (u)     in_1->z F     unmapped_nand2         4  28.0     0   100    1780    (-,-) 
  P11/csa_tree_add_33_32_groupi/g6012/z (u)     in_0->z F     unmapped_or2           1   7.0     0    61    1841    (-,-) 
  P11/csa_tree_add_33_32_groupi/g5948/z (u)     in_1->z R     unmapped_nand2         1   7.0     0    61    1902    (-,-) 
  P11/csa_tree_add_33_32_groupi/g5871/z (u)     in_1->z F     unmapped_nand2         3  21.0     0    90    1992    (-,-) 
  P11/csa_tree_add_33_32_groupi/g5863/z (u)     in_1->z R     unmapped_nand2         1   7.0     0    61    2053    (-,-) 
  P11/csa_tree_add_33_32_groupi/g5822/z (u)     in_0->z F     unmapped_nand2         3  21.0     0    90    2143    (-,-) 
  P11/csa_tree_add_33_32_groupi/g5807/z (u)     in_1->z R     unmapped_nand2         1   7.0     0    61    2204    (-,-) 
  P11/csa_tree_add_33_32_groupi/g5801/z (u)     in_0->z F     unmapped_nand2         4  28.0     0   100    2304    (-,-) 
  P11/csa_tree_add_33_32_groupi/g5791/z (u)     in_0->z R     unmapped_complex2      1   7.0     0    61    2365    (-,-) 
  P11/csa_tree_add_33_32_groupi/g5783/z (u)     in_0->z F     unmapped_complex2      3  21.0     0    90    2455    (-,-) 
  P11/csa_tree_add_33_32_groupi/g5767/z (u)     in_1->z R     unmapped_nand2         1   7.0     0    61    2516    (-,-) 
  P11/csa_tree_add_33_32_groupi/g5765/z (u)     in_1->z F     unmapped_nand2         3  21.0     0    90    2606    (-,-) 
  P11/csa_tree_add_33_32_groupi/g5755/z (u)     in_0->z R     unmapped_nand2         1   7.0     0    61    2666    (-,-) 
  P11/csa_tree_add_33_32_groupi/g5753/z (u)     in_0->z F     unmapped_nand2         4  28.0     0   100    2766    (-,-) 
  P11/csa_tree_add_33_32_groupi/g5752/z (u)     in_0->z R     unmapped_complex2      1   7.0     0    61    2827    (-,-) 
  P11/csa_tree_add_33_32_groupi/g5746/z (u)     in_0->z F     unmapped_complex2      3  21.0     0    90    2917    (-,-) 
  P11/csa_tree_add_33_32_groupi/g5740/z (u)     in_1->z R     unmapped_nand2         1   7.0     0    61    2978    (-,-) 
  P11/csa_tree_add_33_32_groupi/g5736/z (u)     in_1->z F     unmapped_nand2         3  21.0     0    90    3068    (-,-) 
  P11/csa_tree_add_33_32_groupi/g5732/z (u)     in_0->z R     unmapped_nand2         1   7.0     0    61    3129    (-,-) 
  P11/csa_tree_add_33_32_groupi/g5731/z (u)     in_0->z F     unmapped_nand2         7  49.0     0   126    3255    (-,-) 
  P11/csa_tree_add_33_32_groupi/g5724/z (u)     in_0->z R     unmapped_complex2      2  14.0     0    77    3332    (-,-) 
  P11/csa_tree_add_33_32_groupi/g5721/z (u)     in_0->z F     unmapped_complex2      6  42.0     0   119    3452    (-,-) 
  P11/csa_tree_add_33_32_groupi/g5713/z (u)     in_0->z R     unmapped_complex2      1   7.0     0    61    3513    (-,-) 
  P11/csa_tree_add_33_32_groupi/g5688/z (u)     in_0->z F     unmapped_complex2      3  21.0     0    90    3603    (-,-) 
  P11/csa_tree_add_33_32_groupi/g5662/z (u)     in_1->z R     unmapped_nand2         1   7.0     0    61    3664    (-,-) 
  P11/csa_tree_add_33_32_groupi/g5659/z (u)     in_1->z F     unmapped_nand2         2  14.0     0    77    3741    (-,-) 
  P11/csa_tree_add_33_32_groupi/g5652/z (u)     in_0->z F     unmapped_or2           1   7.0     0    61    3802    (-,-) 
  P11/csa_tree_add_33_32_groupi/g5653/z (u)     in_1->z R     unmapped_nand2         1   7.0     0    61    3862    (-,-) 
  P11/result_reg[27]/d                  -       -       R     unmapped_d_flop        1     -     -     0    3862    (-,-) 
#-------------------------------------------------------------------------------------------------------------------------

(u) : Net has unmapped pin(s).



Path 19: MET (8870 ps) Setup Check with Pin P10/result_reg[27]/clk->d
          Group: C2C
     Startpoint: (R) weight_reg_reg[9][1]/clk
          Clock: (R) clk
       Endpoint: (R) P10/result_reg[27]/d
          Clock: (R) clk

                     Capture       Launch     
        Clock Edge:+   13330            0     
       Src Latency:+       0            0     
       Net Latency:+       0 (I)        0 (I) 
           Arrival:=   13330            0     
                                              
             Setup:-     298                  
       Uncertainty:-     300                  
     Required Time:=   12732                  
      Launch Clock:-       0                  
         Data Path:-    3862                  
             Slack:=    8870                  

#-------------------------------------------------------------------------------------------------------------------------
#             Timing Point              Flags    Arc    Edge       Cell         Fanout  Load Trans Delay Arrival Instance 
#                                                                                       (fF)  (ps)  (ps)   (ps)  Location 
#-------------------------------------------------------------------------------------------------------------------------
  weight_reg_reg[9][1]/clk              -       -       R     (arrival)           1910     -   200     0       0    (-,-) 
  weight_reg_reg[9][1]/q                (u)     clk->q  R     unmapped_d_flop       42  49.0     0   616     616    (-,-) 
  P10/csa_tree_add_33_32_groupi/g8065/z (u)     in_1->z F     unmapped_complex2      1   7.0     0    61     677    (-,-) 
  P10/csa_tree_add_33_32_groupi/g8066/z (u)     in_1->z R     unmapped_nand2        19 133.0     0   188     865    (-,-) 
  P10/csa_tree_add_33_32_groupi/g7449/z (u)     in_1->z F     unmapped_nand2         4  28.0     0   100     965    (-,-) 
  P10/csa_tree_add_33_32_groupi/g7303/z (u)     in_1->z F     unmapped_or2           1   7.0     0    61    1026    (-,-) 
  P10/csa_tree_add_33_32_groupi/g7304/z (u)     in_1->z R     unmapped_nand2         2  14.0     0    77    1103    (-,-) 
  P10/csa_tree_add_33_32_groupi/g7161/z (u)     in_1->z R     unmapped_complex2      1   7.0     0    61    1164    (-,-) 
  P10/csa_tree_add_33_32_groupi/g7162/z (u)     in_1->z F     unmapped_nand2         2  14.0     0    77    1241    (-,-) 
  P10/csa_tree_add_33_32_groupi/g6990/z (u)     in_0->z F     unmapped_complex2      2  14.0     0    77    1318    (-,-) 
  P10/csa_tree_add_33_32_groupi/g6584/z (u)     in_1->z R     unmapped_nand2         1   7.0     0    61    1379    (-,-) 
  P10/csa_tree_add_33_32_groupi/g6532/z (u)     in_1->z F     unmapped_nand2         3  21.0     0    90    1469    (-,-) 
  P10/csa_tree_add_33_32_groupi/g6311/z (u)     in_1->z R     unmapped_nand2         1   7.0     0    61    1530    (-,-) 
  P10/csa_tree_add_33_32_groupi/g6229/z (u)     in_0->z F     unmapped_nand2         3  21.0     0    90    1620    (-,-) 
  P10/csa_tree_add_33_32_groupi/g6162/z (u)     in_1->z R     unmapped_nand2         1   7.0     0    61    1680    (-,-) 
  P10/csa_tree_add_33_32_groupi/g6027/z (u)     in_1->z F     unmapped_nand2         4  28.0     0   100    1780    (-,-) 
  P10/csa_tree_add_33_32_groupi/g6012/z (u)     in_0->z F     unmapped_or2           1   7.0     0    61    1841    (-,-) 
  P10/csa_tree_add_33_32_groupi/g5948/z (u)     in_1->z R     unmapped_nand2         1   7.0     0    61    1902    (-,-) 
  P10/csa_tree_add_33_32_groupi/g5871/z (u)     in_1->z F     unmapped_nand2         3  21.0     0    90    1992    (-,-) 
  P10/csa_tree_add_33_32_groupi/g5863/z (u)     in_1->z R     unmapped_nand2         1   7.0     0    61    2053    (-,-) 
  P10/csa_tree_add_33_32_groupi/g5822/z (u)     in_0->z F     unmapped_nand2         3  21.0     0    90    2143    (-,-) 
  P10/csa_tree_add_33_32_groupi/g5807/z (u)     in_1->z R     unmapped_nand2         1   7.0     0    61    2204    (-,-) 
  P10/csa_tree_add_33_32_groupi/g5801/z (u)     in_0->z F     unmapped_nand2         4  28.0     0   100    2304    (-,-) 
  P10/csa_tree_add_33_32_groupi/g5791/z (u)     in_0->z R     unmapped_complex2      1   7.0     0    61    2365    (-,-) 
  P10/csa_tree_add_33_32_groupi/g5783/z (u)     in_0->z F     unmapped_complex2      3  21.0     0    90    2455    (-,-) 
  P10/csa_tree_add_33_32_groupi/g5767/z (u)     in_1->z R     unmapped_nand2         1   7.0     0    61    2516    (-,-) 
  P10/csa_tree_add_33_32_groupi/g5765/z (u)     in_1->z F     unmapped_nand2         3  21.0     0    90    2606    (-,-) 
  P10/csa_tree_add_33_32_groupi/g5755/z (u)     in_0->z R     unmapped_nand2         1   7.0     0    61    2666    (-,-) 
  P10/csa_tree_add_33_32_groupi/g5753/z (u)     in_0->z F     unmapped_nand2         4  28.0     0   100    2766    (-,-) 
  P10/csa_tree_add_33_32_groupi/g5752/z (u)     in_0->z R     unmapped_complex2      1   7.0     0    61    2827    (-,-) 
  P10/csa_tree_add_33_32_groupi/g5746/z (u)     in_0->z F     unmapped_complex2      3  21.0     0    90    2917    (-,-) 
  P10/csa_tree_add_33_32_groupi/g5740/z (u)     in_1->z R     unmapped_nand2         1   7.0     0    61    2978    (-,-) 
  P10/csa_tree_add_33_32_groupi/g5736/z (u)     in_1->z F     unmapped_nand2         3  21.0     0    90    3068    (-,-) 
  P10/csa_tree_add_33_32_groupi/g5732/z (u)     in_0->z R     unmapped_nand2         1   7.0     0    61    3129    (-,-) 
  P10/csa_tree_add_33_32_groupi/g5731/z (u)     in_0->z F     unmapped_nand2         7  49.0     0   126    3255    (-,-) 
  P10/csa_tree_add_33_32_groupi/g5724/z (u)     in_0->z R     unmapped_complex2      2  14.0     0    77    3332    (-,-) 
  P10/csa_tree_add_33_32_groupi/g5721/z (u)     in_0->z F     unmapped_complex2      6  42.0     0   119    3452    (-,-) 
  P10/csa_tree_add_33_32_groupi/g5713/z (u)     in_0->z R     unmapped_complex2      1   7.0     0    61    3513    (-,-) 
  P10/csa_tree_add_33_32_groupi/g5688/z (u)     in_0->z F     unmapped_complex2      3  21.0     0    90    3603    (-,-) 
  P10/csa_tree_add_33_32_groupi/g5662/z (u)     in_1->z R     unmapped_nand2         1   7.0     0    61    3664    (-,-) 
  P10/csa_tree_add_33_32_groupi/g5659/z (u)     in_1->z F     unmapped_nand2         2  14.0     0    77    3741    (-,-) 
  P10/csa_tree_add_33_32_groupi/g5652/z (u)     in_0->z F     unmapped_or2           1   7.0     0    61    3802    (-,-) 
  P10/csa_tree_add_33_32_groupi/g5653/z (u)     in_1->z R     unmapped_nand2         1   7.0     0    61    3862    (-,-) 
  P10/result_reg[27]/d                  -       -       R     unmapped_d_flop        1     -     -     0    3862    (-,-) 
#-------------------------------------------------------------------------------------------------------------------------

(u) : Net has unmapped pin(s).



Path 20: MET (8870 ps) Setup Check with Pin P9/result_reg[27]/clk->d
          Group: C2C
     Startpoint: (R) weight_reg_reg[8][1]/clk
          Clock: (R) clk
       Endpoint: (R) P9/result_reg[27]/d
          Clock: (R) clk

                     Capture       Launch     
        Clock Edge:+   13330            0     
       Src Latency:+       0            0     
       Net Latency:+       0 (I)        0 (I) 
           Arrival:=   13330            0     
                                              
             Setup:-     298                  
       Uncertainty:-     300                  
     Required Time:=   12732                  
      Launch Clock:-       0                  
         Data Path:-    3862                  
             Slack:=    8870                  

#------------------------------------------------------------------------------------------------------------------------
#            Timing Point              Flags    Arc    Edge       Cell         Fanout  Load Trans Delay Arrival Instance 
#                                                                                      (fF)  (ps)  (ps)   (ps)  Location 
#------------------------------------------------------------------------------------------------------------------------
  weight_reg_reg[8][1]/clk             -       -       R     (arrival)           1910     -   200     0       0    (-,-) 
  weight_reg_reg[8][1]/q               (u)     clk->q  R     unmapped_d_flop       42  49.0     0   616     616    (-,-) 
  P9/csa_tree_add_33_32_groupi/g8065/z (u)     in_1->z F     unmapped_complex2      1   7.0     0    61     677    (-,-) 
  P9/csa_tree_add_33_32_groupi/g8066/z (u)     in_1->z R     unmapped_nand2        19 133.0     0   188     865    (-,-) 
  P9/csa_tree_add_33_32_groupi/g7449/z (u)     in_1->z F     unmapped_nand2         4  28.0     0   100     965    (-,-) 
  P9/csa_tree_add_33_32_groupi/g7303/z (u)     in_1->z F     unmapped_or2           1   7.0     0    61    1026    (-,-) 
  P9/csa_tree_add_33_32_groupi/g7304/z (u)     in_1->z R     unmapped_nand2         2  14.0     0    77    1103    (-,-) 
  P9/csa_tree_add_33_32_groupi/g7161/z (u)     in_1->z R     unmapped_complex2      1   7.0     0    61    1164    (-,-) 
  P9/csa_tree_add_33_32_groupi/g7162/z (u)     in_1->z F     unmapped_nand2         2  14.0     0    77    1241    (-,-) 
  P9/csa_tree_add_33_32_groupi/g6990/z (u)     in_0->z F     unmapped_complex2      2  14.0     0    77    1318    (-,-) 
  P9/csa_tree_add_33_32_groupi/g6584/z (u)     in_1->z R     unmapped_nand2         1   7.0     0    61    1379    (-,-) 
  P9/csa_tree_add_33_32_groupi/g6532/z (u)     in_1->z F     unmapped_nand2         3  21.0     0    90    1469    (-,-) 
  P9/csa_tree_add_33_32_groupi/g6311/z (u)     in_1->z R     unmapped_nand2         1   7.0     0    61    1530    (-,-) 
  P9/csa_tree_add_33_32_groupi/g6229/z (u)     in_0->z F     unmapped_nand2         3  21.0     0    90    1620    (-,-) 
  P9/csa_tree_add_33_32_groupi/g6162/z (u)     in_1->z R     unmapped_nand2         1   7.0     0    61    1680    (-,-) 
  P9/csa_tree_add_33_32_groupi/g6027/z (u)     in_1->z F     unmapped_nand2         4  28.0     0   100    1780    (-,-) 
  P9/csa_tree_add_33_32_groupi/g6012/z (u)     in_0->z F     unmapped_or2           1   7.0     0    61    1841    (-,-) 
  P9/csa_tree_add_33_32_groupi/g5948/z (u)     in_1->z R     unmapped_nand2         1   7.0     0    61    1902    (-,-) 
  P9/csa_tree_add_33_32_groupi/g5871/z (u)     in_1->z F     unmapped_nand2         3  21.0     0    90    1992    (-,-) 
  P9/csa_tree_add_33_32_groupi/g5863/z (u)     in_1->z R     unmapped_nand2         1   7.0     0    61    2053    (-,-) 
  P9/csa_tree_add_33_32_groupi/g5822/z (u)     in_0->z F     unmapped_nand2         3  21.0     0    90    2143    (-,-) 
  P9/csa_tree_add_33_32_groupi/g5807/z (u)     in_1->z R     unmapped_nand2         1   7.0     0    61    2204    (-,-) 
  P9/csa_tree_add_33_32_groupi/g5801/z (u)     in_0->z F     unmapped_nand2         4  28.0     0   100    2304    (-,-) 
  P9/csa_tree_add_33_32_groupi/g5791/z (u)     in_0->z R     unmapped_complex2      1   7.0     0    61    2365    (-,-) 
  P9/csa_tree_add_33_32_groupi/g5783/z (u)     in_0->z F     unmapped_complex2      3  21.0     0    90    2455    (-,-) 
  P9/csa_tree_add_33_32_groupi/g5767/z (u)     in_1->z R     unmapped_nand2         1   7.0     0    61    2516    (-,-) 
  P9/csa_tree_add_33_32_groupi/g5765/z (u)     in_1->z F     unmapped_nand2         3  21.0     0    90    2606    (-,-) 
  P9/csa_tree_add_33_32_groupi/g5755/z (u)     in_0->z R     unmapped_nand2         1   7.0     0    61    2666    (-,-) 
  P9/csa_tree_add_33_32_groupi/g5753/z (u)     in_0->z F     unmapped_nand2         4  28.0     0   100    2766    (-,-) 
  P9/csa_tree_add_33_32_groupi/g5752/z (u)     in_0->z R     unmapped_complex2      1   7.0     0    61    2827    (-,-) 
  P9/csa_tree_add_33_32_groupi/g5746/z (u)     in_0->z F     unmapped_complex2      3  21.0     0    90    2917    (-,-) 
  P9/csa_tree_add_33_32_groupi/g5740/z (u)     in_1->z R     unmapped_nand2         1   7.0     0    61    2978    (-,-) 
  P9/csa_tree_add_33_32_groupi/g5736/z (u)     in_1->z F     unmapped_nand2         3  21.0     0    90    3068    (-,-) 
  P9/csa_tree_add_33_32_groupi/g5732/z (u)     in_0->z R     unmapped_nand2         1   7.0     0    61    3129    (-,-) 
  P9/csa_tree_add_33_32_groupi/g5731/z (u)     in_0->z F     unmapped_nand2         7  49.0     0   126    3255    (-,-) 
  P9/csa_tree_add_33_32_groupi/g5724/z (u)     in_0->z R     unmapped_complex2      2  14.0     0    77    3332    (-,-) 
  P9/csa_tree_add_33_32_groupi/g5721/z (u)     in_0->z F     unmapped_complex2      6  42.0     0   119    3452    (-,-) 
  P9/csa_tree_add_33_32_groupi/g5713/z (u)     in_0->z R     unmapped_complex2      1   7.0     0    61    3513    (-,-) 
  P9/csa_tree_add_33_32_groupi/g5688/z (u)     in_0->z F     unmapped_complex2      3  21.0     0    90    3603    (-,-) 
  P9/csa_tree_add_33_32_groupi/g5662/z (u)     in_1->z R     unmapped_nand2         1   7.0     0    61    3664    (-,-) 
  P9/csa_tree_add_33_32_groupi/g5659/z (u)     in_1->z F     unmapped_nand2         2  14.0     0    77    3741    (-,-) 
  P9/csa_tree_add_33_32_groupi/g5652/z (u)     in_0->z F     unmapped_or2           1   7.0     0    61    3802    (-,-) 
  P9/csa_tree_add_33_32_groupi/g5653/z (u)     in_1->z R     unmapped_nand2         1   7.0     0    61    3862    (-,-) 
  P9/result_reg[27]/d                  -       -       R     unmapped_d_flop        1     -     -     0    3862    (-,-) 
#------------------------------------------------------------------------------------------------------------------------

(u) : Net has unmapped pin(s).



Path 21: MET (8870 ps) Setup Check with Pin P8/result_reg[27]/clk->d
          Group: C2C
     Startpoint: (R) weight_reg_reg[7][1]/clk
          Clock: (R) clk
       Endpoint: (R) P8/result_reg[27]/d
          Clock: (R) clk

                     Capture       Launch     
        Clock Edge:+   13330            0     
       Src Latency:+       0            0     
       Net Latency:+       0 (I)        0 (I) 
           Arrival:=   13330            0     
                                              
             Setup:-     298                  
       Uncertainty:-     300                  
     Required Time:=   12732                  
      Launch Clock:-       0                  
         Data Path:-    3862                  
             Slack:=    8870                  

#------------------------------------------------------------------------------------------------------------------------
#            Timing Point              Flags    Arc    Edge       Cell         Fanout  Load Trans Delay Arrival Instance 
#                                                                                      (fF)  (ps)  (ps)   (ps)  Location 
#------------------------------------------------------------------------------------------------------------------------
  weight_reg_reg[7][1]/clk             -       -       R     (arrival)           1910     -   200     0       0    (-,-) 
  weight_reg_reg[7][1]/q               (u)     clk->q  R     unmapped_d_flop       42  49.0     0   616     616    (-,-) 
  P8/csa_tree_add_33_32_groupi/g8065/z (u)     in_1->z F     unmapped_complex2      1   7.0     0    61     677    (-,-) 
  P8/csa_tree_add_33_32_groupi/g8066/z (u)     in_1->z R     unmapped_nand2        19 133.0     0   188     865    (-,-) 
  P8/csa_tree_add_33_32_groupi/g7449/z (u)     in_1->z F     unmapped_nand2         4  28.0     0   100     965    (-,-) 
  P8/csa_tree_add_33_32_groupi/g7303/z (u)     in_1->z F     unmapped_or2           1   7.0     0    61    1026    (-,-) 
  P8/csa_tree_add_33_32_groupi/g7304/z (u)     in_1->z R     unmapped_nand2         2  14.0     0    77    1103    (-,-) 
  P8/csa_tree_add_33_32_groupi/g7161/z (u)     in_1->z R     unmapped_complex2      1   7.0     0    61    1164    (-,-) 
  P8/csa_tree_add_33_32_groupi/g7162/z (u)     in_1->z F     unmapped_nand2         2  14.0     0    77    1241    (-,-) 
  P8/csa_tree_add_33_32_groupi/g6990/z (u)     in_0->z F     unmapped_complex2      2  14.0     0    77    1318    (-,-) 
  P8/csa_tree_add_33_32_groupi/g6584/z (u)     in_1->z R     unmapped_nand2         1   7.0     0    61    1379    (-,-) 
  P8/csa_tree_add_33_32_groupi/g6532/z (u)     in_1->z F     unmapped_nand2         3  21.0     0    90    1469    (-,-) 
  P8/csa_tree_add_33_32_groupi/g6311/z (u)     in_1->z R     unmapped_nand2         1   7.0     0    61    1530    (-,-) 
  P8/csa_tree_add_33_32_groupi/g6229/z (u)     in_0->z F     unmapped_nand2         3  21.0     0    90    1620    (-,-) 
  P8/csa_tree_add_33_32_groupi/g6162/z (u)     in_1->z R     unmapped_nand2         1   7.0     0    61    1680    (-,-) 
  P8/csa_tree_add_33_32_groupi/g6027/z (u)     in_1->z F     unmapped_nand2         4  28.0     0   100    1780    (-,-) 
  P8/csa_tree_add_33_32_groupi/g6012/z (u)     in_0->z F     unmapped_or2           1   7.0     0    61    1841    (-,-) 
  P8/csa_tree_add_33_32_groupi/g5948/z (u)     in_1->z R     unmapped_nand2         1   7.0     0    61    1902    (-,-) 
  P8/csa_tree_add_33_32_groupi/g5871/z (u)     in_1->z F     unmapped_nand2         3  21.0     0    90    1992    (-,-) 
  P8/csa_tree_add_33_32_groupi/g5863/z (u)     in_1->z R     unmapped_nand2         1   7.0     0    61    2053    (-,-) 
  P8/csa_tree_add_33_32_groupi/g5822/z (u)     in_0->z F     unmapped_nand2         3  21.0     0    90    2143    (-,-) 
  P8/csa_tree_add_33_32_groupi/g5807/z (u)     in_1->z R     unmapped_nand2         1   7.0     0    61    2204    (-,-) 
  P8/csa_tree_add_33_32_groupi/g5801/z (u)     in_0->z F     unmapped_nand2         4  28.0     0   100    2304    (-,-) 
  P8/csa_tree_add_33_32_groupi/g5791/z (u)     in_0->z R     unmapped_complex2      1   7.0     0    61    2365    (-,-) 
  P8/csa_tree_add_33_32_groupi/g5783/z (u)     in_0->z F     unmapped_complex2      3  21.0     0    90    2455    (-,-) 
  P8/csa_tree_add_33_32_groupi/g5767/z (u)     in_1->z R     unmapped_nand2         1   7.0     0    61    2516    (-,-) 
  P8/csa_tree_add_33_32_groupi/g5765/z (u)     in_1->z F     unmapped_nand2         3  21.0     0    90    2606    (-,-) 
  P8/csa_tree_add_33_32_groupi/g5755/z (u)     in_0->z R     unmapped_nand2         1   7.0     0    61    2666    (-,-) 
  P8/csa_tree_add_33_32_groupi/g5753/z (u)     in_0->z F     unmapped_nand2         4  28.0     0   100    2766    (-,-) 
  P8/csa_tree_add_33_32_groupi/g5752/z (u)     in_0->z R     unmapped_complex2      1   7.0     0    61    2827    (-,-) 
  P8/csa_tree_add_33_32_groupi/g5746/z (u)     in_0->z F     unmapped_complex2      3  21.0     0    90    2917    (-,-) 
  P8/csa_tree_add_33_32_groupi/g5740/z (u)     in_1->z R     unmapped_nand2         1   7.0     0    61    2978    (-,-) 
  P8/csa_tree_add_33_32_groupi/g5736/z (u)     in_1->z F     unmapped_nand2         3  21.0     0    90    3068    (-,-) 
  P8/csa_tree_add_33_32_groupi/g5732/z (u)     in_0->z R     unmapped_nand2         1   7.0     0    61    3129    (-,-) 
  P8/csa_tree_add_33_32_groupi/g5731/z (u)     in_0->z F     unmapped_nand2         7  49.0     0   126    3255    (-,-) 
  P8/csa_tree_add_33_32_groupi/g5724/z (u)     in_0->z R     unmapped_complex2      2  14.0     0    77    3332    (-,-) 
  P8/csa_tree_add_33_32_groupi/g5721/z (u)     in_0->z F     unmapped_complex2      6  42.0     0   119    3452    (-,-) 
  P8/csa_tree_add_33_32_groupi/g5713/z (u)     in_0->z R     unmapped_complex2      1   7.0     0    61    3513    (-,-) 
  P8/csa_tree_add_33_32_groupi/g5688/z (u)     in_0->z F     unmapped_complex2      3  21.0     0    90    3603    (-,-) 
  P8/csa_tree_add_33_32_groupi/g5662/z (u)     in_1->z R     unmapped_nand2         1   7.0     0    61    3664    (-,-) 
  P8/csa_tree_add_33_32_groupi/g5659/z (u)     in_1->z F     unmapped_nand2         2  14.0     0    77    3741    (-,-) 
  P8/csa_tree_add_33_32_groupi/g5652/z (u)     in_0->z F     unmapped_or2           1   7.0     0    61    3802    (-,-) 
  P8/csa_tree_add_33_32_groupi/g5653/z (u)     in_1->z R     unmapped_nand2         1   7.0     0    61    3862    (-,-) 
  P8/result_reg[27]/d                  -       -       R     unmapped_d_flop        1     -     -     0    3862    (-,-) 
#------------------------------------------------------------------------------------------------------------------------

(u) : Net has unmapped pin(s).



Path 22: MET (8870 ps) Setup Check with Pin P7/result_reg[27]/clk->d
          Group: C2C
     Startpoint: (R) weight_reg_reg[6][1]/clk
          Clock: (R) clk
       Endpoint: (R) P7/result_reg[27]/d
          Clock: (R) clk

                     Capture       Launch     
        Clock Edge:+   13330            0     
       Src Latency:+       0            0     
       Net Latency:+       0 (I)        0 (I) 
           Arrival:=   13330            0     
                                              
             Setup:-     298                  
       Uncertainty:-     300                  
     Required Time:=   12732                  
      Launch Clock:-       0                  
         Data Path:-    3862                  
             Slack:=    8870                  

#------------------------------------------------------------------------------------------------------------------------
#            Timing Point              Flags    Arc    Edge       Cell         Fanout  Load Trans Delay Arrival Instance 
#                                                                                      (fF)  (ps)  (ps)   (ps)  Location 
#------------------------------------------------------------------------------------------------------------------------
  weight_reg_reg[6][1]/clk             -       -       R     (arrival)           1910     -   200     0       0    (-,-) 
  weight_reg_reg[6][1]/q               (u)     clk->q  R     unmapped_d_flop       42  49.0     0   616     616    (-,-) 
  P7/csa_tree_add_33_32_groupi/g8065/z (u)     in_1->z F     unmapped_complex2      1   7.0     0    61     677    (-,-) 
  P7/csa_tree_add_33_32_groupi/g8066/z (u)     in_1->z R     unmapped_nand2        19 133.0     0   188     865    (-,-) 
  P7/csa_tree_add_33_32_groupi/g7449/z (u)     in_1->z F     unmapped_nand2         4  28.0     0   100     965    (-,-) 
  P7/csa_tree_add_33_32_groupi/g7303/z (u)     in_1->z F     unmapped_or2           1   7.0     0    61    1026    (-,-) 
  P7/csa_tree_add_33_32_groupi/g7304/z (u)     in_1->z R     unmapped_nand2         2  14.0     0    77    1103    (-,-) 
  P7/csa_tree_add_33_32_groupi/g7161/z (u)     in_1->z R     unmapped_complex2      1   7.0     0    61    1164    (-,-) 
  P7/csa_tree_add_33_32_groupi/g7162/z (u)     in_1->z F     unmapped_nand2         2  14.0     0    77    1241    (-,-) 
  P7/csa_tree_add_33_32_groupi/g6990/z (u)     in_0->z F     unmapped_complex2      2  14.0     0    77    1318    (-,-) 
  P7/csa_tree_add_33_32_groupi/g6584/z (u)     in_1->z R     unmapped_nand2         1   7.0     0    61    1379    (-,-) 
  P7/csa_tree_add_33_32_groupi/g6532/z (u)     in_1->z F     unmapped_nand2         3  21.0     0    90    1469    (-,-) 
  P7/csa_tree_add_33_32_groupi/g6311/z (u)     in_1->z R     unmapped_nand2         1   7.0     0    61    1530    (-,-) 
  P7/csa_tree_add_33_32_groupi/g6229/z (u)     in_0->z F     unmapped_nand2         3  21.0     0    90    1620    (-,-) 
  P7/csa_tree_add_33_32_groupi/g6162/z (u)     in_1->z R     unmapped_nand2         1   7.0     0    61    1680    (-,-) 
  P7/csa_tree_add_33_32_groupi/g6027/z (u)     in_1->z F     unmapped_nand2         4  28.0     0   100    1780    (-,-) 
  P7/csa_tree_add_33_32_groupi/g6012/z (u)     in_0->z F     unmapped_or2           1   7.0     0    61    1841    (-,-) 
  P7/csa_tree_add_33_32_groupi/g5948/z (u)     in_1->z R     unmapped_nand2         1   7.0     0    61    1902    (-,-) 
  P7/csa_tree_add_33_32_groupi/g5871/z (u)     in_1->z F     unmapped_nand2         3  21.0     0    90    1992    (-,-) 
  P7/csa_tree_add_33_32_groupi/g5863/z (u)     in_1->z R     unmapped_nand2         1   7.0     0    61    2053    (-,-) 
  P7/csa_tree_add_33_32_groupi/g5822/z (u)     in_0->z F     unmapped_nand2         3  21.0     0    90    2143    (-,-) 
  P7/csa_tree_add_33_32_groupi/g5807/z (u)     in_1->z R     unmapped_nand2         1   7.0     0    61    2204    (-,-) 
  P7/csa_tree_add_33_32_groupi/g5801/z (u)     in_0->z F     unmapped_nand2         4  28.0     0   100    2304    (-,-) 
  P7/csa_tree_add_33_32_groupi/g5791/z (u)     in_0->z R     unmapped_complex2      1   7.0     0    61    2365    (-,-) 
  P7/csa_tree_add_33_32_groupi/g5783/z (u)     in_0->z F     unmapped_complex2      3  21.0     0    90    2455    (-,-) 
  P7/csa_tree_add_33_32_groupi/g5767/z (u)     in_1->z R     unmapped_nand2         1   7.0     0    61    2516    (-,-) 
  P7/csa_tree_add_33_32_groupi/g5765/z (u)     in_1->z F     unmapped_nand2         3  21.0     0    90    2606    (-,-) 
  P7/csa_tree_add_33_32_groupi/g5755/z (u)     in_0->z R     unmapped_nand2         1   7.0     0    61    2666    (-,-) 
  P7/csa_tree_add_33_32_groupi/g5753/z (u)     in_0->z F     unmapped_nand2         4  28.0     0   100    2766    (-,-) 
  P7/csa_tree_add_33_32_groupi/g5752/z (u)     in_0->z R     unmapped_complex2      1   7.0     0    61    2827    (-,-) 
  P7/csa_tree_add_33_32_groupi/g5746/z (u)     in_0->z F     unmapped_complex2      3  21.0     0    90    2917    (-,-) 
  P7/csa_tree_add_33_32_groupi/g5740/z (u)     in_1->z R     unmapped_nand2         1   7.0     0    61    2978    (-,-) 
  P7/csa_tree_add_33_32_groupi/g5736/z (u)     in_1->z F     unmapped_nand2         3  21.0     0    90    3068    (-,-) 
  P7/csa_tree_add_33_32_groupi/g5732/z (u)     in_0->z R     unmapped_nand2         1   7.0     0    61    3129    (-,-) 
  P7/csa_tree_add_33_32_groupi/g5731/z (u)     in_0->z F     unmapped_nand2         7  49.0     0   126    3255    (-,-) 
  P7/csa_tree_add_33_32_groupi/g5724/z (u)     in_0->z R     unmapped_complex2      2  14.0     0    77    3332    (-,-) 
  P7/csa_tree_add_33_32_groupi/g5721/z (u)     in_0->z F     unmapped_complex2      6  42.0     0   119    3452    (-,-) 
  P7/csa_tree_add_33_32_groupi/g5713/z (u)     in_0->z R     unmapped_complex2      1   7.0     0    61    3513    (-,-) 
  P7/csa_tree_add_33_32_groupi/g5688/z (u)     in_0->z F     unmapped_complex2      3  21.0     0    90    3603    (-,-) 
  P7/csa_tree_add_33_32_groupi/g5662/z (u)     in_1->z R     unmapped_nand2         1   7.0     0    61    3664    (-,-) 
  P7/csa_tree_add_33_32_groupi/g5659/z (u)     in_1->z F     unmapped_nand2         2  14.0     0    77    3741    (-,-) 
  P7/csa_tree_add_33_32_groupi/g5652/z (u)     in_0->z F     unmapped_or2           1   7.0     0    61    3802    (-,-) 
  P7/csa_tree_add_33_32_groupi/g5653/z (u)     in_1->z R     unmapped_nand2         1   7.0     0    61    3862    (-,-) 
  P7/result_reg[27]/d                  -       -       R     unmapped_d_flop        1     -     -     0    3862    (-,-) 
#------------------------------------------------------------------------------------------------------------------------

(u) : Net has unmapped pin(s).



Path 23: MET (8870 ps) Setup Check with Pin P6/result_reg[27]/clk->d
          Group: C2C
     Startpoint: (R) weight_reg_reg[5][1]/clk
          Clock: (R) clk
       Endpoint: (R) P6/result_reg[27]/d
          Clock: (R) clk

                     Capture       Launch     
        Clock Edge:+   13330            0     
       Src Latency:+       0            0     
       Net Latency:+       0 (I)        0 (I) 
           Arrival:=   13330            0     
                                              
             Setup:-     298                  
       Uncertainty:-     300                  
     Required Time:=   12732                  
      Launch Clock:-       0                  
         Data Path:-    3862                  
             Slack:=    8870                  

#------------------------------------------------------------------------------------------------------------------------
#            Timing Point              Flags    Arc    Edge       Cell         Fanout  Load Trans Delay Arrival Instance 
#                                                                                      (fF)  (ps)  (ps)   (ps)  Location 
#------------------------------------------------------------------------------------------------------------------------
  weight_reg_reg[5][1]/clk             -       -       R     (arrival)           1910     -   200     0       0    (-,-) 
  weight_reg_reg[5][1]/q               (u)     clk->q  R     unmapped_d_flop       42  49.0     0   616     616    (-,-) 
  P6/csa_tree_add_33_32_groupi/g8065/z (u)     in_1->z F     unmapped_complex2      1   7.0     0    61     677    (-,-) 
  P6/csa_tree_add_33_32_groupi/g8066/z (u)     in_1->z R     unmapped_nand2        19 133.0     0   188     865    (-,-) 
  P6/csa_tree_add_33_32_groupi/g7449/z (u)     in_1->z F     unmapped_nand2         4  28.0     0   100     965    (-,-) 
  P6/csa_tree_add_33_32_groupi/g7303/z (u)     in_1->z F     unmapped_or2           1   7.0     0    61    1026    (-,-) 
  P6/csa_tree_add_33_32_groupi/g7304/z (u)     in_1->z R     unmapped_nand2         2  14.0     0    77    1103    (-,-) 
  P6/csa_tree_add_33_32_groupi/g7161/z (u)     in_1->z R     unmapped_complex2      1   7.0     0    61    1164    (-,-) 
  P6/csa_tree_add_33_32_groupi/g7162/z (u)     in_1->z F     unmapped_nand2         2  14.0     0    77    1241    (-,-) 
  P6/csa_tree_add_33_32_groupi/g6990/z (u)     in_0->z F     unmapped_complex2      2  14.0     0    77    1318    (-,-) 
  P6/csa_tree_add_33_32_groupi/g6584/z (u)     in_1->z R     unmapped_nand2         1   7.0     0    61    1379    (-,-) 
  P6/csa_tree_add_33_32_groupi/g6532/z (u)     in_1->z F     unmapped_nand2         3  21.0     0    90    1469    (-,-) 
  P6/csa_tree_add_33_32_groupi/g6311/z (u)     in_1->z R     unmapped_nand2         1   7.0     0    61    1530    (-,-) 
  P6/csa_tree_add_33_32_groupi/g6229/z (u)     in_0->z F     unmapped_nand2         3  21.0     0    90    1620    (-,-) 
  P6/csa_tree_add_33_32_groupi/g6162/z (u)     in_1->z R     unmapped_nand2         1   7.0     0    61    1680    (-,-) 
  P6/csa_tree_add_33_32_groupi/g6027/z (u)     in_1->z F     unmapped_nand2         4  28.0     0   100    1780    (-,-) 
  P6/csa_tree_add_33_32_groupi/g6012/z (u)     in_0->z F     unmapped_or2           1   7.0     0    61    1841    (-,-) 
  P6/csa_tree_add_33_32_groupi/g5948/z (u)     in_1->z R     unmapped_nand2         1   7.0     0    61    1902    (-,-) 
  P6/csa_tree_add_33_32_groupi/g5871/z (u)     in_1->z F     unmapped_nand2         3  21.0     0    90    1992    (-,-) 
  P6/csa_tree_add_33_32_groupi/g5863/z (u)     in_1->z R     unmapped_nand2         1   7.0     0    61    2053    (-,-) 
  P6/csa_tree_add_33_32_groupi/g5822/z (u)     in_0->z F     unmapped_nand2         3  21.0     0    90    2143    (-,-) 
  P6/csa_tree_add_33_32_groupi/g5807/z (u)     in_1->z R     unmapped_nand2         1   7.0     0    61    2204    (-,-) 
  P6/csa_tree_add_33_32_groupi/g5801/z (u)     in_0->z F     unmapped_nand2         4  28.0     0   100    2304    (-,-) 
  P6/csa_tree_add_33_32_groupi/g5791/z (u)     in_0->z R     unmapped_complex2      1   7.0     0    61    2365    (-,-) 
  P6/csa_tree_add_33_32_groupi/g5783/z (u)     in_0->z F     unmapped_complex2      3  21.0     0    90    2455    (-,-) 
  P6/csa_tree_add_33_32_groupi/g5767/z (u)     in_1->z R     unmapped_nand2         1   7.0     0    61    2516    (-,-) 
  P6/csa_tree_add_33_32_groupi/g5765/z (u)     in_1->z F     unmapped_nand2         3  21.0     0    90    2606    (-,-) 
  P6/csa_tree_add_33_32_groupi/g5755/z (u)     in_0->z R     unmapped_nand2         1   7.0     0    61    2666    (-,-) 
  P6/csa_tree_add_33_32_groupi/g5753/z (u)     in_0->z F     unmapped_nand2         4  28.0     0   100    2766    (-,-) 
  P6/csa_tree_add_33_32_groupi/g5752/z (u)     in_0->z R     unmapped_complex2      1   7.0     0    61    2827    (-,-) 
  P6/csa_tree_add_33_32_groupi/g5746/z (u)     in_0->z F     unmapped_complex2      3  21.0     0    90    2917    (-,-) 
  P6/csa_tree_add_33_32_groupi/g5740/z (u)     in_1->z R     unmapped_nand2         1   7.0     0    61    2978    (-,-) 
  P6/csa_tree_add_33_32_groupi/g5736/z (u)     in_1->z F     unmapped_nand2         3  21.0     0    90    3068    (-,-) 
  P6/csa_tree_add_33_32_groupi/g5732/z (u)     in_0->z R     unmapped_nand2         1   7.0     0    61    3129    (-,-) 
  P6/csa_tree_add_33_32_groupi/g5731/z (u)     in_0->z F     unmapped_nand2         7  49.0     0   126    3255    (-,-) 
  P6/csa_tree_add_33_32_groupi/g5724/z (u)     in_0->z R     unmapped_complex2      2  14.0     0    77    3332    (-,-) 
  P6/csa_tree_add_33_32_groupi/g5721/z (u)     in_0->z F     unmapped_complex2      6  42.0     0   119    3452    (-,-) 
  P6/csa_tree_add_33_32_groupi/g5713/z (u)     in_0->z R     unmapped_complex2      1   7.0     0    61    3513    (-,-) 
  P6/csa_tree_add_33_32_groupi/g5688/z (u)     in_0->z F     unmapped_complex2      3  21.0     0    90    3603    (-,-) 
  P6/csa_tree_add_33_32_groupi/g5662/z (u)     in_1->z R     unmapped_nand2         1   7.0     0    61    3664    (-,-) 
  P6/csa_tree_add_33_32_groupi/g5659/z (u)     in_1->z F     unmapped_nand2         2  14.0     0    77    3741    (-,-) 
  P6/csa_tree_add_33_32_groupi/g5652/z (u)     in_0->z F     unmapped_or2           1   7.0     0    61    3802    (-,-) 
  P6/csa_tree_add_33_32_groupi/g5653/z (u)     in_1->z R     unmapped_nand2         1   7.0     0    61    3862    (-,-) 
  P6/result_reg[27]/d                  -       -       R     unmapped_d_flop        1     -     -     0    3862    (-,-) 
#------------------------------------------------------------------------------------------------------------------------

(u) : Net has unmapped pin(s).



Path 24: MET (8870 ps) Setup Check with Pin P5/result_reg[27]/clk->d
          Group: C2C
     Startpoint: (R) weight_reg_reg[4][1]/clk
          Clock: (R) clk
       Endpoint: (R) P5/result_reg[27]/d
          Clock: (R) clk

                     Capture       Launch     
        Clock Edge:+   13330            0     
       Src Latency:+       0            0     
       Net Latency:+       0 (I)        0 (I) 
           Arrival:=   13330            0     
                                              
             Setup:-     298                  
       Uncertainty:-     300                  
     Required Time:=   12732                  
      Launch Clock:-       0                  
         Data Path:-    3862                  
             Slack:=    8870                  

#------------------------------------------------------------------------------------------------------------------------
#            Timing Point              Flags    Arc    Edge       Cell         Fanout  Load Trans Delay Arrival Instance 
#                                                                                      (fF)  (ps)  (ps)   (ps)  Location 
#------------------------------------------------------------------------------------------------------------------------
  weight_reg_reg[4][1]/clk             -       -       R     (arrival)           1910     -   200     0       0    (-,-) 
  weight_reg_reg[4][1]/q               (u)     clk->q  R     unmapped_d_flop       42  49.0     0   616     616    (-,-) 
  P5/csa_tree_add_33_32_groupi/g8065/z (u)     in_1->z F     unmapped_complex2      1   7.0     0    61     677    (-,-) 
  P5/csa_tree_add_33_32_groupi/g8066/z (u)     in_1->z R     unmapped_nand2        19 133.0     0   188     865    (-,-) 
  P5/csa_tree_add_33_32_groupi/g7449/z (u)     in_1->z F     unmapped_nand2         4  28.0     0   100     965    (-,-) 
  P5/csa_tree_add_33_32_groupi/g7303/z (u)     in_1->z F     unmapped_or2           1   7.0     0    61    1026    (-,-) 
  P5/csa_tree_add_33_32_groupi/g7304/z (u)     in_1->z R     unmapped_nand2         2  14.0     0    77    1103    (-,-) 
  P5/csa_tree_add_33_32_groupi/g7161/z (u)     in_1->z R     unmapped_complex2      1   7.0     0    61    1164    (-,-) 
  P5/csa_tree_add_33_32_groupi/g7162/z (u)     in_1->z F     unmapped_nand2         2  14.0     0    77    1241    (-,-) 
  P5/csa_tree_add_33_32_groupi/g6990/z (u)     in_0->z F     unmapped_complex2      2  14.0     0    77    1318    (-,-) 
  P5/csa_tree_add_33_32_groupi/g6584/z (u)     in_1->z R     unmapped_nand2         1   7.0     0    61    1379    (-,-) 
  P5/csa_tree_add_33_32_groupi/g6532/z (u)     in_1->z F     unmapped_nand2         3  21.0     0    90    1469    (-,-) 
  P5/csa_tree_add_33_32_groupi/g6311/z (u)     in_1->z R     unmapped_nand2         1   7.0     0    61    1530    (-,-) 
  P5/csa_tree_add_33_32_groupi/g6229/z (u)     in_0->z F     unmapped_nand2         3  21.0     0    90    1620    (-,-) 
  P5/csa_tree_add_33_32_groupi/g6162/z (u)     in_1->z R     unmapped_nand2         1   7.0     0    61    1680    (-,-) 
  P5/csa_tree_add_33_32_groupi/g6027/z (u)     in_1->z F     unmapped_nand2         4  28.0     0   100    1780    (-,-) 
  P5/csa_tree_add_33_32_groupi/g6012/z (u)     in_0->z F     unmapped_or2           1   7.0     0    61    1841    (-,-) 
  P5/csa_tree_add_33_32_groupi/g5948/z (u)     in_1->z R     unmapped_nand2         1   7.0     0    61    1902    (-,-) 
  P5/csa_tree_add_33_32_groupi/g5871/z (u)     in_1->z F     unmapped_nand2         3  21.0     0    90    1992    (-,-) 
  P5/csa_tree_add_33_32_groupi/g5863/z (u)     in_1->z R     unmapped_nand2         1   7.0     0    61    2053    (-,-) 
  P5/csa_tree_add_33_32_groupi/g5822/z (u)     in_0->z F     unmapped_nand2         3  21.0     0    90    2143    (-,-) 
  P5/csa_tree_add_33_32_groupi/g5807/z (u)     in_1->z R     unmapped_nand2         1   7.0     0    61    2204    (-,-) 
  P5/csa_tree_add_33_32_groupi/g5801/z (u)     in_0->z F     unmapped_nand2         4  28.0     0   100    2304    (-,-) 
  P5/csa_tree_add_33_32_groupi/g5791/z (u)     in_0->z R     unmapped_complex2      1   7.0     0    61    2365    (-,-) 
  P5/csa_tree_add_33_32_groupi/g5783/z (u)     in_0->z F     unmapped_complex2      3  21.0     0    90    2455    (-,-) 
  P5/csa_tree_add_33_32_groupi/g5767/z (u)     in_1->z R     unmapped_nand2         1   7.0     0    61    2516    (-,-) 
  P5/csa_tree_add_33_32_groupi/g5765/z (u)     in_1->z F     unmapped_nand2         3  21.0     0    90    2606    (-,-) 
  P5/csa_tree_add_33_32_groupi/g5755/z (u)     in_0->z R     unmapped_nand2         1   7.0     0    61    2666    (-,-) 
  P5/csa_tree_add_33_32_groupi/g5753/z (u)     in_0->z F     unmapped_nand2         4  28.0     0   100    2766    (-,-) 
  P5/csa_tree_add_33_32_groupi/g5752/z (u)     in_0->z R     unmapped_complex2      1   7.0     0    61    2827    (-,-) 
  P5/csa_tree_add_33_32_groupi/g5746/z (u)     in_0->z F     unmapped_complex2      3  21.0     0    90    2917    (-,-) 
  P5/csa_tree_add_33_32_groupi/g5740/z (u)     in_1->z R     unmapped_nand2         1   7.0     0    61    2978    (-,-) 
  P5/csa_tree_add_33_32_groupi/g5736/z (u)     in_1->z F     unmapped_nand2         3  21.0     0    90    3068    (-,-) 
  P5/csa_tree_add_33_32_groupi/g5732/z (u)     in_0->z R     unmapped_nand2         1   7.0     0    61    3129    (-,-) 
  P5/csa_tree_add_33_32_groupi/g5731/z (u)     in_0->z F     unmapped_nand2         7  49.0     0   126    3255    (-,-) 
  P5/csa_tree_add_33_32_groupi/g5724/z (u)     in_0->z R     unmapped_complex2      2  14.0     0    77    3332    (-,-) 
  P5/csa_tree_add_33_32_groupi/g5721/z (u)     in_0->z F     unmapped_complex2      6  42.0     0   119    3452    (-,-) 
  P5/csa_tree_add_33_32_groupi/g5713/z (u)     in_0->z R     unmapped_complex2      1   7.0     0    61    3513    (-,-) 
  P5/csa_tree_add_33_32_groupi/g5688/z (u)     in_0->z F     unmapped_complex2      3  21.0     0    90    3603    (-,-) 
  P5/csa_tree_add_33_32_groupi/g5662/z (u)     in_1->z R     unmapped_nand2         1   7.0     0    61    3664    (-,-) 
  P5/csa_tree_add_33_32_groupi/g5659/z (u)     in_1->z F     unmapped_nand2         2  14.0     0    77    3741    (-,-) 
  P5/csa_tree_add_33_32_groupi/g5652/z (u)     in_0->z F     unmapped_or2           1   7.0     0    61    3802    (-,-) 
  P5/csa_tree_add_33_32_groupi/g5653/z (u)     in_1->z R     unmapped_nand2         1   7.0     0    61    3862    (-,-) 
  P5/result_reg[27]/d                  -       -       R     unmapped_d_flop        1     -     -     0    3862    (-,-) 
#------------------------------------------------------------------------------------------------------------------------

(u) : Net has unmapped pin(s).



Path 25: MET (8906 ps) Setup Check with Pin P16/result_reg[23]/clk->d
          Group: C2C
     Startpoint: (R) weight_reg_reg[15][1]/clk
          Clock: (R) clk
       Endpoint: (R) P16/result_reg[23]/d
          Clock: (R) clk

                     Capture       Launch     
        Clock Edge:+   13330            0     
       Src Latency:+       0            0     
       Net Latency:+       0 (I)        0 (I) 
           Arrival:=   13330            0     
                                              
             Setup:-     298                  
       Uncertainty:-     300                  
     Required Time:=   12732                  
      Launch Clock:-       0                  
         Data Path:-    3827                  
             Slack:=    8906                  

#-------------------------------------------------------------------------------------------------------------------------
#             Timing Point              Flags    Arc    Edge       Cell         Fanout  Load Trans Delay Arrival Instance 
#                                                                                       (fF)  (ps)  (ps)   (ps)  Location 
#-------------------------------------------------------------------------------------------------------------------------
  weight_reg_reg[15][1]/clk             -       -       R     (arrival)           1910     -   200     0       0    (-,-) 
  weight_reg_reg[15][1]/q               (u)     clk->q  R     unmapped_d_flop       42  49.0     0   616     616    (-,-) 
  P16/csa_tree_add_33_32_groupi/g8065/z (u)     in_1->z F     unmapped_complex2      1   7.0     0    61     677    (-,-) 
  P16/csa_tree_add_33_32_groupi/g8066/z (u)     in_1->z R     unmapped_nand2        19 133.0     0   188     865    (-,-) 
  P16/csa_tree_add_33_32_groupi/g7449/z (u)     in_1->z F     unmapped_nand2         4  28.0     0   100     965    (-,-) 
  P16/csa_tree_add_33_32_groupi/g7303/z (u)     in_1->z F     unmapped_or2           1   7.0     0    61    1026    (-,-) 
  P16/csa_tree_add_33_32_groupi/g7304/z (u)     in_1->z R     unmapped_nand2         2  14.0     0    77    1103    (-,-) 
  P16/csa_tree_add_33_32_groupi/g7161/z (u)     in_1->z R     unmapped_complex2      1   7.0     0    61    1164    (-,-) 
  P16/csa_tree_add_33_32_groupi/g7162/z (u)     in_1->z F     unmapped_nand2         2  14.0     0    77    1241    (-,-) 
  P16/csa_tree_add_33_32_groupi/g6990/z (u)     in_0->z F     unmapped_complex2      2  14.0     0    77    1318    (-,-) 
  P16/csa_tree_add_33_32_groupi/g6584/z (u)     in_1->z R     unmapped_nand2         1   7.0     0    61    1379    (-,-) 
  P16/csa_tree_add_33_32_groupi/g6532/z (u)     in_1->z F     unmapped_nand2         3  21.0     0    90    1469    (-,-) 
  P16/csa_tree_add_33_32_groupi/g6311/z (u)     in_1->z R     unmapped_nand2         1   7.0     0    61    1530    (-,-) 
  P16/csa_tree_add_33_32_groupi/g6229/z (u)     in_0->z F     unmapped_nand2         3  21.0     0    90    1620    (-,-) 
  P16/csa_tree_add_33_32_groupi/g6162/z (u)     in_1->z R     unmapped_nand2         1   7.0     0    61    1680    (-,-) 
  P16/csa_tree_add_33_32_groupi/g6027/z (u)     in_1->z F     unmapped_nand2         4  28.0     0   100    1780    (-,-) 
  P16/csa_tree_add_33_32_groupi/g6012/z (u)     in_0->z F     unmapped_or2           1   7.0     0    61    1841    (-,-) 
  P16/csa_tree_add_33_32_groupi/g5948/z (u)     in_1->z R     unmapped_nand2         1   7.0     0    61    1902    (-,-) 
  P16/csa_tree_add_33_32_groupi/g5871/z (u)     in_1->z F     unmapped_nand2         3  21.0     0    90    1992    (-,-) 
  P16/csa_tree_add_33_32_groupi/g5863/z (u)     in_1->z R     unmapped_nand2         1   7.0     0    61    2053    (-,-) 
  P16/csa_tree_add_33_32_groupi/g5822/z (u)     in_0->z F     unmapped_nand2         3  21.0     0    90    2143    (-,-) 
  P16/csa_tree_add_33_32_groupi/g5807/z (u)     in_1->z R     unmapped_nand2         1   7.0     0    61    2204    (-,-) 
  P16/csa_tree_add_33_32_groupi/g5801/z (u)     in_0->z F     unmapped_nand2         4  28.0     0   100    2304    (-,-) 
  P16/csa_tree_add_33_32_groupi/g5791/z (u)     in_0->z R     unmapped_complex2      1   7.0     0    61    2365    (-,-) 
  P16/csa_tree_add_33_32_groupi/g5783/z (u)     in_0->z F     unmapped_complex2      3  21.0     0    90    2455    (-,-) 
  P16/csa_tree_add_33_32_groupi/g5767/z (u)     in_1->z R     unmapped_nand2         1   7.0     0    61    2516    (-,-) 
  P16/csa_tree_add_33_32_groupi/g5765/z (u)     in_1->z F     unmapped_nand2         3  21.0     0    90    2606    (-,-) 
  P16/csa_tree_add_33_32_groupi/g5755/z (u)     in_0->z R     unmapped_nand2         1   7.0     0    61    2666    (-,-) 
  P16/csa_tree_add_33_32_groupi/g5753/z (u)     in_0->z F     unmapped_nand2         4  28.0     0   100    2766    (-,-) 
  P16/csa_tree_add_33_32_groupi/g5752/z (u)     in_0->z R     unmapped_complex2      1   7.0     0    61    2827    (-,-) 
  P16/csa_tree_add_33_32_groupi/g5746/z (u)     in_0->z F     unmapped_complex2      3  21.0     0    90    2917    (-,-) 
  P16/csa_tree_add_33_32_groupi/g5740/z (u)     in_1->z R     unmapped_nand2         1   7.0     0    61    2978    (-,-) 
  P16/csa_tree_add_33_32_groupi/g5736/z (u)     in_1->z F     unmapped_nand2         3  21.0     0    90    3068    (-,-) 
  P16/csa_tree_add_33_32_groupi/g5732/z (u)     in_0->z R     unmapped_nand2         1   7.0     0    61    3129    (-,-) 
  P16/csa_tree_add_33_32_groupi/g5731/z (u)     in_0->z F     unmapped_nand2         7  49.0     0   126    3255    (-,-) 
  P16/csa_tree_add_33_32_groupi/g5726/z (u)     in_0->z R     unmapped_complex2      1   7.0     0    61    3316    (-,-) 
  P16/csa_tree_add_33_32_groupi/g5718/z (u)     in_0->z F     unmapped_complex2      4  28.0     0   100    3416    (-,-) 
  P16/csa_tree_add_33_32_groupi/g5696/z (u)     in_0->z R     unmapped_complex2      1   7.0     0    61    3477    (-,-) 
  P16/csa_tree_add_33_32_groupi/g5695/z (u)     in_0->z F     unmapped_complex2      3  21.0     0    90    3567    (-,-) 
  P16/csa_tree_add_33_32_groupi/g5675/z (u)     in_1->z R     unmapped_nand2         1   7.0     0    61    3628    (-,-) 
  P16/csa_tree_add_33_32_groupi/g5658/z (u)     in_1->z F     unmapped_nand2         2  14.0     0    77    3705    (-,-) 
  P16/csa_tree_add_33_32_groupi/g5656/z (u)     in_0->z F     unmapped_or2           1   7.0     0    61    3766    (-,-) 
  P16/csa_tree_add_33_32_groupi/g5657/z (u)     in_1->z R     unmapped_nand2         1   7.0     0    61    3827    (-,-) 
  P16/result_reg[23]/d                  -       -       R     unmapped_d_flop        1     -     -     0    3827    (-,-) 
#-------------------------------------------------------------------------------------------------------------------------

(u) : Net has unmapped pin(s).



Path 26: MET (8906 ps) Setup Check with Pin P15/result_reg[23]/clk->d
          Group: C2C
     Startpoint: (R) weight_reg_reg[14][1]/clk
          Clock: (R) clk
       Endpoint: (R) P15/result_reg[23]/d
          Clock: (R) clk

                     Capture       Launch     
        Clock Edge:+   13330            0     
       Src Latency:+       0            0     
       Net Latency:+       0 (I)        0 (I) 
           Arrival:=   13330            0     
                                              
             Setup:-     298                  
       Uncertainty:-     300                  
     Required Time:=   12732                  
      Launch Clock:-       0                  
         Data Path:-    3827                  
             Slack:=    8906                  

#-------------------------------------------------------------------------------------------------------------------------
#             Timing Point              Flags    Arc    Edge       Cell         Fanout  Load Trans Delay Arrival Instance 
#                                                                                       (fF)  (ps)  (ps)   (ps)  Location 
#-------------------------------------------------------------------------------------------------------------------------
  weight_reg_reg[14][1]/clk             -       -       R     (arrival)           1910     -   200     0       0    (-,-) 
  weight_reg_reg[14][1]/q               (u)     clk->q  R     unmapped_d_flop       42  49.0     0   616     616    (-,-) 
  P15/csa_tree_add_33_32_groupi/g8065/z (u)     in_1->z F     unmapped_complex2      1   7.0     0    61     677    (-,-) 
  P15/csa_tree_add_33_32_groupi/g8066/z (u)     in_1->z R     unmapped_nand2        19 133.0     0   188     865    (-,-) 
  P15/csa_tree_add_33_32_groupi/g7449/z (u)     in_1->z F     unmapped_nand2         4  28.0     0   100     965    (-,-) 
  P15/csa_tree_add_33_32_groupi/g7303/z (u)     in_1->z F     unmapped_or2           1   7.0     0    61    1026    (-,-) 
  P15/csa_tree_add_33_32_groupi/g7304/z (u)     in_1->z R     unmapped_nand2         2  14.0     0    77    1103    (-,-) 
  P15/csa_tree_add_33_32_groupi/g7161/z (u)     in_1->z R     unmapped_complex2      1   7.0     0    61    1164    (-,-) 
  P15/csa_tree_add_33_32_groupi/g7162/z (u)     in_1->z F     unmapped_nand2         2  14.0     0    77    1241    (-,-) 
  P15/csa_tree_add_33_32_groupi/g6990/z (u)     in_0->z F     unmapped_complex2      2  14.0     0    77    1318    (-,-) 
  P15/csa_tree_add_33_32_groupi/g6584/z (u)     in_1->z R     unmapped_nand2         1   7.0     0    61    1379    (-,-) 
  P15/csa_tree_add_33_32_groupi/g6532/z (u)     in_1->z F     unmapped_nand2         3  21.0     0    90    1469    (-,-) 
  P15/csa_tree_add_33_32_groupi/g6311/z (u)     in_1->z R     unmapped_nand2         1   7.0     0    61    1530    (-,-) 
  P15/csa_tree_add_33_32_groupi/g6229/z (u)     in_0->z F     unmapped_nand2         3  21.0     0    90    1620    (-,-) 
  P15/csa_tree_add_33_32_groupi/g6162/z (u)     in_1->z R     unmapped_nand2         1   7.0     0    61    1680    (-,-) 
  P15/csa_tree_add_33_32_groupi/g6027/z (u)     in_1->z F     unmapped_nand2         4  28.0     0   100    1780    (-,-) 
  P15/csa_tree_add_33_32_groupi/g6012/z (u)     in_0->z F     unmapped_or2           1   7.0     0    61    1841    (-,-) 
  P15/csa_tree_add_33_32_groupi/g5948/z (u)     in_1->z R     unmapped_nand2         1   7.0     0    61    1902    (-,-) 
  P15/csa_tree_add_33_32_groupi/g5871/z (u)     in_1->z F     unmapped_nand2         3  21.0     0    90    1992    (-,-) 
  P15/csa_tree_add_33_32_groupi/g5863/z (u)     in_1->z R     unmapped_nand2         1   7.0     0    61    2053    (-,-) 
  P15/csa_tree_add_33_32_groupi/g5822/z (u)     in_0->z F     unmapped_nand2         3  21.0     0    90    2143    (-,-) 
  P15/csa_tree_add_33_32_groupi/g5807/z (u)     in_1->z R     unmapped_nand2         1   7.0     0    61    2204    (-,-) 
  P15/csa_tree_add_33_32_groupi/g5801/z (u)     in_0->z F     unmapped_nand2         4  28.0     0   100    2304    (-,-) 
  P15/csa_tree_add_33_32_groupi/g5791/z (u)     in_0->z R     unmapped_complex2      1   7.0     0    61    2365    (-,-) 
  P15/csa_tree_add_33_32_groupi/g5783/z (u)     in_0->z F     unmapped_complex2      3  21.0     0    90    2455    (-,-) 
  P15/csa_tree_add_33_32_groupi/g5767/z (u)     in_1->z R     unmapped_nand2         1   7.0     0    61    2516    (-,-) 
  P15/csa_tree_add_33_32_groupi/g5765/z (u)     in_1->z F     unmapped_nand2         3  21.0     0    90    2606    (-,-) 
  P15/csa_tree_add_33_32_groupi/g5755/z (u)     in_0->z R     unmapped_nand2         1   7.0     0    61    2666    (-,-) 
  P15/csa_tree_add_33_32_groupi/g5753/z (u)     in_0->z F     unmapped_nand2         4  28.0     0   100    2766    (-,-) 
  P15/csa_tree_add_33_32_groupi/g5752/z (u)     in_0->z R     unmapped_complex2      1   7.0     0    61    2827    (-,-) 
  P15/csa_tree_add_33_32_groupi/g5746/z (u)     in_0->z F     unmapped_complex2      3  21.0     0    90    2917    (-,-) 
  P15/csa_tree_add_33_32_groupi/g5740/z (u)     in_1->z R     unmapped_nand2         1   7.0     0    61    2978    (-,-) 
  P15/csa_tree_add_33_32_groupi/g5736/z (u)     in_1->z F     unmapped_nand2         3  21.0     0    90    3068    (-,-) 
  P15/csa_tree_add_33_32_groupi/g5732/z (u)     in_0->z R     unmapped_nand2         1   7.0     0    61    3129    (-,-) 
  P15/csa_tree_add_33_32_groupi/g5731/z (u)     in_0->z F     unmapped_nand2         7  49.0     0   126    3255    (-,-) 
  P15/csa_tree_add_33_32_groupi/g5726/z (u)     in_0->z R     unmapped_complex2      1   7.0     0    61    3316    (-,-) 
  P15/csa_tree_add_33_32_groupi/g5718/z (u)     in_0->z F     unmapped_complex2      4  28.0     0   100    3416    (-,-) 
  P15/csa_tree_add_33_32_groupi/g5696/z (u)     in_0->z R     unmapped_complex2      1   7.0     0    61    3477    (-,-) 
  P15/csa_tree_add_33_32_groupi/g5695/z (u)     in_0->z F     unmapped_complex2      3  21.0     0    90    3567    (-,-) 
  P15/csa_tree_add_33_32_groupi/g5675/z (u)     in_1->z R     unmapped_nand2         1   7.0     0    61    3628    (-,-) 
  P15/csa_tree_add_33_32_groupi/g5658/z (u)     in_1->z F     unmapped_nand2         2  14.0     0    77    3705    (-,-) 
  P15/csa_tree_add_33_32_groupi/g5656/z (u)     in_0->z F     unmapped_or2           1   7.0     0    61    3766    (-,-) 
  P15/csa_tree_add_33_32_groupi/g5657/z (u)     in_1->z R     unmapped_nand2         1   7.0     0    61    3827    (-,-) 
  P15/result_reg[23]/d                  -       -       R     unmapped_d_flop        1     -     -     0    3827    (-,-) 
#-------------------------------------------------------------------------------------------------------------------------

(u) : Net has unmapped pin(s).



Path 27: MET (8906 ps) Setup Check with Pin P14/result_reg[23]/clk->d
          Group: C2C
     Startpoint: (R) weight_reg_reg[13][1]/clk
          Clock: (R) clk
       Endpoint: (R) P14/result_reg[23]/d
          Clock: (R) clk

                     Capture       Launch     
        Clock Edge:+   13330            0     
       Src Latency:+       0            0     
       Net Latency:+       0 (I)        0 (I) 
           Arrival:=   13330            0     
                                              
             Setup:-     298                  
       Uncertainty:-     300                  
     Required Time:=   12732                  
      Launch Clock:-       0                  
         Data Path:-    3827                  
             Slack:=    8906                  

#-------------------------------------------------------------------------------------------------------------------------
#             Timing Point              Flags    Arc    Edge       Cell         Fanout  Load Trans Delay Arrival Instance 
#                                                                                       (fF)  (ps)  (ps)   (ps)  Location 
#-------------------------------------------------------------------------------------------------------------------------
  weight_reg_reg[13][1]/clk             -       -       R     (arrival)           1910     -   200     0       0    (-,-) 
  weight_reg_reg[13][1]/q               (u)     clk->q  R     unmapped_d_flop       42  49.0     0   616     616    (-,-) 
  P14/csa_tree_add_33_32_groupi/g8065/z (u)     in_1->z F     unmapped_complex2      1   7.0     0    61     677    (-,-) 
  P14/csa_tree_add_33_32_groupi/g8066/z (u)     in_1->z R     unmapped_nand2        19 133.0     0   188     865    (-,-) 
  P14/csa_tree_add_33_32_groupi/g7449/z (u)     in_1->z F     unmapped_nand2         4  28.0     0   100     965    (-,-) 
  P14/csa_tree_add_33_32_groupi/g7303/z (u)     in_1->z F     unmapped_or2           1   7.0     0    61    1026    (-,-) 
  P14/csa_tree_add_33_32_groupi/g7304/z (u)     in_1->z R     unmapped_nand2         2  14.0     0    77    1103    (-,-) 
  P14/csa_tree_add_33_32_groupi/g7161/z (u)     in_1->z R     unmapped_complex2      1   7.0     0    61    1164    (-,-) 
  P14/csa_tree_add_33_32_groupi/g7162/z (u)     in_1->z F     unmapped_nand2         2  14.0     0    77    1241    (-,-) 
  P14/csa_tree_add_33_32_groupi/g6990/z (u)     in_0->z F     unmapped_complex2      2  14.0     0    77    1318    (-,-) 
  P14/csa_tree_add_33_32_groupi/g6584/z (u)     in_1->z R     unmapped_nand2         1   7.0     0    61    1379    (-,-) 
  P14/csa_tree_add_33_32_groupi/g6532/z (u)     in_1->z F     unmapped_nand2         3  21.0     0    90    1469    (-,-) 
  P14/csa_tree_add_33_32_groupi/g6311/z (u)     in_1->z R     unmapped_nand2         1   7.0     0    61    1530    (-,-) 
  P14/csa_tree_add_33_32_groupi/g6229/z (u)     in_0->z F     unmapped_nand2         3  21.0     0    90    1620    (-,-) 
  P14/csa_tree_add_33_32_groupi/g6162/z (u)     in_1->z R     unmapped_nand2         1   7.0     0    61    1680    (-,-) 
  P14/csa_tree_add_33_32_groupi/g6027/z (u)     in_1->z F     unmapped_nand2         4  28.0     0   100    1780    (-,-) 
  P14/csa_tree_add_33_32_groupi/g6012/z (u)     in_0->z F     unmapped_or2           1   7.0     0    61    1841    (-,-) 
  P14/csa_tree_add_33_32_groupi/g5948/z (u)     in_1->z R     unmapped_nand2         1   7.0     0    61    1902    (-,-) 
  P14/csa_tree_add_33_32_groupi/g5871/z (u)     in_1->z F     unmapped_nand2         3  21.0     0    90    1992    (-,-) 
  P14/csa_tree_add_33_32_groupi/g5863/z (u)     in_1->z R     unmapped_nand2         1   7.0     0    61    2053    (-,-) 
  P14/csa_tree_add_33_32_groupi/g5822/z (u)     in_0->z F     unmapped_nand2         3  21.0     0    90    2143    (-,-) 
  P14/csa_tree_add_33_32_groupi/g5807/z (u)     in_1->z R     unmapped_nand2         1   7.0     0    61    2204    (-,-) 
  P14/csa_tree_add_33_32_groupi/g5801/z (u)     in_0->z F     unmapped_nand2         4  28.0     0   100    2304    (-,-) 
  P14/csa_tree_add_33_32_groupi/g5791/z (u)     in_0->z R     unmapped_complex2      1   7.0     0    61    2365    (-,-) 
  P14/csa_tree_add_33_32_groupi/g5783/z (u)     in_0->z F     unmapped_complex2      3  21.0     0    90    2455    (-,-) 
  P14/csa_tree_add_33_32_groupi/g5767/z (u)     in_1->z R     unmapped_nand2         1   7.0     0    61    2516    (-,-) 
  P14/csa_tree_add_33_32_groupi/g5765/z (u)     in_1->z F     unmapped_nand2         3  21.0     0    90    2606    (-,-) 
  P14/csa_tree_add_33_32_groupi/g5755/z (u)     in_0->z R     unmapped_nand2         1   7.0     0    61    2666    (-,-) 
  P14/csa_tree_add_33_32_groupi/g5753/z (u)     in_0->z F     unmapped_nand2         4  28.0     0   100    2766    (-,-) 
  P14/csa_tree_add_33_32_groupi/g5752/z (u)     in_0->z R     unmapped_complex2      1   7.0     0    61    2827    (-,-) 
  P14/csa_tree_add_33_32_groupi/g5746/z (u)     in_0->z F     unmapped_complex2      3  21.0     0    90    2917    (-,-) 
  P14/csa_tree_add_33_32_groupi/g5740/z (u)     in_1->z R     unmapped_nand2         1   7.0     0    61    2978    (-,-) 
  P14/csa_tree_add_33_32_groupi/g5736/z (u)     in_1->z F     unmapped_nand2         3  21.0     0    90    3068    (-,-) 
  P14/csa_tree_add_33_32_groupi/g5732/z (u)     in_0->z R     unmapped_nand2         1   7.0     0    61    3129    (-,-) 
  P14/csa_tree_add_33_32_groupi/g5731/z (u)     in_0->z F     unmapped_nand2         7  49.0     0   126    3255    (-,-) 
  P14/csa_tree_add_33_32_groupi/g5726/z (u)     in_0->z R     unmapped_complex2      1   7.0     0    61    3316    (-,-) 
  P14/csa_tree_add_33_32_groupi/g5718/z (u)     in_0->z F     unmapped_complex2      4  28.0     0   100    3416    (-,-) 
  P14/csa_tree_add_33_32_groupi/g5696/z (u)     in_0->z R     unmapped_complex2      1   7.0     0    61    3477    (-,-) 
  P14/csa_tree_add_33_32_groupi/g5695/z (u)     in_0->z F     unmapped_complex2      3  21.0     0    90    3567    (-,-) 
  P14/csa_tree_add_33_32_groupi/g5675/z (u)     in_1->z R     unmapped_nand2         1   7.0     0    61    3628    (-,-) 
  P14/csa_tree_add_33_32_groupi/g5658/z (u)     in_1->z F     unmapped_nand2         2  14.0     0    77    3705    (-,-) 
  P14/csa_tree_add_33_32_groupi/g5656/z (u)     in_0->z F     unmapped_or2           1   7.0     0    61    3766    (-,-) 
  P14/csa_tree_add_33_32_groupi/g5657/z (u)     in_1->z R     unmapped_nand2         1   7.0     0    61    3827    (-,-) 
  P14/result_reg[23]/d                  -       -       R     unmapped_d_flop        1     -     -     0    3827    (-,-) 
#-------------------------------------------------------------------------------------------------------------------------

(u) : Net has unmapped pin(s).



Path 28: MET (8906 ps) Setup Check with Pin P13/result_reg[23]/clk->d
          Group: C2C
     Startpoint: (R) weight_reg_reg[12][1]/clk
          Clock: (R) clk
       Endpoint: (R) P13/result_reg[23]/d
          Clock: (R) clk

                     Capture       Launch     
        Clock Edge:+   13330            0     
       Src Latency:+       0            0     
       Net Latency:+       0 (I)        0 (I) 
           Arrival:=   13330            0     
                                              
             Setup:-     298                  
       Uncertainty:-     300                  
     Required Time:=   12732                  
      Launch Clock:-       0                  
         Data Path:-    3827                  
             Slack:=    8906                  

#-------------------------------------------------------------------------------------------------------------------------
#             Timing Point              Flags    Arc    Edge       Cell         Fanout  Load Trans Delay Arrival Instance 
#                                                                                       (fF)  (ps)  (ps)   (ps)  Location 
#-------------------------------------------------------------------------------------------------------------------------
  weight_reg_reg[12][1]/clk             -       -       R     (arrival)           1910     -   200     0       0    (-,-) 
  weight_reg_reg[12][1]/q               (u)     clk->q  R     unmapped_d_flop       42  49.0     0   616     616    (-,-) 
  P13/csa_tree_add_33_32_groupi/g8065/z (u)     in_1->z F     unmapped_complex2      1   7.0     0    61     677    (-,-) 
  P13/csa_tree_add_33_32_groupi/g8066/z (u)     in_1->z R     unmapped_nand2        19 133.0     0   188     865    (-,-) 
  P13/csa_tree_add_33_32_groupi/g7449/z (u)     in_1->z F     unmapped_nand2         4  28.0     0   100     965    (-,-) 
  P13/csa_tree_add_33_32_groupi/g7303/z (u)     in_1->z F     unmapped_or2           1   7.0     0    61    1026    (-,-) 
  P13/csa_tree_add_33_32_groupi/g7304/z (u)     in_1->z R     unmapped_nand2         2  14.0     0    77    1103    (-,-) 
  P13/csa_tree_add_33_32_groupi/g7161/z (u)     in_1->z R     unmapped_complex2      1   7.0     0    61    1164    (-,-) 
  P13/csa_tree_add_33_32_groupi/g7162/z (u)     in_1->z F     unmapped_nand2         2  14.0     0    77    1241    (-,-) 
  P13/csa_tree_add_33_32_groupi/g6990/z (u)     in_0->z F     unmapped_complex2      2  14.0     0    77    1318    (-,-) 
  P13/csa_tree_add_33_32_groupi/g6584/z (u)     in_1->z R     unmapped_nand2         1   7.0     0    61    1379    (-,-) 
  P13/csa_tree_add_33_32_groupi/g6532/z (u)     in_1->z F     unmapped_nand2         3  21.0     0    90    1469    (-,-) 
  P13/csa_tree_add_33_32_groupi/g6311/z (u)     in_1->z R     unmapped_nand2         1   7.0     0    61    1530    (-,-) 
  P13/csa_tree_add_33_32_groupi/g6229/z (u)     in_0->z F     unmapped_nand2         3  21.0     0    90    1620    (-,-) 
  P13/csa_tree_add_33_32_groupi/g6162/z (u)     in_1->z R     unmapped_nand2         1   7.0     0    61    1680    (-,-) 
  P13/csa_tree_add_33_32_groupi/g6027/z (u)     in_1->z F     unmapped_nand2         4  28.0     0   100    1780    (-,-) 
  P13/csa_tree_add_33_32_groupi/g6012/z (u)     in_0->z F     unmapped_or2           1   7.0     0    61    1841    (-,-) 
  P13/csa_tree_add_33_32_groupi/g5948/z (u)     in_1->z R     unmapped_nand2         1   7.0     0    61    1902    (-,-) 
  P13/csa_tree_add_33_32_groupi/g5871/z (u)     in_1->z F     unmapped_nand2         3  21.0     0    90    1992    (-,-) 
  P13/csa_tree_add_33_32_groupi/g5863/z (u)     in_1->z R     unmapped_nand2         1   7.0     0    61    2053    (-,-) 
  P13/csa_tree_add_33_32_groupi/g5822/z (u)     in_0->z F     unmapped_nand2         3  21.0     0    90    2143    (-,-) 
  P13/csa_tree_add_33_32_groupi/g5807/z (u)     in_1->z R     unmapped_nand2         1   7.0     0    61    2204    (-,-) 
  P13/csa_tree_add_33_32_groupi/g5801/z (u)     in_0->z F     unmapped_nand2         4  28.0     0   100    2304    (-,-) 
  P13/csa_tree_add_33_32_groupi/g5791/z (u)     in_0->z R     unmapped_complex2      1   7.0     0    61    2365    (-,-) 
  P13/csa_tree_add_33_32_groupi/g5783/z (u)     in_0->z F     unmapped_complex2      3  21.0     0    90    2455    (-,-) 
  P13/csa_tree_add_33_32_groupi/g5767/z (u)     in_1->z R     unmapped_nand2         1   7.0     0    61    2516    (-,-) 
  P13/csa_tree_add_33_32_groupi/g5765/z (u)     in_1->z F     unmapped_nand2         3  21.0     0    90    2606    (-,-) 
  P13/csa_tree_add_33_32_groupi/g5755/z (u)     in_0->z R     unmapped_nand2         1   7.0     0    61    2666    (-,-) 
  P13/csa_tree_add_33_32_groupi/g5753/z (u)     in_0->z F     unmapped_nand2         4  28.0     0   100    2766    (-,-) 
  P13/csa_tree_add_33_32_groupi/g5752/z (u)     in_0->z R     unmapped_complex2      1   7.0     0    61    2827    (-,-) 
  P13/csa_tree_add_33_32_groupi/g5746/z (u)     in_0->z F     unmapped_complex2      3  21.0     0    90    2917    (-,-) 
  P13/csa_tree_add_33_32_groupi/g5740/z (u)     in_1->z R     unmapped_nand2         1   7.0     0    61    2978    (-,-) 
  P13/csa_tree_add_33_32_groupi/g5736/z (u)     in_1->z F     unmapped_nand2         3  21.0     0    90    3068    (-,-) 
  P13/csa_tree_add_33_32_groupi/g5732/z (u)     in_0->z R     unmapped_nand2         1   7.0     0    61    3129    (-,-) 
  P13/csa_tree_add_33_32_groupi/g5731/z (u)     in_0->z F     unmapped_nand2         7  49.0     0   126    3255    (-,-) 
  P13/csa_tree_add_33_32_groupi/g5726/z (u)     in_0->z R     unmapped_complex2      1   7.0     0    61    3316    (-,-) 
  P13/csa_tree_add_33_32_groupi/g5718/z (u)     in_0->z F     unmapped_complex2      4  28.0     0   100    3416    (-,-) 
  P13/csa_tree_add_33_32_groupi/g5696/z (u)     in_0->z R     unmapped_complex2      1   7.0     0    61    3477    (-,-) 
  P13/csa_tree_add_33_32_groupi/g5695/z (u)     in_0->z F     unmapped_complex2      3  21.0     0    90    3567    (-,-) 
  P13/csa_tree_add_33_32_groupi/g5675/z (u)     in_1->z R     unmapped_nand2         1   7.0     0    61    3628    (-,-) 
  P13/csa_tree_add_33_32_groupi/g5658/z (u)     in_1->z F     unmapped_nand2         2  14.0     0    77    3705    (-,-) 
  P13/csa_tree_add_33_32_groupi/g5656/z (u)     in_0->z F     unmapped_or2           1   7.0     0    61    3766    (-,-) 
  P13/csa_tree_add_33_32_groupi/g5657/z (u)     in_1->z R     unmapped_nand2         1   7.0     0    61    3827    (-,-) 
  P13/result_reg[23]/d                  -       -       R     unmapped_d_flop        1     -     -     0    3827    (-,-) 
#-------------------------------------------------------------------------------------------------------------------------

(u) : Net has unmapped pin(s).



Path 29: MET (8906 ps) Setup Check with Pin P12/result_reg[23]/clk->d
          Group: C2C
     Startpoint: (R) weight_reg_reg[11][1]/clk
          Clock: (R) clk
       Endpoint: (R) P12/result_reg[23]/d
          Clock: (R) clk

                     Capture       Launch     
        Clock Edge:+   13330            0     
       Src Latency:+       0            0     
       Net Latency:+       0 (I)        0 (I) 
           Arrival:=   13330            0     
                                              
             Setup:-     298                  
       Uncertainty:-     300                  
     Required Time:=   12732                  
      Launch Clock:-       0                  
         Data Path:-    3827                  
             Slack:=    8906                  

#-------------------------------------------------------------------------------------------------------------------------
#             Timing Point              Flags    Arc    Edge       Cell         Fanout  Load Trans Delay Arrival Instance 
#                                                                                       (fF)  (ps)  (ps)   (ps)  Location 
#-------------------------------------------------------------------------------------------------------------------------
  weight_reg_reg[11][1]/clk             -       -       R     (arrival)           1910     -   200     0       0    (-,-) 
  weight_reg_reg[11][1]/q               (u)     clk->q  R     unmapped_d_flop       42  49.0     0   616     616    (-,-) 
  P12/csa_tree_add_33_32_groupi/g8065/z (u)     in_1->z F     unmapped_complex2      1   7.0     0    61     677    (-,-) 
  P12/csa_tree_add_33_32_groupi/g8066/z (u)     in_1->z R     unmapped_nand2        19 133.0     0   188     865    (-,-) 
  P12/csa_tree_add_33_32_groupi/g7449/z (u)     in_1->z F     unmapped_nand2         4  28.0     0   100     965    (-,-) 
  P12/csa_tree_add_33_32_groupi/g7303/z (u)     in_1->z F     unmapped_or2           1   7.0     0    61    1026    (-,-) 
  P12/csa_tree_add_33_32_groupi/g7304/z (u)     in_1->z R     unmapped_nand2         2  14.0     0    77    1103    (-,-) 
  P12/csa_tree_add_33_32_groupi/g7161/z (u)     in_1->z R     unmapped_complex2      1   7.0     0    61    1164    (-,-) 
  P12/csa_tree_add_33_32_groupi/g7162/z (u)     in_1->z F     unmapped_nand2         2  14.0     0    77    1241    (-,-) 
  P12/csa_tree_add_33_32_groupi/g6990/z (u)     in_0->z F     unmapped_complex2      2  14.0     0    77    1318    (-,-) 
  P12/csa_tree_add_33_32_groupi/g6584/z (u)     in_1->z R     unmapped_nand2         1   7.0     0    61    1379    (-,-) 
  P12/csa_tree_add_33_32_groupi/g6532/z (u)     in_1->z F     unmapped_nand2         3  21.0     0    90    1469    (-,-) 
  P12/csa_tree_add_33_32_groupi/g6311/z (u)     in_1->z R     unmapped_nand2         1   7.0     0    61    1530    (-,-) 
  P12/csa_tree_add_33_32_groupi/g6229/z (u)     in_0->z F     unmapped_nand2         3  21.0     0    90    1620    (-,-) 
  P12/csa_tree_add_33_32_groupi/g6162/z (u)     in_1->z R     unmapped_nand2         1   7.0     0    61    1680    (-,-) 
  P12/csa_tree_add_33_32_groupi/g6027/z (u)     in_1->z F     unmapped_nand2         4  28.0     0   100    1780    (-,-) 
  P12/csa_tree_add_33_32_groupi/g6012/z (u)     in_0->z F     unmapped_or2           1   7.0     0    61    1841    (-,-) 
  P12/csa_tree_add_33_32_groupi/g5948/z (u)     in_1->z R     unmapped_nand2         1   7.0     0    61    1902    (-,-) 
  P12/csa_tree_add_33_32_groupi/g5871/z (u)     in_1->z F     unmapped_nand2         3  21.0     0    90    1992    (-,-) 
  P12/csa_tree_add_33_32_groupi/g5863/z (u)     in_1->z R     unmapped_nand2         1   7.0     0    61    2053    (-,-) 
  P12/csa_tree_add_33_32_groupi/g5822/z (u)     in_0->z F     unmapped_nand2         3  21.0     0    90    2143    (-,-) 
  P12/csa_tree_add_33_32_groupi/g5807/z (u)     in_1->z R     unmapped_nand2         1   7.0     0    61    2204    (-,-) 
  P12/csa_tree_add_33_32_groupi/g5801/z (u)     in_0->z F     unmapped_nand2         4  28.0     0   100    2304    (-,-) 
  P12/csa_tree_add_33_32_groupi/g5791/z (u)     in_0->z R     unmapped_complex2      1   7.0     0    61    2365    (-,-) 
  P12/csa_tree_add_33_32_groupi/g5783/z (u)     in_0->z F     unmapped_complex2      3  21.0     0    90    2455    (-,-) 
  P12/csa_tree_add_33_32_groupi/g5767/z (u)     in_1->z R     unmapped_nand2         1   7.0     0    61    2516    (-,-) 
  P12/csa_tree_add_33_32_groupi/g5765/z (u)     in_1->z F     unmapped_nand2         3  21.0     0    90    2606    (-,-) 
  P12/csa_tree_add_33_32_groupi/g5755/z (u)     in_0->z R     unmapped_nand2         1   7.0     0    61    2666    (-,-) 
  P12/csa_tree_add_33_32_groupi/g5753/z (u)     in_0->z F     unmapped_nand2         4  28.0     0   100    2766    (-,-) 
  P12/csa_tree_add_33_32_groupi/g5752/z (u)     in_0->z R     unmapped_complex2      1   7.0     0    61    2827    (-,-) 
  P12/csa_tree_add_33_32_groupi/g5746/z (u)     in_0->z F     unmapped_complex2      3  21.0     0    90    2917    (-,-) 
  P12/csa_tree_add_33_32_groupi/g5740/z (u)     in_1->z R     unmapped_nand2         1   7.0     0    61    2978    (-,-) 
  P12/csa_tree_add_33_32_groupi/g5736/z (u)     in_1->z F     unmapped_nand2         3  21.0     0    90    3068    (-,-) 
  P12/csa_tree_add_33_32_groupi/g5732/z (u)     in_0->z R     unmapped_nand2         1   7.0     0    61    3129    (-,-) 
  P12/csa_tree_add_33_32_groupi/g5731/z (u)     in_0->z F     unmapped_nand2         7  49.0     0   126    3255    (-,-) 
  P12/csa_tree_add_33_32_groupi/g5726/z (u)     in_0->z R     unmapped_complex2      1   7.0     0    61    3316    (-,-) 
  P12/csa_tree_add_33_32_groupi/g5718/z (u)     in_0->z F     unmapped_complex2      4  28.0     0   100    3416    (-,-) 
  P12/csa_tree_add_33_32_groupi/g5696/z (u)     in_0->z R     unmapped_complex2      1   7.0     0    61    3477    (-,-) 
  P12/csa_tree_add_33_32_groupi/g5695/z (u)     in_0->z F     unmapped_complex2      3  21.0     0    90    3567    (-,-) 
  P12/csa_tree_add_33_32_groupi/g5675/z (u)     in_1->z R     unmapped_nand2         1   7.0     0    61    3628    (-,-) 
  P12/csa_tree_add_33_32_groupi/g5658/z (u)     in_1->z F     unmapped_nand2         2  14.0     0    77    3705    (-,-) 
  P12/csa_tree_add_33_32_groupi/g5656/z (u)     in_0->z F     unmapped_or2           1   7.0     0    61    3766    (-,-) 
  P12/csa_tree_add_33_32_groupi/g5657/z (u)     in_1->z R     unmapped_nand2         1   7.0     0    61    3827    (-,-) 
  P12/result_reg[23]/d                  -       -       R     unmapped_d_flop        1     -     -     0    3827    (-,-) 
#-------------------------------------------------------------------------------------------------------------------------

(u) : Net has unmapped pin(s).



Path 30: MET (8906 ps) Setup Check with Pin P11/result_reg[23]/clk->d
          Group: C2C
     Startpoint: (R) weight_reg_reg[10][1]/clk
          Clock: (R) clk
       Endpoint: (R) P11/result_reg[23]/d
          Clock: (R) clk

                     Capture       Launch     
        Clock Edge:+   13330            0     
       Src Latency:+       0            0     
       Net Latency:+       0 (I)        0 (I) 
           Arrival:=   13330            0     
                                              
             Setup:-     298                  
       Uncertainty:-     300                  
     Required Time:=   12732                  
      Launch Clock:-       0                  
         Data Path:-    3827                  
             Slack:=    8906                  

#-------------------------------------------------------------------------------------------------------------------------
#             Timing Point              Flags    Arc    Edge       Cell         Fanout  Load Trans Delay Arrival Instance 
#                                                                                       (fF)  (ps)  (ps)   (ps)  Location 
#-------------------------------------------------------------------------------------------------------------------------
  weight_reg_reg[10][1]/clk             -       -       R     (arrival)           1910     -   200     0       0    (-,-) 
  weight_reg_reg[10][1]/q               (u)     clk->q  R     unmapped_d_flop       42  49.0     0   616     616    (-,-) 
  P11/csa_tree_add_33_32_groupi/g8065/z (u)     in_1->z F     unmapped_complex2      1   7.0     0    61     677    (-,-) 
  P11/csa_tree_add_33_32_groupi/g8066/z (u)     in_1->z R     unmapped_nand2        19 133.0     0   188     865    (-,-) 
  P11/csa_tree_add_33_32_groupi/g7449/z (u)     in_1->z F     unmapped_nand2         4  28.0     0   100     965    (-,-) 
  P11/csa_tree_add_33_32_groupi/g7303/z (u)     in_1->z F     unmapped_or2           1   7.0     0    61    1026    (-,-) 
  P11/csa_tree_add_33_32_groupi/g7304/z (u)     in_1->z R     unmapped_nand2         2  14.0     0    77    1103    (-,-) 
  P11/csa_tree_add_33_32_groupi/g7161/z (u)     in_1->z R     unmapped_complex2      1   7.0     0    61    1164    (-,-) 
  P11/csa_tree_add_33_32_groupi/g7162/z (u)     in_1->z F     unmapped_nand2         2  14.0     0    77    1241    (-,-) 
  P11/csa_tree_add_33_32_groupi/g6990/z (u)     in_0->z F     unmapped_complex2      2  14.0     0    77    1318    (-,-) 
  P11/csa_tree_add_33_32_groupi/g6584/z (u)     in_1->z R     unmapped_nand2         1   7.0     0    61    1379    (-,-) 
  P11/csa_tree_add_33_32_groupi/g6532/z (u)     in_1->z F     unmapped_nand2         3  21.0     0    90    1469    (-,-) 
  P11/csa_tree_add_33_32_groupi/g6311/z (u)     in_1->z R     unmapped_nand2         1   7.0     0    61    1530    (-,-) 
  P11/csa_tree_add_33_32_groupi/g6229/z (u)     in_0->z F     unmapped_nand2         3  21.0     0    90    1620    (-,-) 
  P11/csa_tree_add_33_32_groupi/g6162/z (u)     in_1->z R     unmapped_nand2         1   7.0     0    61    1680    (-,-) 
  P11/csa_tree_add_33_32_groupi/g6027/z (u)     in_1->z F     unmapped_nand2         4  28.0     0   100    1780    (-,-) 
  P11/csa_tree_add_33_32_groupi/g6012/z (u)     in_0->z F     unmapped_or2           1   7.0     0    61    1841    (-,-) 
  P11/csa_tree_add_33_32_groupi/g5948/z (u)     in_1->z R     unmapped_nand2         1   7.0     0    61    1902    (-,-) 
  P11/csa_tree_add_33_32_groupi/g5871/z (u)     in_1->z F     unmapped_nand2         3  21.0     0    90    1992    (-,-) 
  P11/csa_tree_add_33_32_groupi/g5863/z (u)     in_1->z R     unmapped_nand2         1   7.0     0    61    2053    (-,-) 
  P11/csa_tree_add_33_32_groupi/g5822/z (u)     in_0->z F     unmapped_nand2         3  21.0     0    90    2143    (-,-) 
  P11/csa_tree_add_33_32_groupi/g5807/z (u)     in_1->z R     unmapped_nand2         1   7.0     0    61    2204    (-,-) 
  P11/csa_tree_add_33_32_groupi/g5801/z (u)     in_0->z F     unmapped_nand2         4  28.0     0   100    2304    (-,-) 
  P11/csa_tree_add_33_32_groupi/g5791/z (u)     in_0->z R     unmapped_complex2      1   7.0     0    61    2365    (-,-) 
  P11/csa_tree_add_33_32_groupi/g5783/z (u)     in_0->z F     unmapped_complex2      3  21.0     0    90    2455    (-,-) 
  P11/csa_tree_add_33_32_groupi/g5767/z (u)     in_1->z R     unmapped_nand2         1   7.0     0    61    2516    (-,-) 
  P11/csa_tree_add_33_32_groupi/g5765/z (u)     in_1->z F     unmapped_nand2         3  21.0     0    90    2606    (-,-) 
  P11/csa_tree_add_33_32_groupi/g5755/z (u)     in_0->z R     unmapped_nand2         1   7.0     0    61    2666    (-,-) 
  P11/csa_tree_add_33_32_groupi/g5753/z (u)     in_0->z F     unmapped_nand2         4  28.0     0   100    2766    (-,-) 
  P11/csa_tree_add_33_32_groupi/g5752/z (u)     in_0->z R     unmapped_complex2      1   7.0     0    61    2827    (-,-) 
  P11/csa_tree_add_33_32_groupi/g5746/z (u)     in_0->z F     unmapped_complex2      3  21.0     0    90    2917    (-,-) 
  P11/csa_tree_add_33_32_groupi/g5740/z (u)     in_1->z R     unmapped_nand2         1   7.0     0    61    2978    (-,-) 
  P11/csa_tree_add_33_32_groupi/g5736/z (u)     in_1->z F     unmapped_nand2         3  21.0     0    90    3068    (-,-) 
  P11/csa_tree_add_33_32_groupi/g5732/z (u)     in_0->z R     unmapped_nand2         1   7.0     0    61    3129    (-,-) 
  P11/csa_tree_add_33_32_groupi/g5731/z (u)     in_0->z F     unmapped_nand2         7  49.0     0   126    3255    (-,-) 
  P11/csa_tree_add_33_32_groupi/g5726/z (u)     in_0->z R     unmapped_complex2      1   7.0     0    61    3316    (-,-) 
  P11/csa_tree_add_33_32_groupi/g5718/z (u)     in_0->z F     unmapped_complex2      4  28.0     0   100    3416    (-,-) 
  P11/csa_tree_add_33_32_groupi/g5696/z (u)     in_0->z R     unmapped_complex2      1   7.0     0    61    3477    (-,-) 
  P11/csa_tree_add_33_32_groupi/g5695/z (u)     in_0->z F     unmapped_complex2      3  21.0     0    90    3567    (-,-) 
  P11/csa_tree_add_33_32_groupi/g5675/z (u)     in_1->z R     unmapped_nand2         1   7.0     0    61    3628    (-,-) 
  P11/csa_tree_add_33_32_groupi/g5658/z (u)     in_1->z F     unmapped_nand2         2  14.0     0    77    3705    (-,-) 
  P11/csa_tree_add_33_32_groupi/g5656/z (u)     in_0->z F     unmapped_or2           1   7.0     0    61    3766    (-,-) 
  P11/csa_tree_add_33_32_groupi/g5657/z (u)     in_1->z R     unmapped_nand2         1   7.0     0    61    3827    (-,-) 
  P11/result_reg[23]/d                  -       -       R     unmapped_d_flop        1     -     -     0    3827    (-,-) 
#-------------------------------------------------------------------------------------------------------------------------

(u) : Net has unmapped pin(s).



Path 31: MET (8906 ps) Setup Check with Pin P10/result_reg[23]/clk->d
          Group: C2C
     Startpoint: (R) weight_reg_reg[9][1]/clk
          Clock: (R) clk
       Endpoint: (R) P10/result_reg[23]/d
          Clock: (R) clk

                     Capture       Launch     
        Clock Edge:+   13330            0     
       Src Latency:+       0            0     
       Net Latency:+       0 (I)        0 (I) 
           Arrival:=   13330            0     
                                              
             Setup:-     298                  
       Uncertainty:-     300                  
     Required Time:=   12732                  
      Launch Clock:-       0                  
         Data Path:-    3827                  
             Slack:=    8906                  

#-------------------------------------------------------------------------------------------------------------------------
#             Timing Point              Flags    Arc    Edge       Cell         Fanout  Load Trans Delay Arrival Instance 
#                                                                                       (fF)  (ps)  (ps)   (ps)  Location 
#-------------------------------------------------------------------------------------------------------------------------
  weight_reg_reg[9][1]/clk              -       -       R     (arrival)           1910     -   200     0       0    (-,-) 
  weight_reg_reg[9][1]/q                (u)     clk->q  R     unmapped_d_flop       42  49.0     0   616     616    (-,-) 
  P10/csa_tree_add_33_32_groupi/g8065/z (u)     in_1->z F     unmapped_complex2      1   7.0     0    61     677    (-,-) 
  P10/csa_tree_add_33_32_groupi/g8066/z (u)     in_1->z R     unmapped_nand2        19 133.0     0   188     865    (-,-) 
  P10/csa_tree_add_33_32_groupi/g7449/z (u)     in_1->z F     unmapped_nand2         4  28.0     0   100     965    (-,-) 
  P10/csa_tree_add_33_32_groupi/g7303/z (u)     in_1->z F     unmapped_or2           1   7.0     0    61    1026    (-,-) 
  P10/csa_tree_add_33_32_groupi/g7304/z (u)     in_1->z R     unmapped_nand2         2  14.0     0    77    1103    (-,-) 
  P10/csa_tree_add_33_32_groupi/g7161/z (u)     in_1->z R     unmapped_complex2      1   7.0     0    61    1164    (-,-) 
  P10/csa_tree_add_33_32_groupi/g7162/z (u)     in_1->z F     unmapped_nand2         2  14.0     0    77    1241    (-,-) 
  P10/csa_tree_add_33_32_groupi/g6990/z (u)     in_0->z F     unmapped_complex2      2  14.0     0    77    1318    (-,-) 
  P10/csa_tree_add_33_32_groupi/g6584/z (u)     in_1->z R     unmapped_nand2         1   7.0     0    61    1379    (-,-) 
  P10/csa_tree_add_33_32_groupi/g6532/z (u)     in_1->z F     unmapped_nand2         3  21.0     0    90    1469    (-,-) 
  P10/csa_tree_add_33_32_groupi/g6311/z (u)     in_1->z R     unmapped_nand2         1   7.0     0    61    1530    (-,-) 
  P10/csa_tree_add_33_32_groupi/g6229/z (u)     in_0->z F     unmapped_nand2         3  21.0     0    90    1620    (-,-) 
  P10/csa_tree_add_33_32_groupi/g6162/z (u)     in_1->z R     unmapped_nand2         1   7.0     0    61    1680    (-,-) 
  P10/csa_tree_add_33_32_groupi/g6027/z (u)     in_1->z F     unmapped_nand2         4  28.0     0   100    1780    (-,-) 
  P10/csa_tree_add_33_32_groupi/g6012/z (u)     in_0->z F     unmapped_or2           1   7.0     0    61    1841    (-,-) 
  P10/csa_tree_add_33_32_groupi/g5948/z (u)     in_1->z R     unmapped_nand2         1   7.0     0    61    1902    (-,-) 
  P10/csa_tree_add_33_32_groupi/g5871/z (u)     in_1->z F     unmapped_nand2         3  21.0     0    90    1992    (-,-) 
  P10/csa_tree_add_33_32_groupi/g5863/z (u)     in_1->z R     unmapped_nand2         1   7.0     0    61    2053    (-,-) 
  P10/csa_tree_add_33_32_groupi/g5822/z (u)     in_0->z F     unmapped_nand2         3  21.0     0    90    2143    (-,-) 
  P10/csa_tree_add_33_32_groupi/g5807/z (u)     in_1->z R     unmapped_nand2         1   7.0     0    61    2204    (-,-) 
  P10/csa_tree_add_33_32_groupi/g5801/z (u)     in_0->z F     unmapped_nand2         4  28.0     0   100    2304    (-,-) 
  P10/csa_tree_add_33_32_groupi/g5791/z (u)     in_0->z R     unmapped_complex2      1   7.0     0    61    2365    (-,-) 
  P10/csa_tree_add_33_32_groupi/g5783/z (u)     in_0->z F     unmapped_complex2      3  21.0     0    90    2455    (-,-) 
  P10/csa_tree_add_33_32_groupi/g5767/z (u)     in_1->z R     unmapped_nand2         1   7.0     0    61    2516    (-,-) 
  P10/csa_tree_add_33_32_groupi/g5765/z (u)     in_1->z F     unmapped_nand2         3  21.0     0    90    2606    (-,-) 
  P10/csa_tree_add_33_32_groupi/g5755/z (u)     in_0->z R     unmapped_nand2         1   7.0     0    61    2666    (-,-) 
  P10/csa_tree_add_33_32_groupi/g5753/z (u)     in_0->z F     unmapped_nand2         4  28.0     0   100    2766    (-,-) 
  P10/csa_tree_add_33_32_groupi/g5752/z (u)     in_0->z R     unmapped_complex2      1   7.0     0    61    2827    (-,-) 
  P10/csa_tree_add_33_32_groupi/g5746/z (u)     in_0->z F     unmapped_complex2      3  21.0     0    90    2917    (-,-) 
  P10/csa_tree_add_33_32_groupi/g5740/z (u)     in_1->z R     unmapped_nand2         1   7.0     0    61    2978    (-,-) 
  P10/csa_tree_add_33_32_groupi/g5736/z (u)     in_1->z F     unmapped_nand2         3  21.0     0    90    3068    (-,-) 
  P10/csa_tree_add_33_32_groupi/g5732/z (u)     in_0->z R     unmapped_nand2         1   7.0     0    61    3129    (-,-) 
  P10/csa_tree_add_33_32_groupi/g5731/z (u)     in_0->z F     unmapped_nand2         7  49.0     0   126    3255    (-,-) 
  P10/csa_tree_add_33_32_groupi/g5726/z (u)     in_0->z R     unmapped_complex2      1   7.0     0    61    3316    (-,-) 
  P10/csa_tree_add_33_32_groupi/g5718/z (u)     in_0->z F     unmapped_complex2      4  28.0     0   100    3416    (-,-) 
  P10/csa_tree_add_33_32_groupi/g5696/z (u)     in_0->z R     unmapped_complex2      1   7.0     0    61    3477    (-,-) 
  P10/csa_tree_add_33_32_groupi/g5695/z (u)     in_0->z F     unmapped_complex2      3  21.0     0    90    3567    (-,-) 
  P10/csa_tree_add_33_32_groupi/g5675/z (u)     in_1->z R     unmapped_nand2         1   7.0     0    61    3628    (-,-) 
  P10/csa_tree_add_33_32_groupi/g5658/z (u)     in_1->z F     unmapped_nand2         2  14.0     0    77    3705    (-,-) 
  P10/csa_tree_add_33_32_groupi/g5656/z (u)     in_0->z F     unmapped_or2           1   7.0     0    61    3766    (-,-) 
  P10/csa_tree_add_33_32_groupi/g5657/z (u)     in_1->z R     unmapped_nand2         1   7.0     0    61    3827    (-,-) 
  P10/result_reg[23]/d                  -       -       R     unmapped_d_flop        1     -     -     0    3827    (-,-) 
#-------------------------------------------------------------------------------------------------------------------------

(u) : Net has unmapped pin(s).



Path 32: MET (8906 ps) Setup Check with Pin P9/result_reg[23]/clk->d
          Group: C2C
     Startpoint: (R) weight_reg_reg[8][1]/clk
          Clock: (R) clk
       Endpoint: (R) P9/result_reg[23]/d
          Clock: (R) clk

                     Capture       Launch     
        Clock Edge:+   13330            0     
       Src Latency:+       0            0     
       Net Latency:+       0 (I)        0 (I) 
           Arrival:=   13330            0     
                                              
             Setup:-     298                  
       Uncertainty:-     300                  
     Required Time:=   12732                  
      Launch Clock:-       0                  
         Data Path:-    3827                  
             Slack:=    8906                  

#------------------------------------------------------------------------------------------------------------------------
#            Timing Point              Flags    Arc    Edge       Cell         Fanout  Load Trans Delay Arrival Instance 
#                                                                                      (fF)  (ps)  (ps)   (ps)  Location 
#------------------------------------------------------------------------------------------------------------------------
  weight_reg_reg[8][1]/clk             -       -       R     (arrival)           1910     -   200     0       0    (-,-) 
  weight_reg_reg[8][1]/q               (u)     clk->q  R     unmapped_d_flop       42  49.0     0   616     616    (-,-) 
  P9/csa_tree_add_33_32_groupi/g8065/z (u)     in_1->z F     unmapped_complex2      1   7.0     0    61     677    (-,-) 
  P9/csa_tree_add_33_32_groupi/g8066/z (u)     in_1->z R     unmapped_nand2        19 133.0     0   188     865    (-,-) 
  P9/csa_tree_add_33_32_groupi/g7449/z (u)     in_1->z F     unmapped_nand2         4  28.0     0   100     965    (-,-) 
  P9/csa_tree_add_33_32_groupi/g7303/z (u)     in_1->z F     unmapped_or2           1   7.0     0    61    1026    (-,-) 
  P9/csa_tree_add_33_32_groupi/g7304/z (u)     in_1->z R     unmapped_nand2         2  14.0     0    77    1103    (-,-) 
  P9/csa_tree_add_33_32_groupi/g7161/z (u)     in_1->z R     unmapped_complex2      1   7.0     0    61    1164    (-,-) 
  P9/csa_tree_add_33_32_groupi/g7162/z (u)     in_1->z F     unmapped_nand2         2  14.0     0    77    1241    (-,-) 
  P9/csa_tree_add_33_32_groupi/g6990/z (u)     in_0->z F     unmapped_complex2      2  14.0     0    77    1318    (-,-) 
  P9/csa_tree_add_33_32_groupi/g6584/z (u)     in_1->z R     unmapped_nand2         1   7.0     0    61    1379    (-,-) 
  P9/csa_tree_add_33_32_groupi/g6532/z (u)     in_1->z F     unmapped_nand2         3  21.0     0    90    1469    (-,-) 
  P9/csa_tree_add_33_32_groupi/g6311/z (u)     in_1->z R     unmapped_nand2         1   7.0     0    61    1530    (-,-) 
  P9/csa_tree_add_33_32_groupi/g6229/z (u)     in_0->z F     unmapped_nand2         3  21.0     0    90    1620    (-,-) 
  P9/csa_tree_add_33_32_groupi/g6162/z (u)     in_1->z R     unmapped_nand2         1   7.0     0    61    1680    (-,-) 
  P9/csa_tree_add_33_32_groupi/g6027/z (u)     in_1->z F     unmapped_nand2         4  28.0     0   100    1780    (-,-) 
  P9/csa_tree_add_33_32_groupi/g6012/z (u)     in_0->z F     unmapped_or2           1   7.0     0    61    1841    (-,-) 
  P9/csa_tree_add_33_32_groupi/g5948/z (u)     in_1->z R     unmapped_nand2         1   7.0     0    61    1902    (-,-) 
  P9/csa_tree_add_33_32_groupi/g5871/z (u)     in_1->z F     unmapped_nand2         3  21.0     0    90    1992    (-,-) 
  P9/csa_tree_add_33_32_groupi/g5863/z (u)     in_1->z R     unmapped_nand2         1   7.0     0    61    2053    (-,-) 
  P9/csa_tree_add_33_32_groupi/g5822/z (u)     in_0->z F     unmapped_nand2         3  21.0     0    90    2143    (-,-) 
  P9/csa_tree_add_33_32_groupi/g5807/z (u)     in_1->z R     unmapped_nand2         1   7.0     0    61    2204    (-,-) 
  P9/csa_tree_add_33_32_groupi/g5801/z (u)     in_0->z F     unmapped_nand2         4  28.0     0   100    2304    (-,-) 
  P9/csa_tree_add_33_32_groupi/g5791/z (u)     in_0->z R     unmapped_complex2      1   7.0     0    61    2365    (-,-) 
  P9/csa_tree_add_33_32_groupi/g5783/z (u)     in_0->z F     unmapped_complex2      3  21.0     0    90    2455    (-,-) 
  P9/csa_tree_add_33_32_groupi/g5767/z (u)     in_1->z R     unmapped_nand2         1   7.0     0    61    2516    (-,-) 
  P9/csa_tree_add_33_32_groupi/g5765/z (u)     in_1->z F     unmapped_nand2         3  21.0     0    90    2606    (-,-) 
  P9/csa_tree_add_33_32_groupi/g5755/z (u)     in_0->z R     unmapped_nand2         1   7.0     0    61    2666    (-,-) 
  P9/csa_tree_add_33_32_groupi/g5753/z (u)     in_0->z F     unmapped_nand2         4  28.0     0   100    2766    (-,-) 
  P9/csa_tree_add_33_32_groupi/g5752/z (u)     in_0->z R     unmapped_complex2      1   7.0     0    61    2827    (-,-) 
  P9/csa_tree_add_33_32_groupi/g5746/z (u)     in_0->z F     unmapped_complex2      3  21.0     0    90    2917    (-,-) 
  P9/csa_tree_add_33_32_groupi/g5740/z (u)     in_1->z R     unmapped_nand2         1   7.0     0    61    2978    (-,-) 
  P9/csa_tree_add_33_32_groupi/g5736/z (u)     in_1->z F     unmapped_nand2         3  21.0     0    90    3068    (-,-) 
  P9/csa_tree_add_33_32_groupi/g5732/z (u)     in_0->z R     unmapped_nand2         1   7.0     0    61    3129    (-,-) 
  P9/csa_tree_add_33_32_groupi/g5731/z (u)     in_0->z F     unmapped_nand2         7  49.0     0   126    3255    (-,-) 
  P9/csa_tree_add_33_32_groupi/g5726/z (u)     in_0->z R     unmapped_complex2      1   7.0     0    61    3316    (-,-) 
  P9/csa_tree_add_33_32_groupi/g5718/z (u)     in_0->z F     unmapped_complex2      4  28.0     0   100    3416    (-,-) 
  P9/csa_tree_add_33_32_groupi/g5696/z (u)     in_0->z R     unmapped_complex2      1   7.0     0    61    3477    (-,-) 
  P9/csa_tree_add_33_32_groupi/g5695/z (u)     in_0->z F     unmapped_complex2      3  21.0     0    90    3567    (-,-) 
  P9/csa_tree_add_33_32_groupi/g5675/z (u)     in_1->z R     unmapped_nand2         1   7.0     0    61    3628    (-,-) 
  P9/csa_tree_add_33_32_groupi/g5658/z (u)     in_1->z F     unmapped_nand2         2  14.0     0    77    3705    (-,-) 
  P9/csa_tree_add_33_32_groupi/g5656/z (u)     in_0->z F     unmapped_or2           1   7.0     0    61    3766    (-,-) 
  P9/csa_tree_add_33_32_groupi/g5657/z (u)     in_1->z R     unmapped_nand2         1   7.0     0    61    3827    (-,-) 
  P9/result_reg[23]/d                  -       -       R     unmapped_d_flop        1     -     -     0    3827    (-,-) 
#------------------------------------------------------------------------------------------------------------------------

(u) : Net has unmapped pin(s).



Path 33: MET (8906 ps) Setup Check with Pin P8/result_reg[23]/clk->d
          Group: C2C
     Startpoint: (R) weight_reg_reg[7][1]/clk
          Clock: (R) clk
       Endpoint: (R) P8/result_reg[23]/d
          Clock: (R) clk

                     Capture       Launch     
        Clock Edge:+   13330            0     
       Src Latency:+       0            0     
       Net Latency:+       0 (I)        0 (I) 
           Arrival:=   13330            0     
                                              
             Setup:-     298                  
       Uncertainty:-     300                  
     Required Time:=   12732                  
      Launch Clock:-       0                  
         Data Path:-    3827                  
             Slack:=    8906                  

#------------------------------------------------------------------------------------------------------------------------
#            Timing Point              Flags    Arc    Edge       Cell         Fanout  Load Trans Delay Arrival Instance 
#                                                                                      (fF)  (ps)  (ps)   (ps)  Location 
#------------------------------------------------------------------------------------------------------------------------
  weight_reg_reg[7][1]/clk             -       -       R     (arrival)           1910     -   200     0       0    (-,-) 
  weight_reg_reg[7][1]/q               (u)     clk->q  R     unmapped_d_flop       42  49.0     0   616     616    (-,-) 
  P8/csa_tree_add_33_32_groupi/g8065/z (u)     in_1->z F     unmapped_complex2      1   7.0     0    61     677    (-,-) 
  P8/csa_tree_add_33_32_groupi/g8066/z (u)     in_1->z R     unmapped_nand2        19 133.0     0   188     865    (-,-) 
  P8/csa_tree_add_33_32_groupi/g7449/z (u)     in_1->z F     unmapped_nand2         4  28.0     0   100     965    (-,-) 
  P8/csa_tree_add_33_32_groupi/g7303/z (u)     in_1->z F     unmapped_or2           1   7.0     0    61    1026    (-,-) 
  P8/csa_tree_add_33_32_groupi/g7304/z (u)     in_1->z R     unmapped_nand2         2  14.0     0    77    1103    (-,-) 
  P8/csa_tree_add_33_32_groupi/g7161/z (u)     in_1->z R     unmapped_complex2      1   7.0     0    61    1164    (-,-) 
  P8/csa_tree_add_33_32_groupi/g7162/z (u)     in_1->z F     unmapped_nand2         2  14.0     0    77    1241    (-,-) 
  P8/csa_tree_add_33_32_groupi/g6990/z (u)     in_0->z F     unmapped_complex2      2  14.0     0    77    1318    (-,-) 
  P8/csa_tree_add_33_32_groupi/g6584/z (u)     in_1->z R     unmapped_nand2         1   7.0     0    61    1379    (-,-) 
  P8/csa_tree_add_33_32_groupi/g6532/z (u)     in_1->z F     unmapped_nand2         3  21.0     0    90    1469    (-,-) 
  P8/csa_tree_add_33_32_groupi/g6311/z (u)     in_1->z R     unmapped_nand2         1   7.0     0    61    1530    (-,-) 
  P8/csa_tree_add_33_32_groupi/g6229/z (u)     in_0->z F     unmapped_nand2         3  21.0     0    90    1620    (-,-) 
  P8/csa_tree_add_33_32_groupi/g6162/z (u)     in_1->z R     unmapped_nand2         1   7.0     0    61    1680    (-,-) 
  P8/csa_tree_add_33_32_groupi/g6027/z (u)     in_1->z F     unmapped_nand2         4  28.0     0   100    1780    (-,-) 
  P8/csa_tree_add_33_32_groupi/g6012/z (u)     in_0->z F     unmapped_or2           1   7.0     0    61    1841    (-,-) 
  P8/csa_tree_add_33_32_groupi/g5948/z (u)     in_1->z R     unmapped_nand2         1   7.0     0    61    1902    (-,-) 
  P8/csa_tree_add_33_32_groupi/g5871/z (u)     in_1->z F     unmapped_nand2         3  21.0     0    90    1992    (-,-) 
  P8/csa_tree_add_33_32_groupi/g5863/z (u)     in_1->z R     unmapped_nand2         1   7.0     0    61    2053    (-,-) 
  P8/csa_tree_add_33_32_groupi/g5822/z (u)     in_0->z F     unmapped_nand2         3  21.0     0    90    2143    (-,-) 
  P8/csa_tree_add_33_32_groupi/g5807/z (u)     in_1->z R     unmapped_nand2         1   7.0     0    61    2204    (-,-) 
  P8/csa_tree_add_33_32_groupi/g5801/z (u)     in_0->z F     unmapped_nand2         4  28.0     0   100    2304    (-,-) 
  P8/csa_tree_add_33_32_groupi/g5791/z (u)     in_0->z R     unmapped_complex2      1   7.0     0    61    2365    (-,-) 
  P8/csa_tree_add_33_32_groupi/g5783/z (u)     in_0->z F     unmapped_complex2      3  21.0     0    90    2455    (-,-) 
  P8/csa_tree_add_33_32_groupi/g5767/z (u)     in_1->z R     unmapped_nand2         1   7.0     0    61    2516    (-,-) 
  P8/csa_tree_add_33_32_groupi/g5765/z (u)     in_1->z F     unmapped_nand2         3  21.0     0    90    2606    (-,-) 
  P8/csa_tree_add_33_32_groupi/g5755/z (u)     in_0->z R     unmapped_nand2         1   7.0     0    61    2666    (-,-) 
  P8/csa_tree_add_33_32_groupi/g5753/z (u)     in_0->z F     unmapped_nand2         4  28.0     0   100    2766    (-,-) 
  P8/csa_tree_add_33_32_groupi/g5752/z (u)     in_0->z R     unmapped_complex2      1   7.0     0    61    2827    (-,-) 
  P8/csa_tree_add_33_32_groupi/g5746/z (u)     in_0->z F     unmapped_complex2      3  21.0     0    90    2917    (-,-) 
  P8/csa_tree_add_33_32_groupi/g5740/z (u)     in_1->z R     unmapped_nand2         1   7.0     0    61    2978    (-,-) 
  P8/csa_tree_add_33_32_groupi/g5736/z (u)     in_1->z F     unmapped_nand2         3  21.0     0    90    3068    (-,-) 
  P8/csa_tree_add_33_32_groupi/g5732/z (u)     in_0->z R     unmapped_nand2         1   7.0     0    61    3129    (-,-) 
  P8/csa_tree_add_33_32_groupi/g5731/z (u)     in_0->z F     unmapped_nand2         7  49.0     0   126    3255    (-,-) 
  P8/csa_tree_add_33_32_groupi/g5726/z (u)     in_0->z R     unmapped_complex2      1   7.0     0    61    3316    (-,-) 
  P8/csa_tree_add_33_32_groupi/g5718/z (u)     in_0->z F     unmapped_complex2      4  28.0     0   100    3416    (-,-) 
  P8/csa_tree_add_33_32_groupi/g5696/z (u)     in_0->z R     unmapped_complex2      1   7.0     0    61    3477    (-,-) 
  P8/csa_tree_add_33_32_groupi/g5695/z (u)     in_0->z F     unmapped_complex2      3  21.0     0    90    3567    (-,-) 
  P8/csa_tree_add_33_32_groupi/g5675/z (u)     in_1->z R     unmapped_nand2         1   7.0     0    61    3628    (-,-) 
  P8/csa_tree_add_33_32_groupi/g5658/z (u)     in_1->z F     unmapped_nand2         2  14.0     0    77    3705    (-,-) 
  P8/csa_tree_add_33_32_groupi/g5656/z (u)     in_0->z F     unmapped_or2           1   7.0     0    61    3766    (-,-) 
  P8/csa_tree_add_33_32_groupi/g5657/z (u)     in_1->z R     unmapped_nand2         1   7.0     0    61    3827    (-,-) 
  P8/result_reg[23]/d                  -       -       R     unmapped_d_flop        1     -     -     0    3827    (-,-) 
#------------------------------------------------------------------------------------------------------------------------

(u) : Net has unmapped pin(s).



Path 34: MET (8906 ps) Setup Check with Pin P7/result_reg[23]/clk->d
          Group: C2C
     Startpoint: (R) weight_reg_reg[6][1]/clk
          Clock: (R) clk
       Endpoint: (R) P7/result_reg[23]/d
          Clock: (R) clk

                     Capture       Launch     
        Clock Edge:+   13330            0     
       Src Latency:+       0            0     
       Net Latency:+       0 (I)        0 (I) 
           Arrival:=   13330            0     
                                              
             Setup:-     298                  
       Uncertainty:-     300                  
     Required Time:=   12732                  
      Launch Clock:-       0                  
         Data Path:-    3827                  
             Slack:=    8906                  

#------------------------------------------------------------------------------------------------------------------------
#            Timing Point              Flags    Arc    Edge       Cell         Fanout  Load Trans Delay Arrival Instance 
#                                                                                      (fF)  (ps)  (ps)   (ps)  Location 
#------------------------------------------------------------------------------------------------------------------------
  weight_reg_reg[6][1]/clk             -       -       R     (arrival)           1910     -   200     0       0    (-,-) 
  weight_reg_reg[6][1]/q               (u)     clk->q  R     unmapped_d_flop       42  49.0     0   616     616    (-,-) 
  P7/csa_tree_add_33_32_groupi/g8065/z (u)     in_1->z F     unmapped_complex2      1   7.0     0    61     677    (-,-) 
  P7/csa_tree_add_33_32_groupi/g8066/z (u)     in_1->z R     unmapped_nand2        19 133.0     0   188     865    (-,-) 
  P7/csa_tree_add_33_32_groupi/g7449/z (u)     in_1->z F     unmapped_nand2         4  28.0     0   100     965    (-,-) 
  P7/csa_tree_add_33_32_groupi/g7303/z (u)     in_1->z F     unmapped_or2           1   7.0     0    61    1026    (-,-) 
  P7/csa_tree_add_33_32_groupi/g7304/z (u)     in_1->z R     unmapped_nand2         2  14.0     0    77    1103    (-,-) 
  P7/csa_tree_add_33_32_groupi/g7161/z (u)     in_1->z R     unmapped_complex2      1   7.0     0    61    1164    (-,-) 
  P7/csa_tree_add_33_32_groupi/g7162/z (u)     in_1->z F     unmapped_nand2         2  14.0     0    77    1241    (-,-) 
  P7/csa_tree_add_33_32_groupi/g6990/z (u)     in_0->z F     unmapped_complex2      2  14.0     0    77    1318    (-,-) 
  P7/csa_tree_add_33_32_groupi/g6584/z (u)     in_1->z R     unmapped_nand2         1   7.0     0    61    1379    (-,-) 
  P7/csa_tree_add_33_32_groupi/g6532/z (u)     in_1->z F     unmapped_nand2         3  21.0     0    90    1469    (-,-) 
  P7/csa_tree_add_33_32_groupi/g6311/z (u)     in_1->z R     unmapped_nand2         1   7.0     0    61    1530    (-,-) 
  P7/csa_tree_add_33_32_groupi/g6229/z (u)     in_0->z F     unmapped_nand2         3  21.0     0    90    1620    (-,-) 
  P7/csa_tree_add_33_32_groupi/g6162/z (u)     in_1->z R     unmapped_nand2         1   7.0     0    61    1680    (-,-) 
  P7/csa_tree_add_33_32_groupi/g6027/z (u)     in_1->z F     unmapped_nand2         4  28.0     0   100    1780    (-,-) 
  P7/csa_tree_add_33_32_groupi/g6012/z (u)     in_0->z F     unmapped_or2           1   7.0     0    61    1841    (-,-) 
  P7/csa_tree_add_33_32_groupi/g5948/z (u)     in_1->z R     unmapped_nand2         1   7.0     0    61    1902    (-,-) 
  P7/csa_tree_add_33_32_groupi/g5871/z (u)     in_1->z F     unmapped_nand2         3  21.0     0    90    1992    (-,-) 
  P7/csa_tree_add_33_32_groupi/g5863/z (u)     in_1->z R     unmapped_nand2         1   7.0     0    61    2053    (-,-) 
  P7/csa_tree_add_33_32_groupi/g5822/z (u)     in_0->z F     unmapped_nand2         3  21.0     0    90    2143    (-,-) 
  P7/csa_tree_add_33_32_groupi/g5807/z (u)     in_1->z R     unmapped_nand2         1   7.0     0    61    2204    (-,-) 
  P7/csa_tree_add_33_32_groupi/g5801/z (u)     in_0->z F     unmapped_nand2         4  28.0     0   100    2304    (-,-) 
  P7/csa_tree_add_33_32_groupi/g5791/z (u)     in_0->z R     unmapped_complex2      1   7.0     0    61    2365    (-,-) 
  P7/csa_tree_add_33_32_groupi/g5783/z (u)     in_0->z F     unmapped_complex2      3  21.0     0    90    2455    (-,-) 
  P7/csa_tree_add_33_32_groupi/g5767/z (u)     in_1->z R     unmapped_nand2         1   7.0     0    61    2516    (-,-) 
  P7/csa_tree_add_33_32_groupi/g5765/z (u)     in_1->z F     unmapped_nand2         3  21.0     0    90    2606    (-,-) 
  P7/csa_tree_add_33_32_groupi/g5755/z (u)     in_0->z R     unmapped_nand2         1   7.0     0    61    2666    (-,-) 
  P7/csa_tree_add_33_32_groupi/g5753/z (u)     in_0->z F     unmapped_nand2         4  28.0     0   100    2766    (-,-) 
  P7/csa_tree_add_33_32_groupi/g5752/z (u)     in_0->z R     unmapped_complex2      1   7.0     0    61    2827    (-,-) 
  P7/csa_tree_add_33_32_groupi/g5746/z (u)     in_0->z F     unmapped_complex2      3  21.0     0    90    2917    (-,-) 
  P7/csa_tree_add_33_32_groupi/g5740/z (u)     in_1->z R     unmapped_nand2         1   7.0     0    61    2978    (-,-) 
  P7/csa_tree_add_33_32_groupi/g5736/z (u)     in_1->z F     unmapped_nand2         3  21.0     0    90    3068    (-,-) 
  P7/csa_tree_add_33_32_groupi/g5732/z (u)     in_0->z R     unmapped_nand2         1   7.0     0    61    3129    (-,-) 
  P7/csa_tree_add_33_32_groupi/g5731/z (u)     in_0->z F     unmapped_nand2         7  49.0     0   126    3255    (-,-) 
  P7/csa_tree_add_33_32_groupi/g5726/z (u)     in_0->z R     unmapped_complex2      1   7.0     0    61    3316    (-,-) 
  P7/csa_tree_add_33_32_groupi/g5718/z (u)     in_0->z F     unmapped_complex2      4  28.0     0   100    3416    (-,-) 
  P7/csa_tree_add_33_32_groupi/g5696/z (u)     in_0->z R     unmapped_complex2      1   7.0     0    61    3477    (-,-) 
  P7/csa_tree_add_33_32_groupi/g5695/z (u)     in_0->z F     unmapped_complex2      3  21.0     0    90    3567    (-,-) 
  P7/csa_tree_add_33_32_groupi/g5675/z (u)     in_1->z R     unmapped_nand2         1   7.0     0    61    3628    (-,-) 
  P7/csa_tree_add_33_32_groupi/g5658/z (u)     in_1->z F     unmapped_nand2         2  14.0     0    77    3705    (-,-) 
  P7/csa_tree_add_33_32_groupi/g5656/z (u)     in_0->z F     unmapped_or2           1   7.0     0    61    3766    (-,-) 
  P7/csa_tree_add_33_32_groupi/g5657/z (u)     in_1->z R     unmapped_nand2         1   7.0     0    61    3827    (-,-) 
  P7/result_reg[23]/d                  -       -       R     unmapped_d_flop        1     -     -     0    3827    (-,-) 
#------------------------------------------------------------------------------------------------------------------------

(u) : Net has unmapped pin(s).



Path 35: MET (8906 ps) Setup Check with Pin P6/result_reg[23]/clk->d
          Group: C2C
     Startpoint: (R) weight_reg_reg[5][1]/clk
          Clock: (R) clk
       Endpoint: (R) P6/result_reg[23]/d
          Clock: (R) clk

                     Capture       Launch     
        Clock Edge:+   13330            0     
       Src Latency:+       0            0     
       Net Latency:+       0 (I)        0 (I) 
           Arrival:=   13330            0     
                                              
             Setup:-     298                  
       Uncertainty:-     300                  
     Required Time:=   12732                  
      Launch Clock:-       0                  
         Data Path:-    3827                  
             Slack:=    8906                  

#------------------------------------------------------------------------------------------------------------------------
#            Timing Point              Flags    Arc    Edge       Cell         Fanout  Load Trans Delay Arrival Instance 
#                                                                                      (fF)  (ps)  (ps)   (ps)  Location 
#------------------------------------------------------------------------------------------------------------------------
  weight_reg_reg[5][1]/clk             -       -       R     (arrival)           1910     -   200     0       0    (-,-) 
  weight_reg_reg[5][1]/q               (u)     clk->q  R     unmapped_d_flop       42  49.0     0   616     616    (-,-) 
  P6/csa_tree_add_33_32_groupi/g8065/z (u)     in_1->z F     unmapped_complex2      1   7.0     0    61     677    (-,-) 
  P6/csa_tree_add_33_32_groupi/g8066/z (u)     in_1->z R     unmapped_nand2        19 133.0     0   188     865    (-,-) 
  P6/csa_tree_add_33_32_groupi/g7449/z (u)     in_1->z F     unmapped_nand2         4  28.0     0   100     965    (-,-) 
  P6/csa_tree_add_33_32_groupi/g7303/z (u)     in_1->z F     unmapped_or2           1   7.0     0    61    1026    (-,-) 
  P6/csa_tree_add_33_32_groupi/g7304/z (u)     in_1->z R     unmapped_nand2         2  14.0     0    77    1103    (-,-) 
  P6/csa_tree_add_33_32_groupi/g7161/z (u)     in_1->z R     unmapped_complex2      1   7.0     0    61    1164    (-,-) 
  P6/csa_tree_add_33_32_groupi/g7162/z (u)     in_1->z F     unmapped_nand2         2  14.0     0    77    1241    (-,-) 
  P6/csa_tree_add_33_32_groupi/g6990/z (u)     in_0->z F     unmapped_complex2      2  14.0     0    77    1318    (-,-) 
  P6/csa_tree_add_33_32_groupi/g6584/z (u)     in_1->z R     unmapped_nand2         1   7.0     0    61    1379    (-,-) 
  P6/csa_tree_add_33_32_groupi/g6532/z (u)     in_1->z F     unmapped_nand2         3  21.0     0    90    1469    (-,-) 
  P6/csa_tree_add_33_32_groupi/g6311/z (u)     in_1->z R     unmapped_nand2         1   7.0     0    61    1530    (-,-) 
  P6/csa_tree_add_33_32_groupi/g6229/z (u)     in_0->z F     unmapped_nand2         3  21.0     0    90    1620    (-,-) 
  P6/csa_tree_add_33_32_groupi/g6162/z (u)     in_1->z R     unmapped_nand2         1   7.0     0    61    1680    (-,-) 
  P6/csa_tree_add_33_32_groupi/g6027/z (u)     in_1->z F     unmapped_nand2         4  28.0     0   100    1780    (-,-) 
  P6/csa_tree_add_33_32_groupi/g6012/z (u)     in_0->z F     unmapped_or2           1   7.0     0    61    1841    (-,-) 
  P6/csa_tree_add_33_32_groupi/g5948/z (u)     in_1->z R     unmapped_nand2         1   7.0     0    61    1902    (-,-) 
  P6/csa_tree_add_33_32_groupi/g5871/z (u)     in_1->z F     unmapped_nand2         3  21.0     0    90    1992    (-,-) 
  P6/csa_tree_add_33_32_groupi/g5863/z (u)     in_1->z R     unmapped_nand2         1   7.0     0    61    2053    (-,-) 
  P6/csa_tree_add_33_32_groupi/g5822/z (u)     in_0->z F     unmapped_nand2         3  21.0     0    90    2143    (-,-) 
  P6/csa_tree_add_33_32_groupi/g5807/z (u)     in_1->z R     unmapped_nand2         1   7.0     0    61    2204    (-,-) 
  P6/csa_tree_add_33_32_groupi/g5801/z (u)     in_0->z F     unmapped_nand2         4  28.0     0   100    2304    (-,-) 
  P6/csa_tree_add_33_32_groupi/g5791/z (u)     in_0->z R     unmapped_complex2      1   7.0     0    61    2365    (-,-) 
  P6/csa_tree_add_33_32_groupi/g5783/z (u)     in_0->z F     unmapped_complex2      3  21.0     0    90    2455    (-,-) 
  P6/csa_tree_add_33_32_groupi/g5767/z (u)     in_1->z R     unmapped_nand2         1   7.0     0    61    2516    (-,-) 
  P6/csa_tree_add_33_32_groupi/g5765/z (u)     in_1->z F     unmapped_nand2         3  21.0     0    90    2606    (-,-) 
  P6/csa_tree_add_33_32_groupi/g5755/z (u)     in_0->z R     unmapped_nand2         1   7.0     0    61    2666    (-,-) 
  P6/csa_tree_add_33_32_groupi/g5753/z (u)     in_0->z F     unmapped_nand2         4  28.0     0   100    2766    (-,-) 
  P6/csa_tree_add_33_32_groupi/g5752/z (u)     in_0->z R     unmapped_complex2      1   7.0     0    61    2827    (-,-) 
  P6/csa_tree_add_33_32_groupi/g5746/z (u)     in_0->z F     unmapped_complex2      3  21.0     0    90    2917    (-,-) 
  P6/csa_tree_add_33_32_groupi/g5740/z (u)     in_1->z R     unmapped_nand2         1   7.0     0    61    2978    (-,-) 
  P6/csa_tree_add_33_32_groupi/g5736/z (u)     in_1->z F     unmapped_nand2         3  21.0     0    90    3068    (-,-) 
  P6/csa_tree_add_33_32_groupi/g5732/z (u)     in_0->z R     unmapped_nand2         1   7.0     0    61    3129    (-,-) 
  P6/csa_tree_add_33_32_groupi/g5731/z (u)     in_0->z F     unmapped_nand2         7  49.0     0   126    3255    (-,-) 
  P6/csa_tree_add_33_32_groupi/g5726/z (u)     in_0->z R     unmapped_complex2      1   7.0     0    61    3316    (-,-) 
  P6/csa_tree_add_33_32_groupi/g5718/z (u)     in_0->z F     unmapped_complex2      4  28.0     0   100    3416    (-,-) 
  P6/csa_tree_add_33_32_groupi/g5696/z (u)     in_0->z R     unmapped_complex2      1   7.0     0    61    3477    (-,-) 
  P6/csa_tree_add_33_32_groupi/g5695/z (u)     in_0->z F     unmapped_complex2      3  21.0     0    90    3567    (-,-) 
  P6/csa_tree_add_33_32_groupi/g5675/z (u)     in_1->z R     unmapped_nand2         1   7.0     0    61    3628    (-,-) 
  P6/csa_tree_add_33_32_groupi/g5658/z (u)     in_1->z F     unmapped_nand2         2  14.0     0    77    3705    (-,-) 
  P6/csa_tree_add_33_32_groupi/g5656/z (u)     in_0->z F     unmapped_or2           1   7.0     0    61    3766    (-,-) 
  P6/csa_tree_add_33_32_groupi/g5657/z (u)     in_1->z R     unmapped_nand2         1   7.0     0    61    3827    (-,-) 
  P6/result_reg[23]/d                  -       -       R     unmapped_d_flop        1     -     -     0    3827    (-,-) 
#------------------------------------------------------------------------------------------------------------------------

(u) : Net has unmapped pin(s).



Path 36: MET (8906 ps) Setup Check with Pin P5/result_reg[23]/clk->d
          Group: C2C
     Startpoint: (R) weight_reg_reg[4][1]/clk
          Clock: (R) clk
       Endpoint: (R) P5/result_reg[23]/d
          Clock: (R) clk

                     Capture       Launch     
        Clock Edge:+   13330            0     
       Src Latency:+       0            0     
       Net Latency:+       0 (I)        0 (I) 
           Arrival:=   13330            0     
                                              
             Setup:-     298                  
       Uncertainty:-     300                  
     Required Time:=   12732                  
      Launch Clock:-       0                  
         Data Path:-    3827                  
             Slack:=    8906                  

#------------------------------------------------------------------------------------------------------------------------
#            Timing Point              Flags    Arc    Edge       Cell         Fanout  Load Trans Delay Arrival Instance 
#                                                                                      (fF)  (ps)  (ps)   (ps)  Location 
#------------------------------------------------------------------------------------------------------------------------
  weight_reg_reg[4][1]/clk             -       -       R     (arrival)           1910     -   200     0       0    (-,-) 
  weight_reg_reg[4][1]/q               (u)     clk->q  R     unmapped_d_flop       42  49.0     0   616     616    (-,-) 
  P5/csa_tree_add_33_32_groupi/g8065/z (u)     in_1->z F     unmapped_complex2      1   7.0     0    61     677    (-,-) 
  P5/csa_tree_add_33_32_groupi/g8066/z (u)     in_1->z R     unmapped_nand2        19 133.0     0   188     865    (-,-) 
  P5/csa_tree_add_33_32_groupi/g7449/z (u)     in_1->z F     unmapped_nand2         4  28.0     0   100     965    (-,-) 
  P5/csa_tree_add_33_32_groupi/g7303/z (u)     in_1->z F     unmapped_or2           1   7.0     0    61    1026    (-,-) 
  P5/csa_tree_add_33_32_groupi/g7304/z (u)     in_1->z R     unmapped_nand2         2  14.0     0    77    1103    (-,-) 
  P5/csa_tree_add_33_32_groupi/g7161/z (u)     in_1->z R     unmapped_complex2      1   7.0     0    61    1164    (-,-) 
  P5/csa_tree_add_33_32_groupi/g7162/z (u)     in_1->z F     unmapped_nand2         2  14.0     0    77    1241    (-,-) 
  P5/csa_tree_add_33_32_groupi/g6990/z (u)     in_0->z F     unmapped_complex2      2  14.0     0    77    1318    (-,-) 
  P5/csa_tree_add_33_32_groupi/g6584/z (u)     in_1->z R     unmapped_nand2         1   7.0     0    61    1379    (-,-) 
  P5/csa_tree_add_33_32_groupi/g6532/z (u)     in_1->z F     unmapped_nand2         3  21.0     0    90    1469    (-,-) 
  P5/csa_tree_add_33_32_groupi/g6311/z (u)     in_1->z R     unmapped_nand2         1   7.0     0    61    1530    (-,-) 
  P5/csa_tree_add_33_32_groupi/g6229/z (u)     in_0->z F     unmapped_nand2         3  21.0     0    90    1620    (-,-) 
  P5/csa_tree_add_33_32_groupi/g6162/z (u)     in_1->z R     unmapped_nand2         1   7.0     0    61    1680    (-,-) 
  P5/csa_tree_add_33_32_groupi/g6027/z (u)     in_1->z F     unmapped_nand2         4  28.0     0   100    1780    (-,-) 
  P5/csa_tree_add_33_32_groupi/g6012/z (u)     in_0->z F     unmapped_or2           1   7.0     0    61    1841    (-,-) 
  P5/csa_tree_add_33_32_groupi/g5948/z (u)     in_1->z R     unmapped_nand2         1   7.0     0    61    1902    (-,-) 
  P5/csa_tree_add_33_32_groupi/g5871/z (u)     in_1->z F     unmapped_nand2         3  21.0     0    90    1992    (-,-) 
  P5/csa_tree_add_33_32_groupi/g5863/z (u)     in_1->z R     unmapped_nand2         1   7.0     0    61    2053    (-,-) 
  P5/csa_tree_add_33_32_groupi/g5822/z (u)     in_0->z F     unmapped_nand2         3  21.0     0    90    2143    (-,-) 
  P5/csa_tree_add_33_32_groupi/g5807/z (u)     in_1->z R     unmapped_nand2         1   7.0     0    61    2204    (-,-) 
  P5/csa_tree_add_33_32_groupi/g5801/z (u)     in_0->z F     unmapped_nand2         4  28.0     0   100    2304    (-,-) 
  P5/csa_tree_add_33_32_groupi/g5791/z (u)     in_0->z R     unmapped_complex2      1   7.0     0    61    2365    (-,-) 
  P5/csa_tree_add_33_32_groupi/g5783/z (u)     in_0->z F     unmapped_complex2      3  21.0     0    90    2455    (-,-) 
  P5/csa_tree_add_33_32_groupi/g5767/z (u)     in_1->z R     unmapped_nand2         1   7.0     0    61    2516    (-,-) 
  P5/csa_tree_add_33_32_groupi/g5765/z (u)     in_1->z F     unmapped_nand2         3  21.0     0    90    2606    (-,-) 
  P5/csa_tree_add_33_32_groupi/g5755/z (u)     in_0->z R     unmapped_nand2         1   7.0     0    61    2666    (-,-) 
  P5/csa_tree_add_33_32_groupi/g5753/z (u)     in_0->z F     unmapped_nand2         4  28.0     0   100    2766    (-,-) 
  P5/csa_tree_add_33_32_groupi/g5752/z (u)     in_0->z R     unmapped_complex2      1   7.0     0    61    2827    (-,-) 
  P5/csa_tree_add_33_32_groupi/g5746/z (u)     in_0->z F     unmapped_complex2      3  21.0     0    90    2917    (-,-) 
  P5/csa_tree_add_33_32_groupi/g5740/z (u)     in_1->z R     unmapped_nand2         1   7.0     0    61    2978    (-,-) 
  P5/csa_tree_add_33_32_groupi/g5736/z (u)     in_1->z F     unmapped_nand2         3  21.0     0    90    3068    (-,-) 
  P5/csa_tree_add_33_32_groupi/g5732/z (u)     in_0->z R     unmapped_nand2         1   7.0     0    61    3129    (-,-) 
  P5/csa_tree_add_33_32_groupi/g5731/z (u)     in_0->z F     unmapped_nand2         7  49.0     0   126    3255    (-,-) 
  P5/csa_tree_add_33_32_groupi/g5726/z (u)     in_0->z R     unmapped_complex2      1   7.0     0    61    3316    (-,-) 
  P5/csa_tree_add_33_32_groupi/g5718/z (u)     in_0->z F     unmapped_complex2      4  28.0     0   100    3416    (-,-) 
  P5/csa_tree_add_33_32_groupi/g5696/z (u)     in_0->z R     unmapped_complex2      1   7.0     0    61    3477    (-,-) 
  P5/csa_tree_add_33_32_groupi/g5695/z (u)     in_0->z F     unmapped_complex2      3  21.0     0    90    3567    (-,-) 
  P5/csa_tree_add_33_32_groupi/g5675/z (u)     in_1->z R     unmapped_nand2         1   7.0     0    61    3628    (-,-) 
  P5/csa_tree_add_33_32_groupi/g5658/z (u)     in_1->z F     unmapped_nand2         2  14.0     0    77    3705    (-,-) 
  P5/csa_tree_add_33_32_groupi/g5656/z (u)     in_0->z F     unmapped_or2           1   7.0     0    61    3766    (-,-) 
  P5/csa_tree_add_33_32_groupi/g5657/z (u)     in_1->z R     unmapped_nand2         1   7.0     0    61    3827    (-,-) 
  P5/result_reg[23]/d                  -       -       R     unmapped_d_flop        1     -     -     0    3827    (-,-) 
#------------------------------------------------------------------------------------------------------------------------

(u) : Net has unmapped pin(s).



Path 37: MET (8906 ps) Setup Check with Pin P4/result_reg[31]/clk->d
          Group: C2C
     Startpoint: (R) weight_reg_reg[3][1]/clk
          Clock: (R) clk
       Endpoint: (R) P4/result_reg[31]/d
          Clock: (R) clk

                     Capture       Launch     
        Clock Edge:+   13330            0     
       Src Latency:+       0            0     
       Net Latency:+       0 (I)        0 (I) 
           Arrival:=   13330            0     
                                              
             Setup:-     298                  
       Uncertainty:-     300                  
     Required Time:=   12732                  
      Launch Clock:-       0                  
         Data Path:-    3827                  
             Slack:=    8906                  

#------------------------------------------------------------------------------------------------------------
#      Timing Point        Flags    Arc    Edge       Cell         Fanout  Load Trans Delay Arrival Instance 
#                                                                          (fF)  (ps)  (ps)   (ps)  Location 
#------------------------------------------------------------------------------------------------------------
  weight_reg_reg[3][1]/clk -       -       R     (arrival)           1910     -   200     0       0    (-,-) 
  weight_reg_reg[3][1]/q   (u)     clk->q  F     unmapped_d_flop       42  49.0     0   616     616    (-,-) 
  P4/mul_23_62/g7286/z     (u)     in_1->z R     unmapped_complex2      1   7.0     0    61     677    (-,-) 
  P4/mul_23_62/g7287/z     (u)     in_1->z F     unmapped_nand2        19 133.0     0   188     865    (-,-) 
  P4/mul_23_62/g6886/z     (u)     in_1->z F     unmapped_complex2     17 119.0     0   183    1048    (-,-) 
  P4/mul_23_62/g6589/z     (u)     in_0->z F     unmapped_complex2      1   7.0     0    61    1109    (-,-) 
  P4/mul_23_62/g6441/z     (u)     in_1->z R     unmapped_nand2         4  28.0     0   100    1209    (-,-) 
  P4/mul_23_62/g6434/z     (u)     in_1->z F     unmapped_nand2         1   7.0     0    61    1270    (-,-) 
  P4/mul_23_62/g6435/z     (u)     in_1->z R     unmapped_nand2         2  14.0     0    77    1347    (-,-) 
  P4/mul_23_62/g6160/z     (u)     in_0->z R     unmapped_complex2      1   7.0     0    61    1408    (-,-) 
  P4/mul_23_62/g6161/z     (u)     in_1->z F     unmapped_nand2         2  14.0     0    77    1485    (-,-) 
  P4/mul_23_62/g5943/z     (u)     in_0->z F     unmapped_complex2      2  14.0     0    77    1562    (-,-) 
  P4/mul_23_62/g5696/z     (u)     in_1->z R     unmapped_nand2         1   7.0     0    61    1623    (-,-) 
  P4/mul_23_62/g5582/z     (u)     in_1->z F     unmapped_nand2         3  21.0     0    90    1713    (-,-) 
  P4/mul_23_62/g5531/z     (u)     in_1->z R     unmapped_nand2         1   7.0     0    61    1774    (-,-) 
  P4/mul_23_62/g5470/z     (u)     in_0->z F     unmapped_nand2         3  21.0     0    90    1864    (-,-) 
  P4/mul_23_62/g5435/z     (u)     in_1->z R     unmapped_nand2         1   7.0     0    61    1925    (-,-) 
  P4/mul_23_62/g5375/z     (u)     in_0->z F     unmapped_nand2         3  21.0     0    90    2015    (-,-) 
  P4/mul_23_62/g5333/z     (u)     in_1->z R     unmapped_nand2         1   7.0     0    61    2076    (-,-) 
  P4/mul_23_62/g5326/z     (u)     in_0->z F     unmapped_nand2         4  28.0     0   100    2175    (-,-) 
  P4/mul_23_62/g5310/z     (u)     in_0->z R     unmapped_complex2      1   7.0     0    61    2236    (-,-) 
  P4/mul_23_62/g5297/z     (u)     in_0->z F     unmapped_complex2      3  21.0     0    90    2326    (-,-) 
  P4/mul_23_62/g5276/z     (u)     in_1->z R     unmapped_nand2         1   7.0     0    61    2387    (-,-) 
  P4/mul_23_62/g5272/z     (u)     in_1->z F     unmapped_nand2         3  21.0     0    90    2477    (-,-) 
  P4/mul_23_62/g5270/z     (u)     in_0->z R     unmapped_nand2         1   7.0     0    61    2538    (-,-) 
  P4/mul_23_62/g5258/z     (u)     in_0->z F     unmapped_nand2         4  28.0     0   100    2638    (-,-) 
  P4/mul_23_62/g5250/z     (u)     in_0->z R     unmapped_complex2      1   7.0     0    61    2699    (-,-) 
  P4/mul_23_62/g5249/z     (u)     in_0->z F     unmapped_complex2      3  21.0     0    90    2789    (-,-) 
  P4/mul_23_62/g5246/z     (u)     in_1->z R     unmapped_nand2         1   7.0     0    61    2850    (-,-) 
  P4/mul_23_62/g5237/z     (u)     in_1->z F     unmapped_nand2         3  21.0     0    90    2940    (-,-) 
  P4/mul_23_62/g5233/z     (u)     in_0->z R     unmapped_nand2         1   7.0     0    61    3000    (-,-) 
  P4/mul_23_62/g5232/z     (u)     in_0->z F     unmapped_nand2         7  49.0     0   126    3127    (-,-) 
  P4/mul_23_62/g5230/z     (u)     in_0->z R     unmapped_complex2      2  14.0     0    77    3204    (-,-) 
  P4/mul_23_62/g5219/z     (u)     in_0->z F     unmapped_complex2      6  42.0     0   119    3323    (-,-) 
  P4/mul_23_62/g5208/z     (u)     in_0->z R     unmapped_complex2      1   7.0     0    61    3384    (-,-) 
  P4/mul_23_62/g5195/z     (u)     in_1->z F     unmapped_nand2         1   7.0     0    61    3445    (-,-) 
  P4/mul_23_62/g5174/z     (u)     in_1->z R     unmapped_nand2         1   7.0     0    61    3506    (-,-) 
  P4/mul_23_62/g5159/z     (u)     in_0->z F     unmapped_complex2      1   7.0     0    61    3567    (-,-) 
  P4/mul_23_62/g5158/z     (u)     in_0->z R     unmapped_nand2         1   7.0     0    61    3628    (-,-) 
  P4/mul_23_62/g5148/z     (u)     in_0->z F     unmapped_nand2         2  14.0     0    77    3705    (-,-) 
  P4/mul_23_62/g5146/z     (u)     in_0->z F     unmapped_or2           1   7.0     0    61    3766    (-,-) 
  P4/mul_23_62/g5147/z     (u)     in_1->z R     unmapped_nand2         1   7.0     0    61    3827    (-,-) 
  P4/result_reg[31]/d      -       -       R     unmapped_d_flop        1     -     -     0    3827    (-,-) 
#------------------------------------------------------------------------------------------------------------

(u) : Net has unmapped pin(s).



Path 38: MET (8906 ps) Setup Check with Pin P3/result_reg[31]/clk->d
          Group: C2C
     Startpoint: (R) weight_reg_reg[2][1]/clk
          Clock: (R) clk
       Endpoint: (R) P3/result_reg[31]/d
          Clock: (R) clk

                     Capture       Launch     
        Clock Edge:+   13330            0     
       Src Latency:+       0            0     
       Net Latency:+       0 (I)        0 (I) 
           Arrival:=   13330            0     
                                              
             Setup:-     298                  
       Uncertainty:-     300                  
     Required Time:=   12732                  
      Launch Clock:-       0                  
         Data Path:-    3827                  
             Slack:=    8906                  

#------------------------------------------------------------------------------------------------------------
#      Timing Point        Flags    Arc    Edge       Cell         Fanout  Load Trans Delay Arrival Instance 
#                                                                          (fF)  (ps)  (ps)   (ps)  Location 
#------------------------------------------------------------------------------------------------------------
  weight_reg_reg[2][1]/clk -       -       R     (arrival)           1910     -   200     0       0    (-,-) 
  weight_reg_reg[2][1]/q   (u)     clk->q  F     unmapped_d_flop       42  49.0     0   616     616    (-,-) 
  P3/mul_23_62/g7286/z     (u)     in_1->z R     unmapped_complex2      1   7.0     0    61     677    (-,-) 
  P3/mul_23_62/g7287/z     (u)     in_1->z F     unmapped_nand2        19 133.0     0   188     865    (-,-) 
  P3/mul_23_62/g6886/z     (u)     in_1->z F     unmapped_complex2     17 119.0     0   183    1048    (-,-) 
  P3/mul_23_62/g6589/z     (u)     in_0->z F     unmapped_complex2      1   7.0     0    61    1109    (-,-) 
  P3/mul_23_62/g6441/z     (u)     in_1->z R     unmapped_nand2         4  28.0     0   100    1209    (-,-) 
  P3/mul_23_62/g6434/z     (u)     in_1->z F     unmapped_nand2         1   7.0     0    61    1270    (-,-) 
  P3/mul_23_62/g6435/z     (u)     in_1->z R     unmapped_nand2         2  14.0     0    77    1347    (-,-) 
  P3/mul_23_62/g6160/z     (u)     in_0->z R     unmapped_complex2      1   7.0     0    61    1408    (-,-) 
  P3/mul_23_62/g6161/z     (u)     in_1->z F     unmapped_nand2         2  14.0     0    77    1485    (-,-) 
  P3/mul_23_62/g5943/z     (u)     in_0->z F     unmapped_complex2      2  14.0     0    77    1562    (-,-) 
  P3/mul_23_62/g5696/z     (u)     in_1->z R     unmapped_nand2         1   7.0     0    61    1623    (-,-) 
  P3/mul_23_62/g5582/z     (u)     in_1->z F     unmapped_nand2         3  21.0     0    90    1713    (-,-) 
  P3/mul_23_62/g5531/z     (u)     in_1->z R     unmapped_nand2         1   7.0     0    61    1774    (-,-) 
  P3/mul_23_62/g5470/z     (u)     in_0->z F     unmapped_nand2         3  21.0     0    90    1864    (-,-) 
  P3/mul_23_62/g5435/z     (u)     in_1->z R     unmapped_nand2         1   7.0     0    61    1925    (-,-) 
  P3/mul_23_62/g5375/z     (u)     in_0->z F     unmapped_nand2         3  21.0     0    90    2015    (-,-) 
  P3/mul_23_62/g5333/z     (u)     in_1->z R     unmapped_nand2         1   7.0     0    61    2076    (-,-) 
  P3/mul_23_62/g5326/z     (u)     in_0->z F     unmapped_nand2         4  28.0     0   100    2175    (-,-) 
  P3/mul_23_62/g5310/z     (u)     in_0->z R     unmapped_complex2      1   7.0     0    61    2236    (-,-) 
  P3/mul_23_62/g5297/z     (u)     in_0->z F     unmapped_complex2      3  21.0     0    90    2326    (-,-) 
  P3/mul_23_62/g5276/z     (u)     in_1->z R     unmapped_nand2         1   7.0     0    61    2387    (-,-) 
  P3/mul_23_62/g5272/z     (u)     in_1->z F     unmapped_nand2         3  21.0     0    90    2477    (-,-) 
  P3/mul_23_62/g5270/z     (u)     in_0->z R     unmapped_nand2         1   7.0     0    61    2538    (-,-) 
  P3/mul_23_62/g5258/z     (u)     in_0->z F     unmapped_nand2         4  28.0     0   100    2638    (-,-) 
  P3/mul_23_62/g5250/z     (u)     in_0->z R     unmapped_complex2      1   7.0     0    61    2699    (-,-) 
  P3/mul_23_62/g5249/z     (u)     in_0->z F     unmapped_complex2      3  21.0     0    90    2789    (-,-) 
  P3/mul_23_62/g5246/z     (u)     in_1->z R     unmapped_nand2         1   7.0     0    61    2850    (-,-) 
  P3/mul_23_62/g5237/z     (u)     in_1->z F     unmapped_nand2         3  21.0     0    90    2940    (-,-) 
  P3/mul_23_62/g5233/z     (u)     in_0->z R     unmapped_nand2         1   7.0     0    61    3000    (-,-) 
  P3/mul_23_62/g5232/z     (u)     in_0->z F     unmapped_nand2         7  49.0     0   126    3127    (-,-) 
  P3/mul_23_62/g5230/z     (u)     in_0->z R     unmapped_complex2      2  14.0     0    77    3204    (-,-) 
  P3/mul_23_62/g5219/z     (u)     in_0->z F     unmapped_complex2      6  42.0     0   119    3323    (-,-) 
  P3/mul_23_62/g5208/z     (u)     in_0->z R     unmapped_complex2      1   7.0     0    61    3384    (-,-) 
  P3/mul_23_62/g5195/z     (u)     in_1->z F     unmapped_nand2         1   7.0     0    61    3445    (-,-) 
  P3/mul_23_62/g5174/z     (u)     in_1->z R     unmapped_nand2         1   7.0     0    61    3506    (-,-) 
  P3/mul_23_62/g5159/z     (u)     in_0->z F     unmapped_complex2      1   7.0     0    61    3567    (-,-) 
  P3/mul_23_62/g5158/z     (u)     in_0->z R     unmapped_nand2         1   7.0     0    61    3628    (-,-) 
  P3/mul_23_62/g5148/z     (u)     in_0->z F     unmapped_nand2         2  14.0     0    77    3705    (-,-) 
  P3/mul_23_62/g5146/z     (u)     in_0->z F     unmapped_or2           1   7.0     0    61    3766    (-,-) 
  P3/mul_23_62/g5147/z     (u)     in_1->z R     unmapped_nand2         1   7.0     0    61    3827    (-,-) 
  P3/result_reg[31]/d      -       -       R     unmapped_d_flop        1     -     -     0    3827    (-,-) 
#------------------------------------------------------------------------------------------------------------

(u) : Net has unmapped pin(s).



Path 39: MET (8906 ps) Setup Check with Pin P2/result_reg[31]/clk->d
          Group: C2C
     Startpoint: (R) weight_reg_reg[1][1]/clk
          Clock: (R) clk
       Endpoint: (R) P2/result_reg[31]/d
          Clock: (R) clk

                     Capture       Launch     
        Clock Edge:+   13330            0     
       Src Latency:+       0            0     
       Net Latency:+       0 (I)        0 (I) 
           Arrival:=   13330            0     
                                              
             Setup:-     298                  
       Uncertainty:-     300                  
     Required Time:=   12732                  
      Launch Clock:-       0                  
         Data Path:-    3827                  
             Slack:=    8906                  

#------------------------------------------------------------------------------------------------------------
#      Timing Point        Flags    Arc    Edge       Cell         Fanout  Load Trans Delay Arrival Instance 
#                                                                          (fF)  (ps)  (ps)   (ps)  Location 
#------------------------------------------------------------------------------------------------------------
  weight_reg_reg[1][1]/clk -       -       R     (arrival)           1910     -   200     0       0    (-,-) 
  weight_reg_reg[1][1]/q   (u)     clk->q  F     unmapped_d_flop       42  49.0     0   616     616    (-,-) 
  P2/mul_23_62/g7286/z     (u)     in_1->z R     unmapped_complex2      1   7.0     0    61     677    (-,-) 
  P2/mul_23_62/g7287/z     (u)     in_1->z F     unmapped_nand2        19 133.0     0   188     865    (-,-) 
  P2/mul_23_62/g6886/z     (u)     in_1->z F     unmapped_complex2     17 119.0     0   183    1048    (-,-) 
  P2/mul_23_62/g6589/z     (u)     in_0->z F     unmapped_complex2      1   7.0     0    61    1109    (-,-) 
  P2/mul_23_62/g6441/z     (u)     in_1->z R     unmapped_nand2         4  28.0     0   100    1209    (-,-) 
  P2/mul_23_62/g6434/z     (u)     in_1->z F     unmapped_nand2         1   7.0     0    61    1270    (-,-) 
  P2/mul_23_62/g6435/z     (u)     in_1->z R     unmapped_nand2         2  14.0     0    77    1347    (-,-) 
  P2/mul_23_62/g6160/z     (u)     in_0->z R     unmapped_complex2      1   7.0     0    61    1408    (-,-) 
  P2/mul_23_62/g6161/z     (u)     in_1->z F     unmapped_nand2         2  14.0     0    77    1485    (-,-) 
  P2/mul_23_62/g5943/z     (u)     in_0->z F     unmapped_complex2      2  14.0     0    77    1562    (-,-) 
  P2/mul_23_62/g5696/z     (u)     in_1->z R     unmapped_nand2         1   7.0     0    61    1623    (-,-) 
  P2/mul_23_62/g5582/z     (u)     in_1->z F     unmapped_nand2         3  21.0     0    90    1713    (-,-) 
  P2/mul_23_62/g5531/z     (u)     in_1->z R     unmapped_nand2         1   7.0     0    61    1774    (-,-) 
  P2/mul_23_62/g5470/z     (u)     in_0->z F     unmapped_nand2         3  21.0     0    90    1864    (-,-) 
  P2/mul_23_62/g5435/z     (u)     in_1->z R     unmapped_nand2         1   7.0     0    61    1925    (-,-) 
  P2/mul_23_62/g5375/z     (u)     in_0->z F     unmapped_nand2         3  21.0     0    90    2015    (-,-) 
  P2/mul_23_62/g5333/z     (u)     in_1->z R     unmapped_nand2         1   7.0     0    61    2076    (-,-) 
  P2/mul_23_62/g5326/z     (u)     in_0->z F     unmapped_nand2         4  28.0     0   100    2175    (-,-) 
  P2/mul_23_62/g5310/z     (u)     in_0->z R     unmapped_complex2      1   7.0     0    61    2236    (-,-) 
  P2/mul_23_62/g5297/z     (u)     in_0->z F     unmapped_complex2      3  21.0     0    90    2326    (-,-) 
  P2/mul_23_62/g5276/z     (u)     in_1->z R     unmapped_nand2         1   7.0     0    61    2387    (-,-) 
  P2/mul_23_62/g5272/z     (u)     in_1->z F     unmapped_nand2         3  21.0     0    90    2477    (-,-) 
  P2/mul_23_62/g5270/z     (u)     in_0->z R     unmapped_nand2         1   7.0     0    61    2538    (-,-) 
  P2/mul_23_62/g5258/z     (u)     in_0->z F     unmapped_nand2         4  28.0     0   100    2638    (-,-) 
  P2/mul_23_62/g5250/z     (u)     in_0->z R     unmapped_complex2      1   7.0     0    61    2699    (-,-) 
  P2/mul_23_62/g5249/z     (u)     in_0->z F     unmapped_complex2      3  21.0     0    90    2789    (-,-) 
  P2/mul_23_62/g5246/z     (u)     in_1->z R     unmapped_nand2         1   7.0     0    61    2850    (-,-) 
  P2/mul_23_62/g5237/z     (u)     in_1->z F     unmapped_nand2         3  21.0     0    90    2940    (-,-) 
  P2/mul_23_62/g5233/z     (u)     in_0->z R     unmapped_nand2         1   7.0     0    61    3000    (-,-) 
  P2/mul_23_62/g5232/z     (u)     in_0->z F     unmapped_nand2         7  49.0     0   126    3127    (-,-) 
  P2/mul_23_62/g5230/z     (u)     in_0->z R     unmapped_complex2      2  14.0     0    77    3204    (-,-) 
  P2/mul_23_62/g5219/z     (u)     in_0->z F     unmapped_complex2      6  42.0     0   119    3323    (-,-) 
  P2/mul_23_62/g5208/z     (u)     in_0->z R     unmapped_complex2      1   7.0     0    61    3384    (-,-) 
  P2/mul_23_62/g5195/z     (u)     in_1->z F     unmapped_nand2         1   7.0     0    61    3445    (-,-) 
  P2/mul_23_62/g5174/z     (u)     in_1->z R     unmapped_nand2         1   7.0     0    61    3506    (-,-) 
  P2/mul_23_62/g5159/z     (u)     in_0->z F     unmapped_complex2      1   7.0     0    61    3567    (-,-) 
  P2/mul_23_62/g5158/z     (u)     in_0->z R     unmapped_nand2         1   7.0     0    61    3628    (-,-) 
  P2/mul_23_62/g5148/z     (u)     in_0->z F     unmapped_nand2         2  14.0     0    77    3705    (-,-) 
  P2/mul_23_62/g5146/z     (u)     in_0->z F     unmapped_or2           1   7.0     0    61    3766    (-,-) 
  P2/mul_23_62/g5147/z     (u)     in_1->z R     unmapped_nand2         1   7.0     0    61    3827    (-,-) 
  P2/result_reg[31]/d      -       -       R     unmapped_d_flop        1     -     -     0    3827    (-,-) 
#------------------------------------------------------------------------------------------------------------

(u) : Net has unmapped pin(s).



Path 40: MET (8906 ps) Setup Check with Pin P1/result_reg[31]/clk->d
          Group: C2C
     Startpoint: (R) weight_reg_reg[0][1]/clk
          Clock: (R) clk
       Endpoint: (R) P1/result_reg[31]/d
          Clock: (R) clk

                     Capture       Launch     
        Clock Edge:+   13330            0     
       Src Latency:+       0            0     
       Net Latency:+       0 (I)        0 (I) 
           Arrival:=   13330            0     
                                              
             Setup:-     298                  
       Uncertainty:-     300                  
     Required Time:=   12732                  
      Launch Clock:-       0                  
         Data Path:-    3827                  
             Slack:=    8906                  

#------------------------------------------------------------------------------------------------------------
#      Timing Point        Flags    Arc    Edge       Cell         Fanout  Load Trans Delay Arrival Instance 
#                                                                          (fF)  (ps)  (ps)   (ps)  Location 
#------------------------------------------------------------------------------------------------------------
  weight_reg_reg[0][1]/clk -       -       R     (arrival)           1910     -   200     0       0    (-,-) 
  weight_reg_reg[0][1]/q   (u)     clk->q  F     unmapped_d_flop       42  49.0     0   616     616    (-,-) 
  P1/mul_23_62/g7286/z     (u)     in_1->z R     unmapped_complex2      1   7.0     0    61     677    (-,-) 
  P1/mul_23_62/g7287/z     (u)     in_1->z F     unmapped_nand2        19 133.0     0   188     865    (-,-) 
  P1/mul_23_62/g6886/z     (u)     in_1->z F     unmapped_complex2     17 119.0     0   183    1048    (-,-) 
  P1/mul_23_62/g6589/z     (u)     in_0->z F     unmapped_complex2      1   7.0     0    61    1109    (-,-) 
  P1/mul_23_62/g6441/z     (u)     in_1->z R     unmapped_nand2         4  28.0     0   100    1209    (-,-) 
  P1/mul_23_62/g6434/z     (u)     in_1->z F     unmapped_nand2         1   7.0     0    61    1270    (-,-) 
  P1/mul_23_62/g6435/z     (u)     in_1->z R     unmapped_nand2         2  14.0     0    77    1347    (-,-) 
  P1/mul_23_62/g6160/z     (u)     in_0->z R     unmapped_complex2      1   7.0     0    61    1408    (-,-) 
  P1/mul_23_62/g6161/z     (u)     in_1->z F     unmapped_nand2         2  14.0     0    77    1485    (-,-) 
  P1/mul_23_62/g5943/z     (u)     in_0->z F     unmapped_complex2      2  14.0     0    77    1562    (-,-) 
  P1/mul_23_62/g5696/z     (u)     in_1->z R     unmapped_nand2         1   7.0     0    61    1623    (-,-) 
  P1/mul_23_62/g5582/z     (u)     in_1->z F     unmapped_nand2         3  21.0     0    90    1713    (-,-) 
  P1/mul_23_62/g5531/z     (u)     in_1->z R     unmapped_nand2         1   7.0     0    61    1774    (-,-) 
  P1/mul_23_62/g5470/z     (u)     in_0->z F     unmapped_nand2         3  21.0     0    90    1864    (-,-) 
  P1/mul_23_62/g5435/z     (u)     in_1->z R     unmapped_nand2         1   7.0     0    61    1925    (-,-) 
  P1/mul_23_62/g5375/z     (u)     in_0->z F     unmapped_nand2         3  21.0     0    90    2015    (-,-) 
  P1/mul_23_62/g5333/z     (u)     in_1->z R     unmapped_nand2         1   7.0     0    61    2076    (-,-) 
  P1/mul_23_62/g5326/z     (u)     in_0->z F     unmapped_nand2         4  28.0     0   100    2175    (-,-) 
  P1/mul_23_62/g5310/z     (u)     in_0->z R     unmapped_complex2      1   7.0     0    61    2236    (-,-) 
  P1/mul_23_62/g5297/z     (u)     in_0->z F     unmapped_complex2      3  21.0     0    90    2326    (-,-) 
  P1/mul_23_62/g5276/z     (u)     in_1->z R     unmapped_nand2         1   7.0     0    61    2387    (-,-) 
  P1/mul_23_62/g5272/z     (u)     in_1->z F     unmapped_nand2         3  21.0     0    90    2477    (-,-) 
  P1/mul_23_62/g5270/z     (u)     in_0->z R     unmapped_nand2         1   7.0     0    61    2538    (-,-) 
  P1/mul_23_62/g5258/z     (u)     in_0->z F     unmapped_nand2         4  28.0     0   100    2638    (-,-) 
  P1/mul_23_62/g5250/z     (u)     in_0->z R     unmapped_complex2      1   7.0     0    61    2699    (-,-) 
  P1/mul_23_62/g5249/z     (u)     in_0->z F     unmapped_complex2      3  21.0     0    90    2789    (-,-) 
  P1/mul_23_62/g5246/z     (u)     in_1->z R     unmapped_nand2         1   7.0     0    61    2850    (-,-) 
  P1/mul_23_62/g5237/z     (u)     in_1->z F     unmapped_nand2         3  21.0     0    90    2940    (-,-) 
  P1/mul_23_62/g5233/z     (u)     in_0->z R     unmapped_nand2         1   7.0     0    61    3000    (-,-) 
  P1/mul_23_62/g5232/z     (u)     in_0->z F     unmapped_nand2         7  49.0     0   126    3127    (-,-) 
  P1/mul_23_62/g5230/z     (u)     in_0->z R     unmapped_complex2      2  14.0     0    77    3204    (-,-) 
  P1/mul_23_62/g5219/z     (u)     in_0->z F     unmapped_complex2      6  42.0     0   119    3323    (-,-) 
  P1/mul_23_62/g5208/z     (u)     in_0->z R     unmapped_complex2      1   7.0     0    61    3384    (-,-) 
  P1/mul_23_62/g5195/z     (u)     in_1->z F     unmapped_nand2         1   7.0     0    61    3445    (-,-) 
  P1/mul_23_62/g5174/z     (u)     in_1->z R     unmapped_nand2         1   7.0     0    61    3506    (-,-) 
  P1/mul_23_62/g5159/z     (u)     in_0->z F     unmapped_complex2      1   7.0     0    61    3567    (-,-) 
  P1/mul_23_62/g5158/z     (u)     in_0->z R     unmapped_nand2         1   7.0     0    61    3628    (-,-) 
  P1/mul_23_62/g5148/z     (u)     in_0->z F     unmapped_nand2         2  14.0     0    77    3705    (-,-) 
  P1/mul_23_62/g5146/z     (u)     in_0->z F     unmapped_or2           1   7.0     0    61    3766    (-,-) 
  P1/mul_23_62/g5147/z     (u)     in_1->z R     unmapped_nand2         1   7.0     0    61    3827    (-,-) 
  P1/result_reg[31]/d      -       -       R     unmapped_d_flop        1     -     -     0    3827    (-,-) 
#------------------------------------------------------------------------------------------------------------

(u) : Net has unmapped pin(s).



Path 41: MET (8958 ps) Setup Check with Pin P16/result_reg[30]/clk->d
          Group: C2C
     Startpoint: (R) weight_reg_reg[15][1]/clk
          Clock: (R) clk
       Endpoint: (R) P16/result_reg[30]/d
          Clock: (R) clk

                     Capture       Launch     
        Clock Edge:+   13330            0     
       Src Latency:+       0            0     
       Net Latency:+       0 (I)        0 (I) 
           Arrival:=   13330            0     
                                              
             Setup:-     298                  
       Uncertainty:-     300                  
     Required Time:=   12732                  
      Launch Clock:-       0                  
         Data Path:-    3775                  
             Slack:=    8958                  

#-------------------------------------------------------------------------------------------------------------------------
#             Timing Point              Flags    Arc    Edge       Cell         Fanout  Load Trans Delay Arrival Instance 
#                                                                                       (fF)  (ps)  (ps)   (ps)  Location 
#-------------------------------------------------------------------------------------------------------------------------
  weight_reg_reg[15][1]/clk             -       -       R     (arrival)           1910     -   200     0       0    (-,-) 
  weight_reg_reg[15][1]/q               (u)     clk->q  R     unmapped_d_flop       42  49.0     0   616     616    (-,-) 
  P16/csa_tree_add_33_32_groupi/g8065/z (u)     in_1->z F     unmapped_complex2      1   7.0     0    61     677    (-,-) 
  P16/csa_tree_add_33_32_groupi/g8066/z (u)     in_1->z R     unmapped_nand2        19 133.0     0   188     865    (-,-) 
  P16/csa_tree_add_33_32_groupi/g7449/z (u)     in_1->z F     unmapped_nand2         4  28.0     0   100     965    (-,-) 
  P16/csa_tree_add_33_32_groupi/g7303/z (u)     in_1->z F     unmapped_or2           1   7.0     0    61    1026    (-,-) 
  P16/csa_tree_add_33_32_groupi/g7304/z (u)     in_1->z R     unmapped_nand2         2  14.0     0    77    1103    (-,-) 
  P16/csa_tree_add_33_32_groupi/g7161/z (u)     in_1->z R     unmapped_complex2      1   7.0     0    61    1164    (-,-) 
  P16/csa_tree_add_33_32_groupi/g7162/z (u)     in_1->z F     unmapped_nand2         2  14.0     0    77    1241    (-,-) 
  P16/csa_tree_add_33_32_groupi/g6990/z (u)     in_0->z F     unmapped_complex2      2  14.0     0    77    1318    (-,-) 
  P16/csa_tree_add_33_32_groupi/g6584/z (u)     in_1->z R     unmapped_nand2         1   7.0     0    61    1379    (-,-) 
  P16/csa_tree_add_33_32_groupi/g6532/z (u)     in_1->z F     unmapped_nand2         3  21.0     0    90    1469    (-,-) 
  P16/csa_tree_add_33_32_groupi/g6311/z (u)     in_1->z R     unmapped_nand2         1   7.0     0    61    1530    (-,-) 
  P16/csa_tree_add_33_32_groupi/g6229/z (u)     in_0->z F     unmapped_nand2         3  21.0     0    90    1620    (-,-) 
  P16/csa_tree_add_33_32_groupi/g6162/z (u)     in_1->z R     unmapped_nand2         1   7.0     0    61    1680    (-,-) 
  P16/csa_tree_add_33_32_groupi/g6027/z (u)     in_1->z F     unmapped_nand2         4  28.0     0   100    1780    (-,-) 
  P16/csa_tree_add_33_32_groupi/g6012/z (u)     in_0->z F     unmapped_or2           1   7.0     0    61    1841    (-,-) 
  P16/csa_tree_add_33_32_groupi/g5948/z (u)     in_1->z R     unmapped_nand2         1   7.0     0    61    1902    (-,-) 
  P16/csa_tree_add_33_32_groupi/g5871/z (u)     in_1->z F     unmapped_nand2         3  21.0     0    90    1992    (-,-) 
  P16/csa_tree_add_33_32_groupi/g5863/z (u)     in_1->z R     unmapped_nand2         1   7.0     0    61    2053    (-,-) 
  P16/csa_tree_add_33_32_groupi/g5822/z (u)     in_0->z F     unmapped_nand2         3  21.0     0    90    2143    (-,-) 
  P16/csa_tree_add_33_32_groupi/g5807/z (u)     in_1->z R     unmapped_nand2         1   7.0     0    61    2204    (-,-) 
  P16/csa_tree_add_33_32_groupi/g5801/z (u)     in_0->z F     unmapped_nand2         4  28.0     0   100    2304    (-,-) 
  P16/csa_tree_add_33_32_groupi/g5791/z (u)     in_0->z R     unmapped_complex2      1   7.0     0    61    2365    (-,-) 
  P16/csa_tree_add_33_32_groupi/g5783/z (u)     in_0->z F     unmapped_complex2      3  21.0     0    90    2455    (-,-) 
  P16/csa_tree_add_33_32_groupi/g5767/z (u)     in_1->z R     unmapped_nand2         1   7.0     0    61    2516    (-,-) 
  P16/csa_tree_add_33_32_groupi/g5765/z (u)     in_1->z F     unmapped_nand2         3  21.0     0    90    2606    (-,-) 
  P16/csa_tree_add_33_32_groupi/g5755/z (u)     in_0->z R     unmapped_nand2         1   7.0     0    61    2666    (-,-) 
  P16/csa_tree_add_33_32_groupi/g5753/z (u)     in_0->z F     unmapped_nand2         4  28.0     0   100    2766    (-,-) 
  P16/csa_tree_add_33_32_groupi/g5752/z (u)     in_0->z R     unmapped_complex2      1   7.0     0    61    2827    (-,-) 
  P16/csa_tree_add_33_32_groupi/g5746/z (u)     in_0->z F     unmapped_complex2      3  21.0     0    90    2917    (-,-) 
  P16/csa_tree_add_33_32_groupi/g5740/z (u)     in_1->z R     unmapped_nand2         1   7.0     0    61    2978    (-,-) 
  P16/csa_tree_add_33_32_groupi/g5736/z (u)     in_1->z F     unmapped_nand2         3  21.0     0    90    3068    (-,-) 
  P16/csa_tree_add_33_32_groupi/g5732/z (u)     in_0->z R     unmapped_nand2         1   7.0     0    61    3129    (-,-) 
  P16/csa_tree_add_33_32_groupi/g5731/z (u)     in_0->z F     unmapped_nand2         7  49.0     0   126    3255    (-,-) 
  P16/csa_tree_add_33_32_groupi/g5724/z (u)     in_0->z R     unmapped_complex2      2  14.0     0    77    3332    (-,-) 
  P16/csa_tree_add_33_32_groupi/g5722/z (u)     in_0->z R     unmapped_or2           1   7.0     0    61    3393    (-,-) 
  P16/csa_tree_add_33_32_groupi/g5715/z (u)     in_0->z F     unmapped_nand2         1   7.0     0    61    3454    (-,-) 
  P16/csa_tree_add_33_32_groupi/g5687/z (u)     in_0->z F     unmapped_complex2      1   7.0     0    61    3515    (-,-) 
  P16/csa_tree_add_33_32_groupi/g5683/z (u)     in_1->z R     unmapped_nand2         1   7.0     0    61    3576    (-,-) 
  P16/csa_tree_add_33_32_groupi/g5661/z (u)     in_0->z F     unmapped_complex2      2  14.0     0    77    3653    (-,-) 
  P16/csa_tree_add_33_32_groupi/g5649/z (u)     in_0->z F     unmapped_or2           1   7.0     0    61    3714    (-,-) 
  P16/csa_tree_add_33_32_groupi/g5650/z (u)     in_1->z R     unmapped_nand2         1   7.0     0    61    3775    (-,-) 
  P16/result_reg[30]/d                  -       -       R     unmapped_d_flop        1     -     -     0    3775    (-,-) 
#-------------------------------------------------------------------------------------------------------------------------

(u) : Net has unmapped pin(s).



Path 42: MET (8958 ps) Setup Check with Pin P15/result_reg[30]/clk->d
          Group: C2C
     Startpoint: (R) weight_reg_reg[14][1]/clk
          Clock: (R) clk
       Endpoint: (R) P15/result_reg[30]/d
          Clock: (R) clk

                     Capture       Launch     
        Clock Edge:+   13330            0     
       Src Latency:+       0            0     
       Net Latency:+       0 (I)        0 (I) 
           Arrival:=   13330            0     
                                              
             Setup:-     298                  
       Uncertainty:-     300                  
     Required Time:=   12732                  
      Launch Clock:-       0                  
         Data Path:-    3775                  
             Slack:=    8958                  

#-------------------------------------------------------------------------------------------------------------------------
#             Timing Point              Flags    Arc    Edge       Cell         Fanout  Load Trans Delay Arrival Instance 
#                                                                                       (fF)  (ps)  (ps)   (ps)  Location 
#-------------------------------------------------------------------------------------------------------------------------
  weight_reg_reg[14][1]/clk             -       -       R     (arrival)           1910     -   200     0       0    (-,-) 
  weight_reg_reg[14][1]/q               (u)     clk->q  R     unmapped_d_flop       42  49.0     0   616     616    (-,-) 
  P15/csa_tree_add_33_32_groupi/g8065/z (u)     in_1->z F     unmapped_complex2      1   7.0     0    61     677    (-,-) 
  P15/csa_tree_add_33_32_groupi/g8066/z (u)     in_1->z R     unmapped_nand2        19 133.0     0   188     865    (-,-) 
  P15/csa_tree_add_33_32_groupi/g7449/z (u)     in_1->z F     unmapped_nand2         4  28.0     0   100     965    (-,-) 
  P15/csa_tree_add_33_32_groupi/g7303/z (u)     in_1->z F     unmapped_or2           1   7.0     0    61    1026    (-,-) 
  P15/csa_tree_add_33_32_groupi/g7304/z (u)     in_1->z R     unmapped_nand2         2  14.0     0    77    1103    (-,-) 
  P15/csa_tree_add_33_32_groupi/g7161/z (u)     in_1->z R     unmapped_complex2      1   7.0     0    61    1164    (-,-) 
  P15/csa_tree_add_33_32_groupi/g7162/z (u)     in_1->z F     unmapped_nand2         2  14.0     0    77    1241    (-,-) 
  P15/csa_tree_add_33_32_groupi/g6990/z (u)     in_0->z F     unmapped_complex2      2  14.0     0    77    1318    (-,-) 
  P15/csa_tree_add_33_32_groupi/g6584/z (u)     in_1->z R     unmapped_nand2         1   7.0     0    61    1379    (-,-) 
  P15/csa_tree_add_33_32_groupi/g6532/z (u)     in_1->z F     unmapped_nand2         3  21.0     0    90    1469    (-,-) 
  P15/csa_tree_add_33_32_groupi/g6311/z (u)     in_1->z R     unmapped_nand2         1   7.0     0    61    1530    (-,-) 
  P15/csa_tree_add_33_32_groupi/g6229/z (u)     in_0->z F     unmapped_nand2         3  21.0     0    90    1620    (-,-) 
  P15/csa_tree_add_33_32_groupi/g6162/z (u)     in_1->z R     unmapped_nand2         1   7.0     0    61    1680    (-,-) 
  P15/csa_tree_add_33_32_groupi/g6027/z (u)     in_1->z F     unmapped_nand2         4  28.0     0   100    1780    (-,-) 
  P15/csa_tree_add_33_32_groupi/g6012/z (u)     in_0->z F     unmapped_or2           1   7.0     0    61    1841    (-,-) 
  P15/csa_tree_add_33_32_groupi/g5948/z (u)     in_1->z R     unmapped_nand2         1   7.0     0    61    1902    (-,-) 
  P15/csa_tree_add_33_32_groupi/g5871/z (u)     in_1->z F     unmapped_nand2         3  21.0     0    90    1992    (-,-) 
  P15/csa_tree_add_33_32_groupi/g5863/z (u)     in_1->z R     unmapped_nand2         1   7.0     0    61    2053    (-,-) 
  P15/csa_tree_add_33_32_groupi/g5822/z (u)     in_0->z F     unmapped_nand2         3  21.0     0    90    2143    (-,-) 
  P15/csa_tree_add_33_32_groupi/g5807/z (u)     in_1->z R     unmapped_nand2         1   7.0     0    61    2204    (-,-) 
  P15/csa_tree_add_33_32_groupi/g5801/z (u)     in_0->z F     unmapped_nand2         4  28.0     0   100    2304    (-,-) 
  P15/csa_tree_add_33_32_groupi/g5791/z (u)     in_0->z R     unmapped_complex2      1   7.0     0    61    2365    (-,-) 
  P15/csa_tree_add_33_32_groupi/g5783/z (u)     in_0->z F     unmapped_complex2      3  21.0     0    90    2455    (-,-) 
  P15/csa_tree_add_33_32_groupi/g5767/z (u)     in_1->z R     unmapped_nand2         1   7.0     0    61    2516    (-,-) 
  P15/csa_tree_add_33_32_groupi/g5765/z (u)     in_1->z F     unmapped_nand2         3  21.0     0    90    2606    (-,-) 
  P15/csa_tree_add_33_32_groupi/g5755/z (u)     in_0->z R     unmapped_nand2         1   7.0     0    61    2666    (-,-) 
  P15/csa_tree_add_33_32_groupi/g5753/z (u)     in_0->z F     unmapped_nand2         4  28.0     0   100    2766    (-,-) 
  P15/csa_tree_add_33_32_groupi/g5752/z (u)     in_0->z R     unmapped_complex2      1   7.0     0    61    2827    (-,-) 
  P15/csa_tree_add_33_32_groupi/g5746/z (u)     in_0->z F     unmapped_complex2      3  21.0     0    90    2917    (-,-) 
  P15/csa_tree_add_33_32_groupi/g5740/z (u)     in_1->z R     unmapped_nand2         1   7.0     0    61    2978    (-,-) 
  P15/csa_tree_add_33_32_groupi/g5736/z (u)     in_1->z F     unmapped_nand2         3  21.0     0    90    3068    (-,-) 
  P15/csa_tree_add_33_32_groupi/g5732/z (u)     in_0->z R     unmapped_nand2         1   7.0     0    61    3129    (-,-) 
  P15/csa_tree_add_33_32_groupi/g5731/z (u)     in_0->z F     unmapped_nand2         7  49.0     0   126    3255    (-,-) 
  P15/csa_tree_add_33_32_groupi/g5724/z (u)     in_0->z R     unmapped_complex2      2  14.0     0    77    3332    (-,-) 
  P15/csa_tree_add_33_32_groupi/g5722/z (u)     in_0->z R     unmapped_or2           1   7.0     0    61    3393    (-,-) 
  P15/csa_tree_add_33_32_groupi/g5715/z (u)     in_0->z F     unmapped_nand2         1   7.0     0    61    3454    (-,-) 
  P15/csa_tree_add_33_32_groupi/g5687/z (u)     in_0->z F     unmapped_complex2      1   7.0     0    61    3515    (-,-) 
  P15/csa_tree_add_33_32_groupi/g5683/z (u)     in_1->z R     unmapped_nand2         1   7.0     0    61    3576    (-,-) 
  P15/csa_tree_add_33_32_groupi/g5661/z (u)     in_0->z F     unmapped_complex2      2  14.0     0    77    3653    (-,-) 
  P15/csa_tree_add_33_32_groupi/g5649/z (u)     in_0->z F     unmapped_or2           1   7.0     0    61    3714    (-,-) 
  P15/csa_tree_add_33_32_groupi/g5650/z (u)     in_1->z R     unmapped_nand2         1   7.0     0    61    3775    (-,-) 
  P15/result_reg[30]/d                  -       -       R     unmapped_d_flop        1     -     -     0    3775    (-,-) 
#-------------------------------------------------------------------------------------------------------------------------

(u) : Net has unmapped pin(s).



Path 43: MET (8958 ps) Setup Check with Pin P14/result_reg[30]/clk->d
          Group: C2C
     Startpoint: (R) weight_reg_reg[13][1]/clk
          Clock: (R) clk
       Endpoint: (R) P14/result_reg[30]/d
          Clock: (R) clk

                     Capture       Launch     
        Clock Edge:+   13330            0     
       Src Latency:+       0            0     
       Net Latency:+       0 (I)        0 (I) 
           Arrival:=   13330            0     
                                              
             Setup:-     298                  
       Uncertainty:-     300                  
     Required Time:=   12732                  
      Launch Clock:-       0                  
         Data Path:-    3775                  
             Slack:=    8958                  

#-------------------------------------------------------------------------------------------------------------------------
#             Timing Point              Flags    Arc    Edge       Cell         Fanout  Load Trans Delay Arrival Instance 
#                                                                                       (fF)  (ps)  (ps)   (ps)  Location 
#-------------------------------------------------------------------------------------------------------------------------
  weight_reg_reg[13][1]/clk             -       -       R     (arrival)           1910     -   200     0       0    (-,-) 
  weight_reg_reg[13][1]/q               (u)     clk->q  R     unmapped_d_flop       42  49.0     0   616     616    (-,-) 
  P14/csa_tree_add_33_32_groupi/g8065/z (u)     in_1->z F     unmapped_complex2      1   7.0     0    61     677    (-,-) 
  P14/csa_tree_add_33_32_groupi/g8066/z (u)     in_1->z R     unmapped_nand2        19 133.0     0   188     865    (-,-) 
  P14/csa_tree_add_33_32_groupi/g7449/z (u)     in_1->z F     unmapped_nand2         4  28.0     0   100     965    (-,-) 
  P14/csa_tree_add_33_32_groupi/g7303/z (u)     in_1->z F     unmapped_or2           1   7.0     0    61    1026    (-,-) 
  P14/csa_tree_add_33_32_groupi/g7304/z (u)     in_1->z R     unmapped_nand2         2  14.0     0    77    1103    (-,-) 
  P14/csa_tree_add_33_32_groupi/g7161/z (u)     in_1->z R     unmapped_complex2      1   7.0     0    61    1164    (-,-) 
  P14/csa_tree_add_33_32_groupi/g7162/z (u)     in_1->z F     unmapped_nand2         2  14.0     0    77    1241    (-,-) 
  P14/csa_tree_add_33_32_groupi/g6990/z (u)     in_0->z F     unmapped_complex2      2  14.0     0    77    1318    (-,-) 
  P14/csa_tree_add_33_32_groupi/g6584/z (u)     in_1->z R     unmapped_nand2         1   7.0     0    61    1379    (-,-) 
  P14/csa_tree_add_33_32_groupi/g6532/z (u)     in_1->z F     unmapped_nand2         3  21.0     0    90    1469    (-,-) 
  P14/csa_tree_add_33_32_groupi/g6311/z (u)     in_1->z R     unmapped_nand2         1   7.0     0    61    1530    (-,-) 
  P14/csa_tree_add_33_32_groupi/g6229/z (u)     in_0->z F     unmapped_nand2         3  21.0     0    90    1620    (-,-) 
  P14/csa_tree_add_33_32_groupi/g6162/z (u)     in_1->z R     unmapped_nand2         1   7.0     0    61    1680    (-,-) 
  P14/csa_tree_add_33_32_groupi/g6027/z (u)     in_1->z F     unmapped_nand2         4  28.0     0   100    1780    (-,-) 
  P14/csa_tree_add_33_32_groupi/g6012/z (u)     in_0->z F     unmapped_or2           1   7.0     0    61    1841    (-,-) 
  P14/csa_tree_add_33_32_groupi/g5948/z (u)     in_1->z R     unmapped_nand2         1   7.0     0    61    1902    (-,-) 
  P14/csa_tree_add_33_32_groupi/g5871/z (u)     in_1->z F     unmapped_nand2         3  21.0     0    90    1992    (-,-) 
  P14/csa_tree_add_33_32_groupi/g5863/z (u)     in_1->z R     unmapped_nand2         1   7.0     0    61    2053    (-,-) 
  P14/csa_tree_add_33_32_groupi/g5822/z (u)     in_0->z F     unmapped_nand2         3  21.0     0    90    2143    (-,-) 
  P14/csa_tree_add_33_32_groupi/g5807/z (u)     in_1->z R     unmapped_nand2         1   7.0     0    61    2204    (-,-) 
  P14/csa_tree_add_33_32_groupi/g5801/z (u)     in_0->z F     unmapped_nand2         4  28.0     0   100    2304    (-,-) 
  P14/csa_tree_add_33_32_groupi/g5791/z (u)     in_0->z R     unmapped_complex2      1   7.0     0    61    2365    (-,-) 
  P14/csa_tree_add_33_32_groupi/g5783/z (u)     in_0->z F     unmapped_complex2      3  21.0     0    90    2455    (-,-) 
  P14/csa_tree_add_33_32_groupi/g5767/z (u)     in_1->z R     unmapped_nand2         1   7.0     0    61    2516    (-,-) 
  P14/csa_tree_add_33_32_groupi/g5765/z (u)     in_1->z F     unmapped_nand2         3  21.0     0    90    2606    (-,-) 
  P14/csa_tree_add_33_32_groupi/g5755/z (u)     in_0->z R     unmapped_nand2         1   7.0     0    61    2666    (-,-) 
  P14/csa_tree_add_33_32_groupi/g5753/z (u)     in_0->z F     unmapped_nand2         4  28.0     0   100    2766    (-,-) 
  P14/csa_tree_add_33_32_groupi/g5752/z (u)     in_0->z R     unmapped_complex2      1   7.0     0    61    2827    (-,-) 
  P14/csa_tree_add_33_32_groupi/g5746/z (u)     in_0->z F     unmapped_complex2      3  21.0     0    90    2917    (-,-) 
  P14/csa_tree_add_33_32_groupi/g5740/z (u)     in_1->z R     unmapped_nand2         1   7.0     0    61    2978    (-,-) 
  P14/csa_tree_add_33_32_groupi/g5736/z (u)     in_1->z F     unmapped_nand2         3  21.0     0    90    3068    (-,-) 
  P14/csa_tree_add_33_32_groupi/g5732/z (u)     in_0->z R     unmapped_nand2         1   7.0     0    61    3129    (-,-) 
  P14/csa_tree_add_33_32_groupi/g5731/z (u)     in_0->z F     unmapped_nand2         7  49.0     0   126    3255    (-,-) 
  P14/csa_tree_add_33_32_groupi/g5724/z (u)     in_0->z R     unmapped_complex2      2  14.0     0    77    3332    (-,-) 
  P14/csa_tree_add_33_32_groupi/g5722/z (u)     in_0->z R     unmapped_or2           1   7.0     0    61    3393    (-,-) 
  P14/csa_tree_add_33_32_groupi/g5715/z (u)     in_0->z F     unmapped_nand2         1   7.0     0    61    3454    (-,-) 
  P14/csa_tree_add_33_32_groupi/g5687/z (u)     in_0->z F     unmapped_complex2      1   7.0     0    61    3515    (-,-) 
  P14/csa_tree_add_33_32_groupi/g5683/z (u)     in_1->z R     unmapped_nand2         1   7.0     0    61    3576    (-,-) 
  P14/csa_tree_add_33_32_groupi/g5661/z (u)     in_0->z F     unmapped_complex2      2  14.0     0    77    3653    (-,-) 
  P14/csa_tree_add_33_32_groupi/g5649/z (u)     in_0->z F     unmapped_or2           1   7.0     0    61    3714    (-,-) 
  P14/csa_tree_add_33_32_groupi/g5650/z (u)     in_1->z R     unmapped_nand2         1   7.0     0    61    3775    (-,-) 
  P14/result_reg[30]/d                  -       -       R     unmapped_d_flop        1     -     -     0    3775    (-,-) 
#-------------------------------------------------------------------------------------------------------------------------

(u) : Net has unmapped pin(s).



Path 44: MET (8958 ps) Setup Check with Pin P13/result_reg[30]/clk->d
          Group: C2C
     Startpoint: (R) weight_reg_reg[12][1]/clk
          Clock: (R) clk
       Endpoint: (R) P13/result_reg[30]/d
          Clock: (R) clk

                     Capture       Launch     
        Clock Edge:+   13330            0     
       Src Latency:+       0            0     
       Net Latency:+       0 (I)        0 (I) 
           Arrival:=   13330            0     
                                              
             Setup:-     298                  
       Uncertainty:-     300                  
     Required Time:=   12732                  
      Launch Clock:-       0                  
         Data Path:-    3775                  
             Slack:=    8958                  

#-------------------------------------------------------------------------------------------------------------------------
#             Timing Point              Flags    Arc    Edge       Cell         Fanout  Load Trans Delay Arrival Instance 
#                                                                                       (fF)  (ps)  (ps)   (ps)  Location 
#-------------------------------------------------------------------------------------------------------------------------
  weight_reg_reg[12][1]/clk             -       -       R     (arrival)           1910     -   200     0       0    (-,-) 
  weight_reg_reg[12][1]/q               (u)     clk->q  R     unmapped_d_flop       42  49.0     0   616     616    (-,-) 
  P13/csa_tree_add_33_32_groupi/g8065/z (u)     in_1->z F     unmapped_complex2      1   7.0     0    61     677    (-,-) 
  P13/csa_tree_add_33_32_groupi/g8066/z (u)     in_1->z R     unmapped_nand2        19 133.0     0   188     865    (-,-) 
  P13/csa_tree_add_33_32_groupi/g7449/z (u)     in_1->z F     unmapped_nand2         4  28.0     0   100     965    (-,-) 
  P13/csa_tree_add_33_32_groupi/g7303/z (u)     in_1->z F     unmapped_or2           1   7.0     0    61    1026    (-,-) 
  P13/csa_tree_add_33_32_groupi/g7304/z (u)     in_1->z R     unmapped_nand2         2  14.0     0    77    1103    (-,-) 
  P13/csa_tree_add_33_32_groupi/g7161/z (u)     in_1->z R     unmapped_complex2      1   7.0     0    61    1164    (-,-) 
  P13/csa_tree_add_33_32_groupi/g7162/z (u)     in_1->z F     unmapped_nand2         2  14.0     0    77    1241    (-,-) 
  P13/csa_tree_add_33_32_groupi/g6990/z (u)     in_0->z F     unmapped_complex2      2  14.0     0    77    1318    (-,-) 
  P13/csa_tree_add_33_32_groupi/g6584/z (u)     in_1->z R     unmapped_nand2         1   7.0     0    61    1379    (-,-) 
  P13/csa_tree_add_33_32_groupi/g6532/z (u)     in_1->z F     unmapped_nand2         3  21.0     0    90    1469    (-,-) 
  P13/csa_tree_add_33_32_groupi/g6311/z (u)     in_1->z R     unmapped_nand2         1   7.0     0    61    1530    (-,-) 
  P13/csa_tree_add_33_32_groupi/g6229/z (u)     in_0->z F     unmapped_nand2         3  21.0     0    90    1620    (-,-) 
  P13/csa_tree_add_33_32_groupi/g6162/z (u)     in_1->z R     unmapped_nand2         1   7.0     0    61    1680    (-,-) 
  P13/csa_tree_add_33_32_groupi/g6027/z (u)     in_1->z F     unmapped_nand2         4  28.0     0   100    1780    (-,-) 
  P13/csa_tree_add_33_32_groupi/g6012/z (u)     in_0->z F     unmapped_or2           1   7.0     0    61    1841    (-,-) 
  P13/csa_tree_add_33_32_groupi/g5948/z (u)     in_1->z R     unmapped_nand2         1   7.0     0    61    1902    (-,-) 
  P13/csa_tree_add_33_32_groupi/g5871/z (u)     in_1->z F     unmapped_nand2         3  21.0     0    90    1992    (-,-) 
  P13/csa_tree_add_33_32_groupi/g5863/z (u)     in_1->z R     unmapped_nand2         1   7.0     0    61    2053    (-,-) 
  P13/csa_tree_add_33_32_groupi/g5822/z (u)     in_0->z F     unmapped_nand2         3  21.0     0    90    2143    (-,-) 
  P13/csa_tree_add_33_32_groupi/g5807/z (u)     in_1->z R     unmapped_nand2         1   7.0     0    61    2204    (-,-) 
  P13/csa_tree_add_33_32_groupi/g5801/z (u)     in_0->z F     unmapped_nand2         4  28.0     0   100    2304    (-,-) 
  P13/csa_tree_add_33_32_groupi/g5791/z (u)     in_0->z R     unmapped_complex2      1   7.0     0    61    2365    (-,-) 
  P13/csa_tree_add_33_32_groupi/g5783/z (u)     in_0->z F     unmapped_complex2      3  21.0     0    90    2455    (-,-) 
  P13/csa_tree_add_33_32_groupi/g5767/z (u)     in_1->z R     unmapped_nand2         1   7.0     0    61    2516    (-,-) 
  P13/csa_tree_add_33_32_groupi/g5765/z (u)     in_1->z F     unmapped_nand2         3  21.0     0    90    2606    (-,-) 
  P13/csa_tree_add_33_32_groupi/g5755/z (u)     in_0->z R     unmapped_nand2         1   7.0     0    61    2666    (-,-) 
  P13/csa_tree_add_33_32_groupi/g5753/z (u)     in_0->z F     unmapped_nand2         4  28.0     0   100    2766    (-,-) 
  P13/csa_tree_add_33_32_groupi/g5752/z (u)     in_0->z R     unmapped_complex2      1   7.0     0    61    2827    (-,-) 
  P13/csa_tree_add_33_32_groupi/g5746/z (u)     in_0->z F     unmapped_complex2      3  21.0     0    90    2917    (-,-) 
  P13/csa_tree_add_33_32_groupi/g5740/z (u)     in_1->z R     unmapped_nand2         1   7.0     0    61    2978    (-,-) 
  P13/csa_tree_add_33_32_groupi/g5736/z (u)     in_1->z F     unmapped_nand2         3  21.0     0    90    3068    (-,-) 
  P13/csa_tree_add_33_32_groupi/g5732/z (u)     in_0->z R     unmapped_nand2         1   7.0     0    61    3129    (-,-) 
  P13/csa_tree_add_33_32_groupi/g5731/z (u)     in_0->z F     unmapped_nand2         7  49.0     0   126    3255    (-,-) 
  P13/csa_tree_add_33_32_groupi/g5724/z (u)     in_0->z R     unmapped_complex2      2  14.0     0    77    3332    (-,-) 
  P13/csa_tree_add_33_32_groupi/g5722/z (u)     in_0->z R     unmapped_or2           1   7.0     0    61    3393    (-,-) 
  P13/csa_tree_add_33_32_groupi/g5715/z (u)     in_0->z F     unmapped_nand2         1   7.0     0    61    3454    (-,-) 
  P13/csa_tree_add_33_32_groupi/g5687/z (u)     in_0->z F     unmapped_complex2      1   7.0     0    61    3515    (-,-) 
  P13/csa_tree_add_33_32_groupi/g5683/z (u)     in_1->z R     unmapped_nand2         1   7.0     0    61    3576    (-,-) 
  P13/csa_tree_add_33_32_groupi/g5661/z (u)     in_0->z F     unmapped_complex2      2  14.0     0    77    3653    (-,-) 
  P13/csa_tree_add_33_32_groupi/g5649/z (u)     in_0->z F     unmapped_or2           1   7.0     0    61    3714    (-,-) 
  P13/csa_tree_add_33_32_groupi/g5650/z (u)     in_1->z R     unmapped_nand2         1   7.0     0    61    3775    (-,-) 
  P13/result_reg[30]/d                  -       -       R     unmapped_d_flop        1     -     -     0    3775    (-,-) 
#-------------------------------------------------------------------------------------------------------------------------

(u) : Net has unmapped pin(s).



Path 45: MET (8958 ps) Setup Check with Pin P12/result_reg[30]/clk->d
          Group: C2C
     Startpoint: (R) weight_reg_reg[11][1]/clk
          Clock: (R) clk
       Endpoint: (R) P12/result_reg[30]/d
          Clock: (R) clk

                     Capture       Launch     
        Clock Edge:+   13330            0     
       Src Latency:+       0            0     
       Net Latency:+       0 (I)        0 (I) 
           Arrival:=   13330            0     
                                              
             Setup:-     298                  
       Uncertainty:-     300                  
     Required Time:=   12732                  
      Launch Clock:-       0                  
         Data Path:-    3775                  
             Slack:=    8958                  

#-------------------------------------------------------------------------------------------------------------------------
#             Timing Point              Flags    Arc    Edge       Cell         Fanout  Load Trans Delay Arrival Instance 
#                                                                                       (fF)  (ps)  (ps)   (ps)  Location 
#-------------------------------------------------------------------------------------------------------------------------
  weight_reg_reg[11][1]/clk             -       -       R     (arrival)           1910     -   200     0       0    (-,-) 
  weight_reg_reg[11][1]/q               (u)     clk->q  R     unmapped_d_flop       42  49.0     0   616     616    (-,-) 
  P12/csa_tree_add_33_32_groupi/g8065/z (u)     in_1->z F     unmapped_complex2      1   7.0     0    61     677    (-,-) 
  P12/csa_tree_add_33_32_groupi/g8066/z (u)     in_1->z R     unmapped_nand2        19 133.0     0   188     865    (-,-) 
  P12/csa_tree_add_33_32_groupi/g7449/z (u)     in_1->z F     unmapped_nand2         4  28.0     0   100     965    (-,-) 
  P12/csa_tree_add_33_32_groupi/g7303/z (u)     in_1->z F     unmapped_or2           1   7.0     0    61    1026    (-,-) 
  P12/csa_tree_add_33_32_groupi/g7304/z (u)     in_1->z R     unmapped_nand2         2  14.0     0    77    1103    (-,-) 
  P12/csa_tree_add_33_32_groupi/g7161/z (u)     in_1->z R     unmapped_complex2      1   7.0     0    61    1164    (-,-) 
  P12/csa_tree_add_33_32_groupi/g7162/z (u)     in_1->z F     unmapped_nand2         2  14.0     0    77    1241    (-,-) 
  P12/csa_tree_add_33_32_groupi/g6990/z (u)     in_0->z F     unmapped_complex2      2  14.0     0    77    1318    (-,-) 
  P12/csa_tree_add_33_32_groupi/g6584/z (u)     in_1->z R     unmapped_nand2         1   7.0     0    61    1379    (-,-) 
  P12/csa_tree_add_33_32_groupi/g6532/z (u)     in_1->z F     unmapped_nand2         3  21.0     0    90    1469    (-,-) 
  P12/csa_tree_add_33_32_groupi/g6311/z (u)     in_1->z R     unmapped_nand2         1   7.0     0    61    1530    (-,-) 
  P12/csa_tree_add_33_32_groupi/g6229/z (u)     in_0->z F     unmapped_nand2         3  21.0     0    90    1620    (-,-) 
  P12/csa_tree_add_33_32_groupi/g6162/z (u)     in_1->z R     unmapped_nand2         1   7.0     0    61    1680    (-,-) 
  P12/csa_tree_add_33_32_groupi/g6027/z (u)     in_1->z F     unmapped_nand2         4  28.0     0   100    1780    (-,-) 
  P12/csa_tree_add_33_32_groupi/g6012/z (u)     in_0->z F     unmapped_or2           1   7.0     0    61    1841    (-,-) 
  P12/csa_tree_add_33_32_groupi/g5948/z (u)     in_1->z R     unmapped_nand2         1   7.0     0    61    1902    (-,-) 
  P12/csa_tree_add_33_32_groupi/g5871/z (u)     in_1->z F     unmapped_nand2         3  21.0     0    90    1992    (-,-) 
  P12/csa_tree_add_33_32_groupi/g5863/z (u)     in_1->z R     unmapped_nand2         1   7.0     0    61    2053    (-,-) 
  P12/csa_tree_add_33_32_groupi/g5822/z (u)     in_0->z F     unmapped_nand2         3  21.0     0    90    2143    (-,-) 
  P12/csa_tree_add_33_32_groupi/g5807/z (u)     in_1->z R     unmapped_nand2         1   7.0     0    61    2204    (-,-) 
  P12/csa_tree_add_33_32_groupi/g5801/z (u)     in_0->z F     unmapped_nand2         4  28.0     0   100    2304    (-,-) 
  P12/csa_tree_add_33_32_groupi/g5791/z (u)     in_0->z R     unmapped_complex2      1   7.0     0    61    2365    (-,-) 
  P12/csa_tree_add_33_32_groupi/g5783/z (u)     in_0->z F     unmapped_complex2      3  21.0     0    90    2455    (-,-) 
  P12/csa_tree_add_33_32_groupi/g5767/z (u)     in_1->z R     unmapped_nand2         1   7.0     0    61    2516    (-,-) 
  P12/csa_tree_add_33_32_groupi/g5765/z (u)     in_1->z F     unmapped_nand2         3  21.0     0    90    2606    (-,-) 
  P12/csa_tree_add_33_32_groupi/g5755/z (u)     in_0->z R     unmapped_nand2         1   7.0     0    61    2666    (-,-) 
  P12/csa_tree_add_33_32_groupi/g5753/z (u)     in_0->z F     unmapped_nand2         4  28.0     0   100    2766    (-,-) 
  P12/csa_tree_add_33_32_groupi/g5752/z (u)     in_0->z R     unmapped_complex2      1   7.0     0    61    2827    (-,-) 
  P12/csa_tree_add_33_32_groupi/g5746/z (u)     in_0->z F     unmapped_complex2      3  21.0     0    90    2917    (-,-) 
  P12/csa_tree_add_33_32_groupi/g5740/z (u)     in_1->z R     unmapped_nand2         1   7.0     0    61    2978    (-,-) 
  P12/csa_tree_add_33_32_groupi/g5736/z (u)     in_1->z F     unmapped_nand2         3  21.0     0    90    3068    (-,-) 
  P12/csa_tree_add_33_32_groupi/g5732/z (u)     in_0->z R     unmapped_nand2         1   7.0     0    61    3129    (-,-) 
  P12/csa_tree_add_33_32_groupi/g5731/z (u)     in_0->z F     unmapped_nand2         7  49.0     0   126    3255    (-,-) 
  P12/csa_tree_add_33_32_groupi/g5724/z (u)     in_0->z R     unmapped_complex2      2  14.0     0    77    3332    (-,-) 
  P12/csa_tree_add_33_32_groupi/g5722/z (u)     in_0->z R     unmapped_or2           1   7.0     0    61    3393    (-,-) 
  P12/csa_tree_add_33_32_groupi/g5715/z (u)     in_0->z F     unmapped_nand2         1   7.0     0    61    3454    (-,-) 
  P12/csa_tree_add_33_32_groupi/g5687/z (u)     in_0->z F     unmapped_complex2      1   7.0     0    61    3515    (-,-) 
  P12/csa_tree_add_33_32_groupi/g5683/z (u)     in_1->z R     unmapped_nand2         1   7.0     0    61    3576    (-,-) 
  P12/csa_tree_add_33_32_groupi/g5661/z (u)     in_0->z F     unmapped_complex2      2  14.0     0    77    3653    (-,-) 
  P12/csa_tree_add_33_32_groupi/g5649/z (u)     in_0->z F     unmapped_or2           1   7.0     0    61    3714    (-,-) 
  P12/csa_tree_add_33_32_groupi/g5650/z (u)     in_1->z R     unmapped_nand2         1   7.0     0    61    3775    (-,-) 
  P12/result_reg[30]/d                  -       -       R     unmapped_d_flop        1     -     -     0    3775    (-,-) 
#-------------------------------------------------------------------------------------------------------------------------

(u) : Net has unmapped pin(s).



Path 46: MET (8958 ps) Setup Check with Pin P11/result_reg[30]/clk->d
          Group: C2C
     Startpoint: (R) weight_reg_reg[10][1]/clk
          Clock: (R) clk
       Endpoint: (R) P11/result_reg[30]/d
          Clock: (R) clk

                     Capture       Launch     
        Clock Edge:+   13330            0     
       Src Latency:+       0            0     
       Net Latency:+       0 (I)        0 (I) 
           Arrival:=   13330            0     
                                              
             Setup:-     298                  
       Uncertainty:-     300                  
     Required Time:=   12732                  
      Launch Clock:-       0                  
         Data Path:-    3775                  
             Slack:=    8958                  

#-------------------------------------------------------------------------------------------------------------------------
#             Timing Point              Flags    Arc    Edge       Cell         Fanout  Load Trans Delay Arrival Instance 
#                                                                                       (fF)  (ps)  (ps)   (ps)  Location 
#-------------------------------------------------------------------------------------------------------------------------
  weight_reg_reg[10][1]/clk             -       -       R     (arrival)           1910     -   200     0       0    (-,-) 
  weight_reg_reg[10][1]/q               (u)     clk->q  R     unmapped_d_flop       42  49.0     0   616     616    (-,-) 
  P11/csa_tree_add_33_32_groupi/g8065/z (u)     in_1->z F     unmapped_complex2      1   7.0     0    61     677    (-,-) 
  P11/csa_tree_add_33_32_groupi/g8066/z (u)     in_1->z R     unmapped_nand2        19 133.0     0   188     865    (-,-) 
  P11/csa_tree_add_33_32_groupi/g7449/z (u)     in_1->z F     unmapped_nand2         4  28.0     0   100     965    (-,-) 
  P11/csa_tree_add_33_32_groupi/g7303/z (u)     in_1->z F     unmapped_or2           1   7.0     0    61    1026    (-,-) 
  P11/csa_tree_add_33_32_groupi/g7304/z (u)     in_1->z R     unmapped_nand2         2  14.0     0    77    1103    (-,-) 
  P11/csa_tree_add_33_32_groupi/g7161/z (u)     in_1->z R     unmapped_complex2      1   7.0     0    61    1164    (-,-) 
  P11/csa_tree_add_33_32_groupi/g7162/z (u)     in_1->z F     unmapped_nand2         2  14.0     0    77    1241    (-,-) 
  P11/csa_tree_add_33_32_groupi/g6990/z (u)     in_0->z F     unmapped_complex2      2  14.0     0    77    1318    (-,-) 
  P11/csa_tree_add_33_32_groupi/g6584/z (u)     in_1->z R     unmapped_nand2         1   7.0     0    61    1379    (-,-) 
  P11/csa_tree_add_33_32_groupi/g6532/z (u)     in_1->z F     unmapped_nand2         3  21.0     0    90    1469    (-,-) 
  P11/csa_tree_add_33_32_groupi/g6311/z (u)     in_1->z R     unmapped_nand2         1   7.0     0    61    1530    (-,-) 
  P11/csa_tree_add_33_32_groupi/g6229/z (u)     in_0->z F     unmapped_nand2         3  21.0     0    90    1620    (-,-) 
  P11/csa_tree_add_33_32_groupi/g6162/z (u)     in_1->z R     unmapped_nand2         1   7.0     0    61    1680    (-,-) 
  P11/csa_tree_add_33_32_groupi/g6027/z (u)     in_1->z F     unmapped_nand2         4  28.0     0   100    1780    (-,-) 
  P11/csa_tree_add_33_32_groupi/g6012/z (u)     in_0->z F     unmapped_or2           1   7.0     0    61    1841    (-,-) 
  P11/csa_tree_add_33_32_groupi/g5948/z (u)     in_1->z R     unmapped_nand2         1   7.0     0    61    1902    (-,-) 
  P11/csa_tree_add_33_32_groupi/g5871/z (u)     in_1->z F     unmapped_nand2         3  21.0     0    90    1992    (-,-) 
  P11/csa_tree_add_33_32_groupi/g5863/z (u)     in_1->z R     unmapped_nand2         1   7.0     0    61    2053    (-,-) 
  P11/csa_tree_add_33_32_groupi/g5822/z (u)     in_0->z F     unmapped_nand2         3  21.0     0    90    2143    (-,-) 
  P11/csa_tree_add_33_32_groupi/g5807/z (u)     in_1->z R     unmapped_nand2         1   7.0     0    61    2204    (-,-) 
  P11/csa_tree_add_33_32_groupi/g5801/z (u)     in_0->z F     unmapped_nand2         4  28.0     0   100    2304    (-,-) 
  P11/csa_tree_add_33_32_groupi/g5791/z (u)     in_0->z R     unmapped_complex2      1   7.0     0    61    2365    (-,-) 
  P11/csa_tree_add_33_32_groupi/g5783/z (u)     in_0->z F     unmapped_complex2      3  21.0     0    90    2455    (-,-) 
  P11/csa_tree_add_33_32_groupi/g5767/z (u)     in_1->z R     unmapped_nand2         1   7.0     0    61    2516    (-,-) 
  P11/csa_tree_add_33_32_groupi/g5765/z (u)     in_1->z F     unmapped_nand2         3  21.0     0    90    2606    (-,-) 
  P11/csa_tree_add_33_32_groupi/g5755/z (u)     in_0->z R     unmapped_nand2         1   7.0     0    61    2666    (-,-) 
  P11/csa_tree_add_33_32_groupi/g5753/z (u)     in_0->z F     unmapped_nand2         4  28.0     0   100    2766    (-,-) 
  P11/csa_tree_add_33_32_groupi/g5752/z (u)     in_0->z R     unmapped_complex2      1   7.0     0    61    2827    (-,-) 
  P11/csa_tree_add_33_32_groupi/g5746/z (u)     in_0->z F     unmapped_complex2      3  21.0     0    90    2917    (-,-) 
  P11/csa_tree_add_33_32_groupi/g5740/z (u)     in_1->z R     unmapped_nand2         1   7.0     0    61    2978    (-,-) 
  P11/csa_tree_add_33_32_groupi/g5736/z (u)     in_1->z F     unmapped_nand2         3  21.0     0    90    3068    (-,-) 
  P11/csa_tree_add_33_32_groupi/g5732/z (u)     in_0->z R     unmapped_nand2         1   7.0     0    61    3129    (-,-) 
  P11/csa_tree_add_33_32_groupi/g5731/z (u)     in_0->z F     unmapped_nand2         7  49.0     0   126    3255    (-,-) 
  P11/csa_tree_add_33_32_groupi/g5724/z (u)     in_0->z R     unmapped_complex2      2  14.0     0    77    3332    (-,-) 
  P11/csa_tree_add_33_32_groupi/g5722/z (u)     in_0->z R     unmapped_or2           1   7.0     0    61    3393    (-,-) 
  P11/csa_tree_add_33_32_groupi/g5715/z (u)     in_0->z F     unmapped_nand2         1   7.0     0    61    3454    (-,-) 
  P11/csa_tree_add_33_32_groupi/g5687/z (u)     in_0->z F     unmapped_complex2      1   7.0     0    61    3515    (-,-) 
  P11/csa_tree_add_33_32_groupi/g5683/z (u)     in_1->z R     unmapped_nand2         1   7.0     0    61    3576    (-,-) 
  P11/csa_tree_add_33_32_groupi/g5661/z (u)     in_0->z F     unmapped_complex2      2  14.0     0    77    3653    (-,-) 
  P11/csa_tree_add_33_32_groupi/g5649/z (u)     in_0->z F     unmapped_or2           1   7.0     0    61    3714    (-,-) 
  P11/csa_tree_add_33_32_groupi/g5650/z (u)     in_1->z R     unmapped_nand2         1   7.0     0    61    3775    (-,-) 
  P11/result_reg[30]/d                  -       -       R     unmapped_d_flop        1     -     -     0    3775    (-,-) 
#-------------------------------------------------------------------------------------------------------------------------

(u) : Net has unmapped pin(s).



Path 47: MET (8958 ps) Setup Check with Pin P10/result_reg[30]/clk->d
          Group: C2C
     Startpoint: (R) weight_reg_reg[9][1]/clk
          Clock: (R) clk
       Endpoint: (R) P10/result_reg[30]/d
          Clock: (R) clk

                     Capture       Launch     
        Clock Edge:+   13330            0     
       Src Latency:+       0            0     
       Net Latency:+       0 (I)        0 (I) 
           Arrival:=   13330            0     
                                              
             Setup:-     298                  
       Uncertainty:-     300                  
     Required Time:=   12732                  
      Launch Clock:-       0                  
         Data Path:-    3775                  
             Slack:=    8958                  

#-------------------------------------------------------------------------------------------------------------------------
#             Timing Point              Flags    Arc    Edge       Cell         Fanout  Load Trans Delay Arrival Instance 
#                                                                                       (fF)  (ps)  (ps)   (ps)  Location 
#-------------------------------------------------------------------------------------------------------------------------
  weight_reg_reg[9][1]/clk              -       -       R     (arrival)           1910     -   200     0       0    (-,-) 
  weight_reg_reg[9][1]/q                (u)     clk->q  R     unmapped_d_flop       42  49.0     0   616     616    (-,-) 
  P10/csa_tree_add_33_32_groupi/g8065/z (u)     in_1->z F     unmapped_complex2      1   7.0     0    61     677    (-,-) 
  P10/csa_tree_add_33_32_groupi/g8066/z (u)     in_1->z R     unmapped_nand2        19 133.0     0   188     865    (-,-) 
  P10/csa_tree_add_33_32_groupi/g7449/z (u)     in_1->z F     unmapped_nand2         4  28.0     0   100     965    (-,-) 
  P10/csa_tree_add_33_32_groupi/g7303/z (u)     in_1->z F     unmapped_or2           1   7.0     0    61    1026    (-,-) 
  P10/csa_tree_add_33_32_groupi/g7304/z (u)     in_1->z R     unmapped_nand2         2  14.0     0    77    1103    (-,-) 
  P10/csa_tree_add_33_32_groupi/g7161/z (u)     in_1->z R     unmapped_complex2      1   7.0     0    61    1164    (-,-) 
  P10/csa_tree_add_33_32_groupi/g7162/z (u)     in_1->z F     unmapped_nand2         2  14.0     0    77    1241    (-,-) 
  P10/csa_tree_add_33_32_groupi/g6990/z (u)     in_0->z F     unmapped_complex2      2  14.0     0    77    1318    (-,-) 
  P10/csa_tree_add_33_32_groupi/g6584/z (u)     in_1->z R     unmapped_nand2         1   7.0     0    61    1379    (-,-) 
  P10/csa_tree_add_33_32_groupi/g6532/z (u)     in_1->z F     unmapped_nand2         3  21.0     0    90    1469    (-,-) 
  P10/csa_tree_add_33_32_groupi/g6311/z (u)     in_1->z R     unmapped_nand2         1   7.0     0    61    1530    (-,-) 
  P10/csa_tree_add_33_32_groupi/g6229/z (u)     in_0->z F     unmapped_nand2         3  21.0     0    90    1620    (-,-) 
  P10/csa_tree_add_33_32_groupi/g6162/z (u)     in_1->z R     unmapped_nand2         1   7.0     0    61    1680    (-,-) 
  P10/csa_tree_add_33_32_groupi/g6027/z (u)     in_1->z F     unmapped_nand2         4  28.0     0   100    1780    (-,-) 
  P10/csa_tree_add_33_32_groupi/g6012/z (u)     in_0->z F     unmapped_or2           1   7.0     0    61    1841    (-,-) 
  P10/csa_tree_add_33_32_groupi/g5948/z (u)     in_1->z R     unmapped_nand2         1   7.0     0    61    1902    (-,-) 
  P10/csa_tree_add_33_32_groupi/g5871/z (u)     in_1->z F     unmapped_nand2         3  21.0     0    90    1992    (-,-) 
  P10/csa_tree_add_33_32_groupi/g5863/z (u)     in_1->z R     unmapped_nand2         1   7.0     0    61    2053    (-,-) 
  P10/csa_tree_add_33_32_groupi/g5822/z (u)     in_0->z F     unmapped_nand2         3  21.0     0    90    2143    (-,-) 
  P10/csa_tree_add_33_32_groupi/g5807/z (u)     in_1->z R     unmapped_nand2         1   7.0     0    61    2204    (-,-) 
  P10/csa_tree_add_33_32_groupi/g5801/z (u)     in_0->z F     unmapped_nand2         4  28.0     0   100    2304    (-,-) 
  P10/csa_tree_add_33_32_groupi/g5791/z (u)     in_0->z R     unmapped_complex2      1   7.0     0    61    2365    (-,-) 
  P10/csa_tree_add_33_32_groupi/g5783/z (u)     in_0->z F     unmapped_complex2      3  21.0     0    90    2455    (-,-) 
  P10/csa_tree_add_33_32_groupi/g5767/z (u)     in_1->z R     unmapped_nand2         1   7.0     0    61    2516    (-,-) 
  P10/csa_tree_add_33_32_groupi/g5765/z (u)     in_1->z F     unmapped_nand2         3  21.0     0    90    2606    (-,-) 
  P10/csa_tree_add_33_32_groupi/g5755/z (u)     in_0->z R     unmapped_nand2         1   7.0     0    61    2666    (-,-) 
  P10/csa_tree_add_33_32_groupi/g5753/z (u)     in_0->z F     unmapped_nand2         4  28.0     0   100    2766    (-,-) 
  P10/csa_tree_add_33_32_groupi/g5752/z (u)     in_0->z R     unmapped_complex2      1   7.0     0    61    2827    (-,-) 
  P10/csa_tree_add_33_32_groupi/g5746/z (u)     in_0->z F     unmapped_complex2      3  21.0     0    90    2917    (-,-) 
  P10/csa_tree_add_33_32_groupi/g5740/z (u)     in_1->z R     unmapped_nand2         1   7.0     0    61    2978    (-,-) 
  P10/csa_tree_add_33_32_groupi/g5736/z (u)     in_1->z F     unmapped_nand2         3  21.0     0    90    3068    (-,-) 
  P10/csa_tree_add_33_32_groupi/g5732/z (u)     in_0->z R     unmapped_nand2         1   7.0     0    61    3129    (-,-) 
  P10/csa_tree_add_33_32_groupi/g5731/z (u)     in_0->z F     unmapped_nand2         7  49.0     0   126    3255    (-,-) 
  P10/csa_tree_add_33_32_groupi/g5724/z (u)     in_0->z R     unmapped_complex2      2  14.0     0    77    3332    (-,-) 
  P10/csa_tree_add_33_32_groupi/g5722/z (u)     in_0->z R     unmapped_or2           1   7.0     0    61    3393    (-,-) 
  P10/csa_tree_add_33_32_groupi/g5715/z (u)     in_0->z F     unmapped_nand2         1   7.0     0    61    3454    (-,-) 
  P10/csa_tree_add_33_32_groupi/g5687/z (u)     in_0->z F     unmapped_complex2      1   7.0     0    61    3515    (-,-) 
  P10/csa_tree_add_33_32_groupi/g5683/z (u)     in_1->z R     unmapped_nand2         1   7.0     0    61    3576    (-,-) 
  P10/csa_tree_add_33_32_groupi/g5661/z (u)     in_0->z F     unmapped_complex2      2  14.0     0    77    3653    (-,-) 
  P10/csa_tree_add_33_32_groupi/g5649/z (u)     in_0->z F     unmapped_or2           1   7.0     0    61    3714    (-,-) 
  P10/csa_tree_add_33_32_groupi/g5650/z (u)     in_1->z R     unmapped_nand2         1   7.0     0    61    3775    (-,-) 
  P10/result_reg[30]/d                  -       -       R     unmapped_d_flop        1     -     -     0    3775    (-,-) 
#-------------------------------------------------------------------------------------------------------------------------

(u) : Net has unmapped pin(s).



Path 48: MET (8958 ps) Setup Check with Pin P9/result_reg[30]/clk->d
          Group: C2C
     Startpoint: (R) weight_reg_reg[8][1]/clk
          Clock: (R) clk
       Endpoint: (R) P9/result_reg[30]/d
          Clock: (R) clk

                     Capture       Launch     
        Clock Edge:+   13330            0     
       Src Latency:+       0            0     
       Net Latency:+       0 (I)        0 (I) 
           Arrival:=   13330            0     
                                              
             Setup:-     298                  
       Uncertainty:-     300                  
     Required Time:=   12732                  
      Launch Clock:-       0                  
         Data Path:-    3775                  
             Slack:=    8958                  

#------------------------------------------------------------------------------------------------------------------------
#            Timing Point              Flags    Arc    Edge       Cell         Fanout  Load Trans Delay Arrival Instance 
#                                                                                      (fF)  (ps)  (ps)   (ps)  Location 
#------------------------------------------------------------------------------------------------------------------------
  weight_reg_reg[8][1]/clk             -       -       R     (arrival)           1910     -   200     0       0    (-,-) 
  weight_reg_reg[8][1]/q               (u)     clk->q  R     unmapped_d_flop       42  49.0     0   616     616    (-,-) 
  P9/csa_tree_add_33_32_groupi/g8065/z (u)     in_1->z F     unmapped_complex2      1   7.0     0    61     677    (-,-) 
  P9/csa_tree_add_33_32_groupi/g8066/z (u)     in_1->z R     unmapped_nand2        19 133.0     0   188     865    (-,-) 
  P9/csa_tree_add_33_32_groupi/g7449/z (u)     in_1->z F     unmapped_nand2         4  28.0     0   100     965    (-,-) 
  P9/csa_tree_add_33_32_groupi/g7303/z (u)     in_1->z F     unmapped_or2           1   7.0     0    61    1026    (-,-) 
  P9/csa_tree_add_33_32_groupi/g7304/z (u)     in_1->z R     unmapped_nand2         2  14.0     0    77    1103    (-,-) 
  P9/csa_tree_add_33_32_groupi/g7161/z (u)     in_1->z R     unmapped_complex2      1   7.0     0    61    1164    (-,-) 
  P9/csa_tree_add_33_32_groupi/g7162/z (u)     in_1->z F     unmapped_nand2         2  14.0     0    77    1241    (-,-) 
  P9/csa_tree_add_33_32_groupi/g6990/z (u)     in_0->z F     unmapped_complex2      2  14.0     0    77    1318    (-,-) 
  P9/csa_tree_add_33_32_groupi/g6584/z (u)     in_1->z R     unmapped_nand2         1   7.0     0    61    1379    (-,-) 
  P9/csa_tree_add_33_32_groupi/g6532/z (u)     in_1->z F     unmapped_nand2         3  21.0     0    90    1469    (-,-) 
  P9/csa_tree_add_33_32_groupi/g6311/z (u)     in_1->z R     unmapped_nand2         1   7.0     0    61    1530    (-,-) 
  P9/csa_tree_add_33_32_groupi/g6229/z (u)     in_0->z F     unmapped_nand2         3  21.0     0    90    1620    (-,-) 
  P9/csa_tree_add_33_32_groupi/g6162/z (u)     in_1->z R     unmapped_nand2         1   7.0     0    61    1680    (-,-) 
  P9/csa_tree_add_33_32_groupi/g6027/z (u)     in_1->z F     unmapped_nand2         4  28.0     0   100    1780    (-,-) 
  P9/csa_tree_add_33_32_groupi/g6012/z (u)     in_0->z F     unmapped_or2           1   7.0     0    61    1841    (-,-) 
  P9/csa_tree_add_33_32_groupi/g5948/z (u)     in_1->z R     unmapped_nand2         1   7.0     0    61    1902    (-,-) 
  P9/csa_tree_add_33_32_groupi/g5871/z (u)     in_1->z F     unmapped_nand2         3  21.0     0    90    1992    (-,-) 
  P9/csa_tree_add_33_32_groupi/g5863/z (u)     in_1->z R     unmapped_nand2         1   7.0     0    61    2053    (-,-) 
  P9/csa_tree_add_33_32_groupi/g5822/z (u)     in_0->z F     unmapped_nand2         3  21.0     0    90    2143    (-,-) 
  P9/csa_tree_add_33_32_groupi/g5807/z (u)     in_1->z R     unmapped_nand2         1   7.0     0    61    2204    (-,-) 
  P9/csa_tree_add_33_32_groupi/g5801/z (u)     in_0->z F     unmapped_nand2         4  28.0     0   100    2304    (-,-) 
  P9/csa_tree_add_33_32_groupi/g5791/z (u)     in_0->z R     unmapped_complex2      1   7.0     0    61    2365    (-,-) 
  P9/csa_tree_add_33_32_groupi/g5783/z (u)     in_0->z F     unmapped_complex2      3  21.0     0    90    2455    (-,-) 
  P9/csa_tree_add_33_32_groupi/g5767/z (u)     in_1->z R     unmapped_nand2         1   7.0     0    61    2516    (-,-) 
  P9/csa_tree_add_33_32_groupi/g5765/z (u)     in_1->z F     unmapped_nand2         3  21.0     0    90    2606    (-,-) 
  P9/csa_tree_add_33_32_groupi/g5755/z (u)     in_0->z R     unmapped_nand2         1   7.0     0    61    2666    (-,-) 
  P9/csa_tree_add_33_32_groupi/g5753/z (u)     in_0->z F     unmapped_nand2         4  28.0     0   100    2766    (-,-) 
  P9/csa_tree_add_33_32_groupi/g5752/z (u)     in_0->z R     unmapped_complex2      1   7.0     0    61    2827    (-,-) 
  P9/csa_tree_add_33_32_groupi/g5746/z (u)     in_0->z F     unmapped_complex2      3  21.0     0    90    2917    (-,-) 
  P9/csa_tree_add_33_32_groupi/g5740/z (u)     in_1->z R     unmapped_nand2         1   7.0     0    61    2978    (-,-) 
  P9/csa_tree_add_33_32_groupi/g5736/z (u)     in_1->z F     unmapped_nand2         3  21.0     0    90    3068    (-,-) 
  P9/csa_tree_add_33_32_groupi/g5732/z (u)     in_0->z R     unmapped_nand2         1   7.0     0    61    3129    (-,-) 
  P9/csa_tree_add_33_32_groupi/g5731/z (u)     in_0->z F     unmapped_nand2         7  49.0     0   126    3255    (-,-) 
  P9/csa_tree_add_33_32_groupi/g5724/z (u)     in_0->z R     unmapped_complex2      2  14.0     0    77    3332    (-,-) 
  P9/csa_tree_add_33_32_groupi/g5722/z (u)     in_0->z R     unmapped_or2           1   7.0     0    61    3393    (-,-) 
  P9/csa_tree_add_33_32_groupi/g5715/z (u)     in_0->z F     unmapped_nand2         1   7.0     0    61    3454    (-,-) 
  P9/csa_tree_add_33_32_groupi/g5687/z (u)     in_0->z F     unmapped_complex2      1   7.0     0    61    3515    (-,-) 
  P9/csa_tree_add_33_32_groupi/g5683/z (u)     in_1->z R     unmapped_nand2         1   7.0     0    61    3576    (-,-) 
  P9/csa_tree_add_33_32_groupi/g5661/z (u)     in_0->z F     unmapped_complex2      2  14.0     0    77    3653    (-,-) 
  P9/csa_tree_add_33_32_groupi/g5649/z (u)     in_0->z F     unmapped_or2           1   7.0     0    61    3714    (-,-) 
  P9/csa_tree_add_33_32_groupi/g5650/z (u)     in_1->z R     unmapped_nand2         1   7.0     0    61    3775    (-,-) 
  P9/result_reg[30]/d                  -       -       R     unmapped_d_flop        1     -     -     0    3775    (-,-) 
#------------------------------------------------------------------------------------------------------------------------

(u) : Net has unmapped pin(s).



Path 49: MET (8958 ps) Setup Check with Pin P8/result_reg[30]/clk->d
          Group: C2C
     Startpoint: (R) weight_reg_reg[7][1]/clk
          Clock: (R) clk
       Endpoint: (R) P8/result_reg[30]/d
          Clock: (R) clk

                     Capture       Launch     
        Clock Edge:+   13330            0     
       Src Latency:+       0            0     
       Net Latency:+       0 (I)        0 (I) 
           Arrival:=   13330            0     
                                              
             Setup:-     298                  
       Uncertainty:-     300                  
     Required Time:=   12732                  
      Launch Clock:-       0                  
         Data Path:-    3775                  
             Slack:=    8958                  

#------------------------------------------------------------------------------------------------------------------------
#            Timing Point              Flags    Arc    Edge       Cell         Fanout  Load Trans Delay Arrival Instance 
#                                                                                      (fF)  (ps)  (ps)   (ps)  Location 
#------------------------------------------------------------------------------------------------------------------------
  weight_reg_reg[7][1]/clk             -       -       R     (arrival)           1910     -   200     0       0    (-,-) 
  weight_reg_reg[7][1]/q               (u)     clk->q  R     unmapped_d_flop       42  49.0     0   616     616    (-,-) 
  P8/csa_tree_add_33_32_groupi/g8065/z (u)     in_1->z F     unmapped_complex2      1   7.0     0    61     677    (-,-) 
  P8/csa_tree_add_33_32_groupi/g8066/z (u)     in_1->z R     unmapped_nand2        19 133.0     0   188     865    (-,-) 
  P8/csa_tree_add_33_32_groupi/g7449/z (u)     in_1->z F     unmapped_nand2         4  28.0     0   100     965    (-,-) 
  P8/csa_tree_add_33_32_groupi/g7303/z (u)     in_1->z F     unmapped_or2           1   7.0     0    61    1026    (-,-) 
  P8/csa_tree_add_33_32_groupi/g7304/z (u)     in_1->z R     unmapped_nand2         2  14.0     0    77    1103    (-,-) 
  P8/csa_tree_add_33_32_groupi/g7161/z (u)     in_1->z R     unmapped_complex2      1   7.0     0    61    1164    (-,-) 
  P8/csa_tree_add_33_32_groupi/g7162/z (u)     in_1->z F     unmapped_nand2         2  14.0     0    77    1241    (-,-) 
  P8/csa_tree_add_33_32_groupi/g6990/z (u)     in_0->z F     unmapped_complex2      2  14.0     0    77    1318    (-,-) 
  P8/csa_tree_add_33_32_groupi/g6584/z (u)     in_1->z R     unmapped_nand2         1   7.0     0    61    1379    (-,-) 
  P8/csa_tree_add_33_32_groupi/g6532/z (u)     in_1->z F     unmapped_nand2         3  21.0     0    90    1469    (-,-) 
  P8/csa_tree_add_33_32_groupi/g6311/z (u)     in_1->z R     unmapped_nand2         1   7.0     0    61    1530    (-,-) 
  P8/csa_tree_add_33_32_groupi/g6229/z (u)     in_0->z F     unmapped_nand2         3  21.0     0    90    1620    (-,-) 
  P8/csa_tree_add_33_32_groupi/g6162/z (u)     in_1->z R     unmapped_nand2         1   7.0     0    61    1680    (-,-) 
  P8/csa_tree_add_33_32_groupi/g6027/z (u)     in_1->z F     unmapped_nand2         4  28.0     0   100    1780    (-,-) 
  P8/csa_tree_add_33_32_groupi/g6012/z (u)     in_0->z F     unmapped_or2           1   7.0     0    61    1841    (-,-) 
  P8/csa_tree_add_33_32_groupi/g5948/z (u)     in_1->z R     unmapped_nand2         1   7.0     0    61    1902    (-,-) 
  P8/csa_tree_add_33_32_groupi/g5871/z (u)     in_1->z F     unmapped_nand2         3  21.0     0    90    1992    (-,-) 
  P8/csa_tree_add_33_32_groupi/g5863/z (u)     in_1->z R     unmapped_nand2         1   7.0     0    61    2053    (-,-) 
  P8/csa_tree_add_33_32_groupi/g5822/z (u)     in_0->z F     unmapped_nand2         3  21.0     0    90    2143    (-,-) 
  P8/csa_tree_add_33_32_groupi/g5807/z (u)     in_1->z R     unmapped_nand2         1   7.0     0    61    2204    (-,-) 
  P8/csa_tree_add_33_32_groupi/g5801/z (u)     in_0->z F     unmapped_nand2         4  28.0     0   100    2304    (-,-) 
  P8/csa_tree_add_33_32_groupi/g5791/z (u)     in_0->z R     unmapped_complex2      1   7.0     0    61    2365    (-,-) 
  P8/csa_tree_add_33_32_groupi/g5783/z (u)     in_0->z F     unmapped_complex2      3  21.0     0    90    2455    (-,-) 
  P8/csa_tree_add_33_32_groupi/g5767/z (u)     in_1->z R     unmapped_nand2         1   7.0     0    61    2516    (-,-) 
  P8/csa_tree_add_33_32_groupi/g5765/z (u)     in_1->z F     unmapped_nand2         3  21.0     0    90    2606    (-,-) 
  P8/csa_tree_add_33_32_groupi/g5755/z (u)     in_0->z R     unmapped_nand2         1   7.0     0    61    2666    (-,-) 
  P8/csa_tree_add_33_32_groupi/g5753/z (u)     in_0->z F     unmapped_nand2         4  28.0     0   100    2766    (-,-) 
  P8/csa_tree_add_33_32_groupi/g5752/z (u)     in_0->z R     unmapped_complex2      1   7.0     0    61    2827    (-,-) 
  P8/csa_tree_add_33_32_groupi/g5746/z (u)     in_0->z F     unmapped_complex2      3  21.0     0    90    2917    (-,-) 
  P8/csa_tree_add_33_32_groupi/g5740/z (u)     in_1->z R     unmapped_nand2         1   7.0     0    61    2978    (-,-) 
  P8/csa_tree_add_33_32_groupi/g5736/z (u)     in_1->z F     unmapped_nand2         3  21.0     0    90    3068    (-,-) 
  P8/csa_tree_add_33_32_groupi/g5732/z (u)     in_0->z R     unmapped_nand2         1   7.0     0    61    3129    (-,-) 
  P8/csa_tree_add_33_32_groupi/g5731/z (u)     in_0->z F     unmapped_nand2         7  49.0     0   126    3255    (-,-) 
  P8/csa_tree_add_33_32_groupi/g5724/z (u)     in_0->z R     unmapped_complex2      2  14.0     0    77    3332    (-,-) 
  P8/csa_tree_add_33_32_groupi/g5722/z (u)     in_0->z R     unmapped_or2           1   7.0     0    61    3393    (-,-) 
  P8/csa_tree_add_33_32_groupi/g5715/z (u)     in_0->z F     unmapped_nand2         1   7.0     0    61    3454    (-,-) 
  P8/csa_tree_add_33_32_groupi/g5687/z (u)     in_0->z F     unmapped_complex2      1   7.0     0    61    3515    (-,-) 
  P8/csa_tree_add_33_32_groupi/g5683/z (u)     in_1->z R     unmapped_nand2         1   7.0     0    61    3576    (-,-) 
  P8/csa_tree_add_33_32_groupi/g5661/z (u)     in_0->z F     unmapped_complex2      2  14.0     0    77    3653    (-,-) 
  P8/csa_tree_add_33_32_groupi/g5649/z (u)     in_0->z F     unmapped_or2           1   7.0     0    61    3714    (-,-) 
  P8/csa_tree_add_33_32_groupi/g5650/z (u)     in_1->z R     unmapped_nand2         1   7.0     0    61    3775    (-,-) 
  P8/result_reg[30]/d                  -       -       R     unmapped_d_flop        1     -     -     0    3775    (-,-) 
#------------------------------------------------------------------------------------------------------------------------

(u) : Net has unmapped pin(s).



Path 50: MET (8958 ps) Setup Check with Pin P7/result_reg[30]/clk->d
          Group: C2C
     Startpoint: (R) weight_reg_reg[6][1]/clk
          Clock: (R) clk
       Endpoint: (R) P7/result_reg[30]/d
          Clock: (R) clk

                     Capture       Launch     
        Clock Edge:+   13330            0     
       Src Latency:+       0            0     
       Net Latency:+       0 (I)        0 (I) 
           Arrival:=   13330            0     
                                              
             Setup:-     298                  
       Uncertainty:-     300                  
     Required Time:=   12732                  
      Launch Clock:-       0                  
         Data Path:-    3775                  
             Slack:=    8958                  

#------------------------------------------------------------------------------------------------------------------------
#            Timing Point              Flags    Arc    Edge       Cell         Fanout  Load Trans Delay Arrival Instance 
#                                                                                      (fF)  (ps)  (ps)   (ps)  Location 
#------------------------------------------------------------------------------------------------------------------------
  weight_reg_reg[6][1]/clk             -       -       R     (arrival)           1910     -   200     0       0    (-,-) 
  weight_reg_reg[6][1]/q               (u)     clk->q  R     unmapped_d_flop       42  49.0     0   616     616    (-,-) 
  P7/csa_tree_add_33_32_groupi/g8065/z (u)     in_1->z F     unmapped_complex2      1   7.0     0    61     677    (-,-) 
  P7/csa_tree_add_33_32_groupi/g8066/z (u)     in_1->z R     unmapped_nand2        19 133.0     0   188     865    (-,-) 
  P7/csa_tree_add_33_32_groupi/g7449/z (u)     in_1->z F     unmapped_nand2         4  28.0     0   100     965    (-,-) 
  P7/csa_tree_add_33_32_groupi/g7303/z (u)     in_1->z F     unmapped_or2           1   7.0     0    61    1026    (-,-) 
  P7/csa_tree_add_33_32_groupi/g7304/z (u)     in_1->z R     unmapped_nand2         2  14.0     0    77    1103    (-,-) 
  P7/csa_tree_add_33_32_groupi/g7161/z (u)     in_1->z R     unmapped_complex2      1   7.0     0    61    1164    (-,-) 
  P7/csa_tree_add_33_32_groupi/g7162/z (u)     in_1->z F     unmapped_nand2         2  14.0     0    77    1241    (-,-) 
  P7/csa_tree_add_33_32_groupi/g6990/z (u)     in_0->z F     unmapped_complex2      2  14.0     0    77    1318    (-,-) 
  P7/csa_tree_add_33_32_groupi/g6584/z (u)     in_1->z R     unmapped_nand2         1   7.0     0    61    1379    (-,-) 
  P7/csa_tree_add_33_32_groupi/g6532/z (u)     in_1->z F     unmapped_nand2         3  21.0     0    90    1469    (-,-) 
  P7/csa_tree_add_33_32_groupi/g6311/z (u)     in_1->z R     unmapped_nand2         1   7.0     0    61    1530    (-,-) 
  P7/csa_tree_add_33_32_groupi/g6229/z (u)     in_0->z F     unmapped_nand2         3  21.0     0    90    1620    (-,-) 
  P7/csa_tree_add_33_32_groupi/g6162/z (u)     in_1->z R     unmapped_nand2         1   7.0     0    61    1680    (-,-) 
  P7/csa_tree_add_33_32_groupi/g6027/z (u)     in_1->z F     unmapped_nand2         4  28.0     0   100    1780    (-,-) 
  P7/csa_tree_add_33_32_groupi/g6012/z (u)     in_0->z F     unmapped_or2           1   7.0     0    61    1841    (-,-) 
  P7/csa_tree_add_33_32_groupi/g5948/z (u)     in_1->z R     unmapped_nand2         1   7.0     0    61    1902    (-,-) 
  P7/csa_tree_add_33_32_groupi/g5871/z (u)     in_1->z F     unmapped_nand2         3  21.0     0    90    1992    (-,-) 
  P7/csa_tree_add_33_32_groupi/g5863/z (u)     in_1->z R     unmapped_nand2         1   7.0     0    61    2053    (-,-) 
  P7/csa_tree_add_33_32_groupi/g5822/z (u)     in_0->z F     unmapped_nand2         3  21.0     0    90    2143    (-,-) 
  P7/csa_tree_add_33_32_groupi/g5807/z (u)     in_1->z R     unmapped_nand2         1   7.0     0    61    2204    (-,-) 
  P7/csa_tree_add_33_32_groupi/g5801/z (u)     in_0->z F     unmapped_nand2         4  28.0     0   100    2304    (-,-) 
  P7/csa_tree_add_33_32_groupi/g5791/z (u)     in_0->z R     unmapped_complex2      1   7.0     0    61    2365    (-,-) 
  P7/csa_tree_add_33_32_groupi/g5783/z (u)     in_0->z F     unmapped_complex2      3  21.0     0    90    2455    (-,-) 
  P7/csa_tree_add_33_32_groupi/g5767/z (u)     in_1->z R     unmapped_nand2         1   7.0     0    61    2516    (-,-) 
  P7/csa_tree_add_33_32_groupi/g5765/z (u)     in_1->z F     unmapped_nand2         3  21.0     0    90    2606    (-,-) 
  P7/csa_tree_add_33_32_groupi/g5755/z (u)     in_0->z R     unmapped_nand2         1   7.0     0    61    2666    (-,-) 
  P7/csa_tree_add_33_32_groupi/g5753/z (u)     in_0->z F     unmapped_nand2         4  28.0     0   100    2766    (-,-) 
  P7/csa_tree_add_33_32_groupi/g5752/z (u)     in_0->z R     unmapped_complex2      1   7.0     0    61    2827    (-,-) 
  P7/csa_tree_add_33_32_groupi/g5746/z (u)     in_0->z F     unmapped_complex2      3  21.0     0    90    2917    (-,-) 
  P7/csa_tree_add_33_32_groupi/g5740/z (u)     in_1->z R     unmapped_nand2         1   7.0     0    61    2978    (-,-) 
  P7/csa_tree_add_33_32_groupi/g5736/z (u)     in_1->z F     unmapped_nand2         3  21.0     0    90    3068    (-,-) 
  P7/csa_tree_add_33_32_groupi/g5732/z (u)     in_0->z R     unmapped_nand2         1   7.0     0    61    3129    (-,-) 
  P7/csa_tree_add_33_32_groupi/g5731/z (u)     in_0->z F     unmapped_nand2         7  49.0     0   126    3255    (-,-) 
  P7/csa_tree_add_33_32_groupi/g5724/z (u)     in_0->z R     unmapped_complex2      2  14.0     0    77    3332    (-,-) 
  P7/csa_tree_add_33_32_groupi/g5722/z (u)     in_0->z R     unmapped_or2           1   7.0     0    61    3393    (-,-) 
  P7/csa_tree_add_33_32_groupi/g5715/z (u)     in_0->z F     unmapped_nand2         1   7.0     0    61    3454    (-,-) 
  P7/csa_tree_add_33_32_groupi/g5687/z (u)     in_0->z F     unmapped_complex2      1   7.0     0    61    3515    (-,-) 
  P7/csa_tree_add_33_32_groupi/g5683/z (u)     in_1->z R     unmapped_nand2         1   7.0     0    61    3576    (-,-) 
  P7/csa_tree_add_33_32_groupi/g5661/z (u)     in_0->z F     unmapped_complex2      2  14.0     0    77    3653    (-,-) 
  P7/csa_tree_add_33_32_groupi/g5649/z (u)     in_0->z F     unmapped_or2           1   7.0     0    61    3714    (-,-) 
  P7/csa_tree_add_33_32_groupi/g5650/z (u)     in_1->z R     unmapped_nand2         1   7.0     0    61    3775    (-,-) 
  P7/result_reg[30]/d                  -       -       R     unmapped_d_flop        1     -     -     0    3775    (-,-) 
#------------------------------------------------------------------------------------------------------------------------

(u) : Net has unmapped pin(s).

