============================================================
  Generated by:           Genus(TM) Synthesis Solution 20.11-s111_1
  Generated on:           Apr 17 2026  11:17:08 pm
  Module:                 systolic_array
  Operating conditions:   slow (balanced_tree)
  Wireload mode:          enclosed
  Area mode:              timing library
============================================================


Path 1: MET (2397 ps) Setup Check with Pin P16/result_reg[31]/CK->D
          Group: C2C
     Startpoint: (R) weight_reg_reg[15][2]/CK
          Clock: (R) clk
       Endpoint: (R) P16/result_reg[31]/D
          Clock: (R) clk

                     Capture       Launch     
        Clock Edge:+   13330            0     
       Src Latency:+       0            0     
       Net Latency:+       0 (I)        0 (I) 
           Arrival:=   13330            0     
                                              
             Setup:-     105                  
       Uncertainty:-     300                  
     Required Time:=   12925                  
      Launch Clock:-       0                  
         Data Path:-   10528                  
             Slack:=    2397                  

#--------------------------------------------------------------------------------------------------------------------
#               Timing Point                 Flags    Arc   Edge   Cell     Fanout Load Trans Delay Arrival Instance 
#                                                                                  (fF)  (ps)  (ps)   (ps)  Location 
#--------------------------------------------------------------------------------------------------------------------
  weight_reg_reg[15][2]/CK                   -       -      R     (arrival)   1910    -   200     0       0    (-,-) 
  weight_reg_reg[15][2]/Q                    -       CK->Q  R     DFFRHQX1      26 49.3   422   650     650    (-,-) 
  P16/csa_tree_add_33_32_groupi_g3965/Y      -       A->Y   F     CLKINVX1      23 45.5   368   344     994    (-,-) 
  P16/csa_tree_add_33_32_groupi_g3910/Y      -       A->Y   R     MXI2XL         2  5.6   242   247    1241    (-,-) 
  P16/csa_tree_add_33_32_groupi_g3891/Y      -       B->Y   F     NAND2X1       18 30.3   426   352    1593    (-,-) 
  P16/csa_tree_add_33_32_groupi_g3858/Y      -       A0->Y  R     AOI21XL        1  3.7   198   215    1808    (-,-) 
  P16/csa_tree_add_33_32_groupi_g3769/Y      -       S0->Y  F     MXI2XL         1  6.2   237   159    1966    (-,-) 
  P16/csa_tree_add_33_32_groupi_cdnfadd/CO   -       B->CO  F     ADDFXL         1  4.9   118   307    2274    (-,-) 
  P16/csa_tree_add_33_32_groupi_cdnfadd1/CO  -       CI->CO F     ADDFXL         1  4.9   118   259    2533    (-,-) 
  P16/csa_tree_add_33_32_groupi_cdnfadd2/CO  -       CI->CO F     ADDFXL         1  4.9   118   259    2791    (-,-) 
  P16/csa_tree_add_33_32_groupi_cdnfadd3/CO  -       CI->CO F     ADDFXL         1  4.9   118   259    3050    (-,-) 
  P16/csa_tree_add_33_32_groupi_cdnfadd4/CO  -       CI->CO F     ADDFXL         1  4.9   118   259    3309    (-,-) 
  P16/csa_tree_add_33_32_groupi_cdnfadd5/CO  -       CI->CO F     ADDFXL         1  4.9   118   259    3568    (-,-) 
  P16/csa_tree_add_33_32_groupi_cdnfadd6/CO  -       CI->CO F     ADDFXL         1  4.9   118   259    3827    (-,-) 
  P16/csa_tree_add_33_32_groupi_cdnfadd7/CO  -       CI->CO F     ADDFXL         1  4.9   116   259    4085    (-,-) 
  P16/csa_tree_add_33_32_groupi_cdnfadd8/CO  -       CI->CO F     ADDFXL         1  4.9   116   258    4344    (-,-) 
  P16/csa_tree_add_33_32_groupi_cdnfadd9/CO  -       CI->CO F     ADDFXL         1  4.9   116   258    4602    (-,-) 
  P16/csa_tree_add_33_32_groupi_cdnfadd10/CO -       CI->CO F     ADDFXL         1  4.9   116   258    4861    (-,-) 
  P16/csa_tree_add_33_32_groupi_cdnfadd11/CO -       CI->CO F     ADDFXL         1  4.9   116   258    5119    (-,-) 
  P16/csa_tree_add_33_32_groupi_cdnfadd12/CO -       CI->CO F     ADDFXL         1  4.9   116   258    5377    (-,-) 
  P16/csa_tree_add_33_32_groupi_cdnfadd13/CO -       CI->CO F     ADDFXL         1  4.9   116   258    5636    (-,-) 
  P16/csa_tree_add_33_32_groupi_cdnfadd14/CO -       CI->CO F     ADDFXL         1  4.9   116   258    5894    (-,-) 
  P16/csa_tree_add_33_32_groupi_cdnfadd15/CO -       CI->CO F     ADDFXL         1  4.9   116   258    6153    (-,-) 
  P16/csa_tree_add_33_32_groupi_cdnfadd16/CO -       CI->CO F     ADDFXL         1  4.9   116   258    6411    (-,-) 
  P16/csa_tree_add_33_32_groupi_cdnfadd17/CO -       CI->CO F     ADDFXL         1  4.9   116   258    6669    (-,-) 
  P16/csa_tree_add_33_32_groupi_cdnfadd18/CO -       CI->CO F     ADDFXL         1  4.9   116   258    6928    (-,-) 
  P16/csa_tree_add_33_32_groupi_cdnfadd19/CO -       CI->CO F     ADDFXL         1  4.9   116   258    7186    (-,-) 
  P16/csa_tree_add_33_32_groupi_cdnfadd20/CO -       CI->CO F     ADDFXL         1  4.9   116   258    7445    (-,-) 
  P16/csa_tree_add_33_32_groupi_cdnfadd21/CO -       CI->CO F     ADDFXL         1  4.9   116   258    7703    (-,-) 
  P16/csa_tree_add_33_32_groupi_cdnfadd22/CO -       CI->CO F     ADDFXL         1  4.9   116   258    7961    (-,-) 
  P16/csa_tree_add_33_32_groupi_cdnfadd23/CO -       CI->CO F     ADDFXL         1  4.9   116   258    8220    (-,-) 
  P16/csa_tree_add_33_32_groupi_cdnfadd24/CO -       CI->CO F     ADDFXL         1  4.9   116   258    8478    (-,-) 
  P16/csa_tree_add_33_32_groupi_cdnfadd25/CO -       CI->CO F     ADDFXL         1  4.9   116   258    8737    (-,-) 
  P16/csa_tree_add_33_32_groupi_cdnfadd26/CO -       CI->CO F     ADDFXL         1  4.9   116   258    8995    (-,-) 
  P16/csa_tree_add_33_32_groupi_cdnfadd27/CO -       CI->CO F     ADDFXL         1  4.9   116   258    9253    (-,-) 
  P16/csa_tree_add_33_32_groupi_cdnfadd28/CO -       CI->CO F     ADDFXL         1  4.9   116   258    9512    (-,-) 
  P16/csa_tree_add_33_32_groupi_cdnfadd29/CO -       CI->CO F     ADDFXL         1  4.9   116   258    9770    (-,-) 
  P16/csa_tree_add_33_32_groupi_cdnfadd30/CO -       CI->CO F     ADDFXL         1  4.9   116   258   10029    (-,-) 
  P16/csa_tree_add_33_32_groupi_cdnfadd31/S  -       CI->S  R     ADDFXL         1  1.9    79   349   10377    (-,-) 
  P16/g108/Y                                 -       B->Y   R     MX2XL          1  2.3    81   150   10528    (-,-) 
  P16/result_reg[31]/D                       -       -      R     DFFRHQX2       1    -     -     0   10528    (-,-) 
#--------------------------------------------------------------------------------------------------------------------



Path 2: MET (2397 ps) Setup Check with Pin P14/result_reg[31]/CK->D
          Group: C2C
     Startpoint: (R) weight_reg_reg[13][2]/CK
          Clock: (R) clk
       Endpoint: (R) P14/result_reg[31]/D
          Clock: (R) clk

                     Capture       Launch     
        Clock Edge:+   13330            0     
       Src Latency:+       0            0     
       Net Latency:+       0 (I)        0 (I) 
           Arrival:=   13330            0     
                                              
             Setup:-     105                  
       Uncertainty:-     300                  
     Required Time:=   12925                  
      Launch Clock:-       0                  
         Data Path:-   10528                  
             Slack:=    2397                  

#--------------------------------------------------------------------------------------------------------------------
#               Timing Point                 Flags    Arc   Edge   Cell     Fanout Load Trans Delay Arrival Instance 
#                                                                                  (fF)  (ps)  (ps)   (ps)  Location 
#--------------------------------------------------------------------------------------------------------------------
  weight_reg_reg[13][2]/CK                   -       -      R     (arrival)   1910    -   200     0       0    (-,-) 
  weight_reg_reg[13][2]/Q                    -       CK->Q  R     DFFRHQX1      26 49.3   422   650     650    (-,-) 
  P14/csa_tree_add_33_32_groupi_g3965/Y      -       A->Y   F     CLKINVX1      23 45.5   368   344     994    (-,-) 
  P14/csa_tree_add_33_32_groupi_g3910/Y      -       A->Y   R     MXI2XL         2  5.6   242   247    1241    (-,-) 
  P14/csa_tree_add_33_32_groupi_g3891/Y      -       B->Y   F     NAND2X1       18 30.3   426   352    1593    (-,-) 
  P14/csa_tree_add_33_32_groupi_g3858/Y      -       A0->Y  R     AOI21XL        1  3.7   198   215    1808    (-,-) 
  P14/csa_tree_add_33_32_groupi_g3769/Y      -       S0->Y  F     MXI2XL         1  6.2   237   159    1966    (-,-) 
  P14/csa_tree_add_33_32_groupi_cdnfadd/CO   -       B->CO  F     ADDFXL         1  4.9   118   307    2274    (-,-) 
  P14/csa_tree_add_33_32_groupi_cdnfadd1/CO  -       CI->CO F     ADDFXL         1  4.9   118   259    2533    (-,-) 
  P14/csa_tree_add_33_32_groupi_cdnfadd2/CO  -       CI->CO F     ADDFXL         1  4.9   118   259    2791    (-,-) 
  P14/csa_tree_add_33_32_groupi_cdnfadd3/CO  -       CI->CO F     ADDFXL         1  4.9   118   259    3050    (-,-) 
  P14/csa_tree_add_33_32_groupi_cdnfadd4/CO  -       CI->CO F     ADDFXL         1  4.9   118   259    3309    (-,-) 
  P14/csa_tree_add_33_32_groupi_cdnfadd5/CO  -       CI->CO F     ADDFXL         1  4.9   118   259    3568    (-,-) 
  P14/csa_tree_add_33_32_groupi_cdnfadd6/CO  -       CI->CO F     ADDFXL         1  4.9   118   259    3827    (-,-) 
  P14/csa_tree_add_33_32_groupi_cdnfadd7/CO  -       CI->CO F     ADDFXL         1  4.9   116   259    4085    (-,-) 
  P14/csa_tree_add_33_32_groupi_cdnfadd8/CO  -       CI->CO F     ADDFXL         1  4.9   116   258    4344    (-,-) 
  P14/csa_tree_add_33_32_groupi_cdnfadd9/CO  -       CI->CO F     ADDFXL         1  4.9   116   258    4602    (-,-) 
  P14/csa_tree_add_33_32_groupi_cdnfadd10/CO -       CI->CO F     ADDFXL         1  4.9   116   258    4861    (-,-) 
  P14/csa_tree_add_33_32_groupi_cdnfadd11/CO -       CI->CO F     ADDFXL         1  4.9   116   258    5119    (-,-) 
  P14/csa_tree_add_33_32_groupi_cdnfadd12/CO -       CI->CO F     ADDFXL         1  4.9   116   258    5377    (-,-) 
  P14/csa_tree_add_33_32_groupi_cdnfadd13/CO -       CI->CO F     ADDFXL         1  4.9   116   258    5636    (-,-) 
  P14/csa_tree_add_33_32_groupi_cdnfadd14/CO -       CI->CO F     ADDFXL         1  4.9   116   258    5894    (-,-) 
  P14/csa_tree_add_33_32_groupi_cdnfadd15/CO -       CI->CO F     ADDFXL         1  4.9   116   258    6153    (-,-) 
  P14/csa_tree_add_33_32_groupi_cdnfadd16/CO -       CI->CO F     ADDFXL         1  4.9   116   258    6411    (-,-) 
  P14/csa_tree_add_33_32_groupi_cdnfadd17/CO -       CI->CO F     ADDFXL         1  4.9   116   258    6669    (-,-) 
  P14/csa_tree_add_33_32_groupi_cdnfadd18/CO -       CI->CO F     ADDFXL         1  4.9   116   258    6928    (-,-) 
  P14/csa_tree_add_33_32_groupi_cdnfadd19/CO -       CI->CO F     ADDFXL         1  4.9   116   258    7186    (-,-) 
  P14/csa_tree_add_33_32_groupi_cdnfadd20/CO -       CI->CO F     ADDFXL         1  4.9   116   258    7445    (-,-) 
  P14/csa_tree_add_33_32_groupi_cdnfadd21/CO -       CI->CO F     ADDFXL         1  4.9   116   258    7703    (-,-) 
  P14/csa_tree_add_33_32_groupi_cdnfadd22/CO -       CI->CO F     ADDFXL         1  4.9   116   258    7961    (-,-) 
  P14/csa_tree_add_33_32_groupi_cdnfadd23/CO -       CI->CO F     ADDFXL         1  4.9   116   258    8220    (-,-) 
  P14/csa_tree_add_33_32_groupi_cdnfadd24/CO -       CI->CO F     ADDFXL         1  4.9   116   258    8478    (-,-) 
  P14/csa_tree_add_33_32_groupi_cdnfadd25/CO -       CI->CO F     ADDFXL         1  4.9   116   258    8737    (-,-) 
  P14/csa_tree_add_33_32_groupi_cdnfadd26/CO -       CI->CO F     ADDFXL         1  4.9   116   258    8995    (-,-) 
  P14/csa_tree_add_33_32_groupi_cdnfadd27/CO -       CI->CO F     ADDFXL         1  4.9   116   258    9253    (-,-) 
  P14/csa_tree_add_33_32_groupi_cdnfadd28/CO -       CI->CO F     ADDFXL         1  4.9   116   258    9512    (-,-) 
  P14/csa_tree_add_33_32_groupi_cdnfadd29/CO -       CI->CO F     ADDFXL         1  4.9   116   258    9770    (-,-) 
  P14/csa_tree_add_33_32_groupi_cdnfadd30/CO -       CI->CO F     ADDFXL         1  4.9   116   258   10029    (-,-) 
  P14/csa_tree_add_33_32_groupi_cdnfadd31/S  -       CI->S  R     ADDFXL         1  1.9    79   349   10377    (-,-) 
  P14/g106/Y                                 -       B->Y   R     MX2XL          1  2.3    81   150   10528    (-,-) 
  P14/result_reg[31]/D                       -       -      R     DFFRHQX2       1    -     -     0   10528    (-,-) 
#--------------------------------------------------------------------------------------------------------------------



Path 3: MET (2397 ps) Setup Check with Pin P13/result_reg[31]/CK->D
          Group: C2C
     Startpoint: (R) weight_reg_reg[12][2]/CK
          Clock: (R) clk
       Endpoint: (R) P13/result_reg[31]/D
          Clock: (R) clk

                     Capture       Launch     
        Clock Edge:+   13330            0     
       Src Latency:+       0            0     
       Net Latency:+       0 (I)        0 (I) 
           Arrival:=   13330            0     
                                              
             Setup:-     105                  
       Uncertainty:-     300                  
     Required Time:=   12925                  
      Launch Clock:-       0                  
         Data Path:-   10528                  
             Slack:=    2397                  

#--------------------------------------------------------------------------------------------------------------------
#               Timing Point                 Flags    Arc   Edge   Cell     Fanout Load Trans Delay Arrival Instance 
#                                                                                  (fF)  (ps)  (ps)   (ps)  Location 
#--------------------------------------------------------------------------------------------------------------------
  weight_reg_reg[12][2]/CK                   -       -      R     (arrival)   1910    -   200     0       0    (-,-) 
  weight_reg_reg[12][2]/Q                    -       CK->Q  R     DFFRHQX1      26 49.3   422   650     650    (-,-) 
  P13/csa_tree_add_33_32_groupi_g3965/Y      -       A->Y   F     CLKINVX1      23 45.5   368   344     994    (-,-) 
  P13/csa_tree_add_33_32_groupi_g3910/Y      -       A->Y   R     MXI2XL         2  5.6   242   247    1241    (-,-) 
  P13/csa_tree_add_33_32_groupi_g3891/Y      -       B->Y   F     NAND2X1       18 30.3   426   352    1593    (-,-) 
  P13/csa_tree_add_33_32_groupi_g3858/Y      -       A0->Y  R     AOI21XL        1  3.7   198   215    1808    (-,-) 
  P13/csa_tree_add_33_32_groupi_g3769/Y      -       S0->Y  F     MXI2XL         1  6.2   237   159    1966    (-,-) 
  P13/csa_tree_add_33_32_groupi_cdnfadd/CO   -       B->CO  F     ADDFXL         1  4.9   118   307    2274    (-,-) 
  P13/csa_tree_add_33_32_groupi_cdnfadd1/CO  -       CI->CO F     ADDFXL         1  4.9   118   259    2533    (-,-) 
  P13/csa_tree_add_33_32_groupi_cdnfadd2/CO  -       CI->CO F     ADDFXL         1  4.9   118   259    2791    (-,-) 
  P13/csa_tree_add_33_32_groupi_cdnfadd3/CO  -       CI->CO F     ADDFXL         1  4.9   118   259    3050    (-,-) 
  P13/csa_tree_add_33_32_groupi_cdnfadd4/CO  -       CI->CO F     ADDFXL         1  4.9   118   259    3309    (-,-) 
  P13/csa_tree_add_33_32_groupi_cdnfadd5/CO  -       CI->CO F     ADDFXL         1  4.9   118   259    3568    (-,-) 
  P13/csa_tree_add_33_32_groupi_cdnfadd6/CO  -       CI->CO F     ADDFXL         1  4.9   118   259    3827    (-,-) 
  P13/csa_tree_add_33_32_groupi_cdnfadd7/CO  -       CI->CO F     ADDFXL         1  4.9   116   259    4085    (-,-) 
  P13/csa_tree_add_33_32_groupi_cdnfadd8/CO  -       CI->CO F     ADDFXL         1  4.9   116   258    4344    (-,-) 
  P13/csa_tree_add_33_32_groupi_cdnfadd9/CO  -       CI->CO F     ADDFXL         1  4.9   116   258    4602    (-,-) 
  P13/csa_tree_add_33_32_groupi_cdnfadd10/CO -       CI->CO F     ADDFXL         1  4.9   116   258    4861    (-,-) 
  P13/csa_tree_add_33_32_groupi_cdnfadd11/CO -       CI->CO F     ADDFXL         1  4.9   116   258    5119    (-,-) 
  P13/csa_tree_add_33_32_groupi_cdnfadd12/CO -       CI->CO F     ADDFXL         1  4.9   116   258    5377    (-,-) 
  P13/csa_tree_add_33_32_groupi_cdnfadd13/CO -       CI->CO F     ADDFXL         1  4.9   116   258    5636    (-,-) 
  P13/csa_tree_add_33_32_groupi_cdnfadd14/CO -       CI->CO F     ADDFXL         1  4.9   116   258    5894    (-,-) 
  P13/csa_tree_add_33_32_groupi_cdnfadd15/CO -       CI->CO F     ADDFXL         1  4.9   116   258    6153    (-,-) 
  P13/csa_tree_add_33_32_groupi_cdnfadd16/CO -       CI->CO F     ADDFXL         1  4.9   116   258    6411    (-,-) 
  P13/csa_tree_add_33_32_groupi_cdnfadd17/CO -       CI->CO F     ADDFXL         1  4.9   116   258    6669    (-,-) 
  P13/csa_tree_add_33_32_groupi_cdnfadd18/CO -       CI->CO F     ADDFXL         1  4.9   116   258    6928    (-,-) 
  P13/csa_tree_add_33_32_groupi_cdnfadd19/CO -       CI->CO F     ADDFXL         1  4.9   116   258    7186    (-,-) 
  P13/csa_tree_add_33_32_groupi_cdnfadd20/CO -       CI->CO F     ADDFXL         1  4.9   116   258    7445    (-,-) 
  P13/csa_tree_add_33_32_groupi_cdnfadd21/CO -       CI->CO F     ADDFXL         1  4.9   116   258    7703    (-,-) 
  P13/csa_tree_add_33_32_groupi_cdnfadd22/CO -       CI->CO F     ADDFXL         1  4.9   116   258    7961    (-,-) 
  P13/csa_tree_add_33_32_groupi_cdnfadd23/CO -       CI->CO F     ADDFXL         1  4.9   116   258    8220    (-,-) 
  P13/csa_tree_add_33_32_groupi_cdnfadd24/CO -       CI->CO F     ADDFXL         1  4.9   116   258    8478    (-,-) 
  P13/csa_tree_add_33_32_groupi_cdnfadd25/CO -       CI->CO F     ADDFXL         1  4.9   116   258    8737    (-,-) 
  P13/csa_tree_add_33_32_groupi_cdnfadd26/CO -       CI->CO F     ADDFXL         1  4.9   116   258    8995    (-,-) 
  P13/csa_tree_add_33_32_groupi_cdnfadd27/CO -       CI->CO F     ADDFXL         1  4.9   116   258    9253    (-,-) 
  P13/csa_tree_add_33_32_groupi_cdnfadd28/CO -       CI->CO F     ADDFXL         1  4.9   116   258    9512    (-,-) 
  P13/csa_tree_add_33_32_groupi_cdnfadd29/CO -       CI->CO F     ADDFXL         1  4.9   116   258    9770    (-,-) 
  P13/csa_tree_add_33_32_groupi_cdnfadd30/CO -       CI->CO F     ADDFXL         1  4.9   116   258   10029    (-,-) 
  P13/csa_tree_add_33_32_groupi_cdnfadd31/S  -       CI->S  R     ADDFXL         1  1.9    79   349   10377    (-,-) 
  P13/g106/Y                                 -       B->Y   R     MX2XL          1  2.3    81   150   10528    (-,-) 
  P13/result_reg[31]/D                       -       -      R     DFFRHQX2       1    -     -     0   10528    (-,-) 
#--------------------------------------------------------------------------------------------------------------------



Path 4: MET (2397 ps) Setup Check with Pin P12/result_reg[31]/CK->D
          Group: C2C
     Startpoint: (R) weight_reg_reg[11][2]/CK
          Clock: (R) clk
       Endpoint: (R) P12/result_reg[31]/D
          Clock: (R) clk

                     Capture       Launch     
        Clock Edge:+   13330            0     
       Src Latency:+       0            0     
       Net Latency:+       0 (I)        0 (I) 
           Arrival:=   13330            0     
                                              
             Setup:-     105                  
       Uncertainty:-     300                  
     Required Time:=   12925                  
      Launch Clock:-       0                  
         Data Path:-   10528                  
             Slack:=    2397                  

#--------------------------------------------------------------------------------------------------------------------
#               Timing Point                 Flags    Arc   Edge   Cell     Fanout Load Trans Delay Arrival Instance 
#                                                                                  (fF)  (ps)  (ps)   (ps)  Location 
#--------------------------------------------------------------------------------------------------------------------
  weight_reg_reg[11][2]/CK                   -       -      R     (arrival)   1910    -   200     0       0    (-,-) 
  weight_reg_reg[11][2]/Q                    -       CK->Q  R     DFFRHQX1      26 49.3   422   650     650    (-,-) 
  P12/csa_tree_add_33_32_groupi_g3965/Y      -       A->Y   F     CLKINVX1      23 45.5   368   344     994    (-,-) 
  P12/csa_tree_add_33_32_groupi_g3910/Y      -       A->Y   R     MXI2XL         2  5.6   242   247    1241    (-,-) 
  P12/csa_tree_add_33_32_groupi_g3891/Y      -       B->Y   F     NAND2X1       18 30.3   426   352    1593    (-,-) 
  P12/csa_tree_add_33_32_groupi_g3858/Y      -       A0->Y  R     AOI21XL        1  3.7   198   215    1808    (-,-) 
  P12/csa_tree_add_33_32_groupi_g3769/Y      -       S0->Y  F     MXI2XL         1  6.2   237   159    1966    (-,-) 
  P12/csa_tree_add_33_32_groupi_cdnfadd/CO   -       B->CO  F     ADDFXL         1  4.9   118   307    2274    (-,-) 
  P12/csa_tree_add_33_32_groupi_cdnfadd1/CO  -       CI->CO F     ADDFXL         1  4.9   118   259    2533    (-,-) 
  P12/csa_tree_add_33_32_groupi_cdnfadd2/CO  -       CI->CO F     ADDFXL         1  4.9   118   259    2791    (-,-) 
  P12/csa_tree_add_33_32_groupi_cdnfadd3/CO  -       CI->CO F     ADDFXL         1  4.9   118   259    3050    (-,-) 
  P12/csa_tree_add_33_32_groupi_cdnfadd4/CO  -       CI->CO F     ADDFXL         1  4.9   118   259    3309    (-,-) 
  P12/csa_tree_add_33_32_groupi_cdnfadd5/CO  -       CI->CO F     ADDFXL         1  4.9   118   259    3568    (-,-) 
  P12/csa_tree_add_33_32_groupi_cdnfadd6/CO  -       CI->CO F     ADDFXL         1  4.9   118   259    3827    (-,-) 
  P12/csa_tree_add_33_32_groupi_cdnfadd7/CO  -       CI->CO F     ADDFXL         1  4.9   116   259    4085    (-,-) 
  P12/csa_tree_add_33_32_groupi_cdnfadd8/CO  -       CI->CO F     ADDFXL         1  4.9   116   258    4344    (-,-) 
  P12/csa_tree_add_33_32_groupi_cdnfadd9/CO  -       CI->CO F     ADDFXL         1  4.9   116   258    4602    (-,-) 
  P12/csa_tree_add_33_32_groupi_cdnfadd10/CO -       CI->CO F     ADDFXL         1  4.9   116   258    4861    (-,-) 
  P12/csa_tree_add_33_32_groupi_cdnfadd11/CO -       CI->CO F     ADDFXL         1  4.9   116   258    5119    (-,-) 
  P12/csa_tree_add_33_32_groupi_cdnfadd12/CO -       CI->CO F     ADDFXL         1  4.9   116   258    5377    (-,-) 
  P12/csa_tree_add_33_32_groupi_cdnfadd13/CO -       CI->CO F     ADDFXL         1  4.9   116   258    5636    (-,-) 
  P12/csa_tree_add_33_32_groupi_cdnfadd14/CO -       CI->CO F     ADDFXL         1  4.9   116   258    5894    (-,-) 
  P12/csa_tree_add_33_32_groupi_cdnfadd15/CO -       CI->CO F     ADDFXL         1  4.9   116   258    6153    (-,-) 
  P12/csa_tree_add_33_32_groupi_cdnfadd16/CO -       CI->CO F     ADDFXL         1  4.9   116   258    6411    (-,-) 
  P12/csa_tree_add_33_32_groupi_cdnfadd17/CO -       CI->CO F     ADDFXL         1  4.9   116   258    6669    (-,-) 
  P12/csa_tree_add_33_32_groupi_cdnfadd18/CO -       CI->CO F     ADDFXL         1  4.9   116   258    6928    (-,-) 
  P12/csa_tree_add_33_32_groupi_cdnfadd19/CO -       CI->CO F     ADDFXL         1  4.9   116   258    7186    (-,-) 
  P12/csa_tree_add_33_32_groupi_cdnfadd20/CO -       CI->CO F     ADDFXL         1  4.9   116   258    7445    (-,-) 
  P12/csa_tree_add_33_32_groupi_cdnfadd21/CO -       CI->CO F     ADDFXL         1  4.9   116   258    7703    (-,-) 
  P12/csa_tree_add_33_32_groupi_cdnfadd22/CO -       CI->CO F     ADDFXL         1  4.9   116   258    7961    (-,-) 
  P12/csa_tree_add_33_32_groupi_cdnfadd23/CO -       CI->CO F     ADDFXL         1  4.9   116   258    8220    (-,-) 
  P12/csa_tree_add_33_32_groupi_cdnfadd24/CO -       CI->CO F     ADDFXL         1  4.9   116   258    8478    (-,-) 
  P12/csa_tree_add_33_32_groupi_cdnfadd25/CO -       CI->CO F     ADDFXL         1  4.9   116   258    8737    (-,-) 
  P12/csa_tree_add_33_32_groupi_cdnfadd26/CO -       CI->CO F     ADDFXL         1  4.9   116   258    8995    (-,-) 
  P12/csa_tree_add_33_32_groupi_cdnfadd27/CO -       CI->CO F     ADDFXL         1  4.9   116   258    9253    (-,-) 
  P12/csa_tree_add_33_32_groupi_cdnfadd28/CO -       CI->CO F     ADDFXL         1  4.9   116   258    9512    (-,-) 
  P12/csa_tree_add_33_32_groupi_cdnfadd29/CO -       CI->CO F     ADDFXL         1  4.9   116   258    9770    (-,-) 
  P12/csa_tree_add_33_32_groupi_cdnfadd30/CO -       CI->CO F     ADDFXL         1  4.9   116   258   10029    (-,-) 
  P12/csa_tree_add_33_32_groupi_cdnfadd31/S  -       CI->S  R     ADDFXL         1  1.9    79   349   10377    (-,-) 
  P12/g106/Y                                 -       B->Y   R     MX2XL          1  2.3    81   150   10528    (-,-) 
  P12/result_reg[31]/D                       -       -      R     DFFRHQX1       1    -     -     0   10528    (-,-) 
#--------------------------------------------------------------------------------------------------------------------



Path 5: MET (2397 ps) Setup Check with Pin P11/result_reg[31]/CK->D
          Group: C2C
     Startpoint: (R) weight_reg_reg[10][2]/CK
          Clock: (R) clk
       Endpoint: (R) P11/result_reg[31]/D
          Clock: (R) clk

                     Capture       Launch     
        Clock Edge:+   13330            0     
       Src Latency:+       0            0     
       Net Latency:+       0 (I)        0 (I) 
           Arrival:=   13330            0     
                                              
             Setup:-     105                  
       Uncertainty:-     300                  
     Required Time:=   12925                  
      Launch Clock:-       0                  
         Data Path:-   10528                  
             Slack:=    2397                  

#--------------------------------------------------------------------------------------------------------------------
#               Timing Point                 Flags    Arc   Edge   Cell     Fanout Load Trans Delay Arrival Instance 
#                                                                                  (fF)  (ps)  (ps)   (ps)  Location 
#--------------------------------------------------------------------------------------------------------------------
  weight_reg_reg[10][2]/CK                   -       -      R     (arrival)   1910    -   200     0       0    (-,-) 
  weight_reg_reg[10][2]/Q                    -       CK->Q  R     DFFRHQX1      26 49.3   422   650     650    (-,-) 
  P11/csa_tree_add_33_32_groupi_g3965/Y      -       A->Y   F     CLKINVX1      23 45.5   368   344     994    (-,-) 
  P11/csa_tree_add_33_32_groupi_g3910/Y      -       A->Y   R     MXI2XL         2  5.6   242   247    1241    (-,-) 
  P11/csa_tree_add_33_32_groupi_g3891/Y      -       B->Y   F     NAND2X1       18 30.3   426   352    1593    (-,-) 
  P11/csa_tree_add_33_32_groupi_g3858/Y      -       A0->Y  R     AOI21XL        1  3.7   198   215    1808    (-,-) 
  P11/csa_tree_add_33_32_groupi_g3769/Y      -       S0->Y  F     MXI2XL         1  6.2   237   159    1966    (-,-) 
  P11/csa_tree_add_33_32_groupi_cdnfadd/CO   -       B->CO  F     ADDFXL         1  4.9   118   307    2274    (-,-) 
  P11/csa_tree_add_33_32_groupi_cdnfadd1/CO  -       CI->CO F     ADDFXL         1  4.9   118   259    2533    (-,-) 
  P11/csa_tree_add_33_32_groupi_cdnfadd2/CO  -       CI->CO F     ADDFXL         1  4.9   118   259    2791    (-,-) 
  P11/csa_tree_add_33_32_groupi_cdnfadd3/CO  -       CI->CO F     ADDFXL         1  4.9   118   259    3050    (-,-) 
  P11/csa_tree_add_33_32_groupi_cdnfadd4/CO  -       CI->CO F     ADDFXL         1  4.9   118   259    3309    (-,-) 
  P11/csa_tree_add_33_32_groupi_cdnfadd5/CO  -       CI->CO F     ADDFXL         1  4.9   118   259    3568    (-,-) 
  P11/csa_tree_add_33_32_groupi_cdnfadd6/CO  -       CI->CO F     ADDFXL         1  4.9   118   259    3827    (-,-) 
  P11/csa_tree_add_33_32_groupi_cdnfadd7/CO  -       CI->CO F     ADDFXL         1  4.9   116   259    4085    (-,-) 
  P11/csa_tree_add_33_32_groupi_cdnfadd8/CO  -       CI->CO F     ADDFXL         1  4.9   116   258    4344    (-,-) 
  P11/csa_tree_add_33_32_groupi_cdnfadd9/CO  -       CI->CO F     ADDFXL         1  4.9   116   258    4602    (-,-) 
  P11/csa_tree_add_33_32_groupi_cdnfadd10/CO -       CI->CO F     ADDFXL         1  4.9   116   258    4861    (-,-) 
  P11/csa_tree_add_33_32_groupi_cdnfadd11/CO -       CI->CO F     ADDFXL         1  4.9   116   258    5119    (-,-) 
  P11/csa_tree_add_33_32_groupi_cdnfadd12/CO -       CI->CO F     ADDFXL         1  4.9   116   258    5377    (-,-) 
  P11/csa_tree_add_33_32_groupi_cdnfadd13/CO -       CI->CO F     ADDFXL         1  4.9   116   258    5636    (-,-) 
  P11/csa_tree_add_33_32_groupi_cdnfadd14/CO -       CI->CO F     ADDFXL         1  4.9   116   258    5894    (-,-) 
  P11/csa_tree_add_33_32_groupi_cdnfadd15/CO -       CI->CO F     ADDFXL         1  4.9   116   258    6153    (-,-) 
  P11/csa_tree_add_33_32_groupi_cdnfadd16/CO -       CI->CO F     ADDFXL         1  4.9   116   258    6411    (-,-) 
  P11/csa_tree_add_33_32_groupi_cdnfadd17/CO -       CI->CO F     ADDFXL         1  4.9   116   258    6669    (-,-) 
  P11/csa_tree_add_33_32_groupi_cdnfadd18/CO -       CI->CO F     ADDFXL         1  4.9   116   258    6928    (-,-) 
  P11/csa_tree_add_33_32_groupi_cdnfadd19/CO -       CI->CO F     ADDFXL         1  4.9   116   258    7186    (-,-) 
  P11/csa_tree_add_33_32_groupi_cdnfadd20/CO -       CI->CO F     ADDFXL         1  4.9   116   258    7445    (-,-) 
  P11/csa_tree_add_33_32_groupi_cdnfadd21/CO -       CI->CO F     ADDFXL         1  4.9   116   258    7703    (-,-) 
  P11/csa_tree_add_33_32_groupi_cdnfadd22/CO -       CI->CO F     ADDFXL         1  4.9   116   258    7961    (-,-) 
  P11/csa_tree_add_33_32_groupi_cdnfadd23/CO -       CI->CO F     ADDFXL         1  4.9   116   258    8220    (-,-) 
  P11/csa_tree_add_33_32_groupi_cdnfadd24/CO -       CI->CO F     ADDFXL         1  4.9   116   258    8478    (-,-) 
  P11/csa_tree_add_33_32_groupi_cdnfadd25/CO -       CI->CO F     ADDFXL         1  4.9   116   258    8737    (-,-) 
  P11/csa_tree_add_33_32_groupi_cdnfadd26/CO -       CI->CO F     ADDFXL         1  4.9   116   258    8995    (-,-) 
  P11/csa_tree_add_33_32_groupi_cdnfadd27/CO -       CI->CO F     ADDFXL         1  4.9   116   258    9253    (-,-) 
  P11/csa_tree_add_33_32_groupi_cdnfadd28/CO -       CI->CO F     ADDFXL         1  4.9   116   258    9512    (-,-) 
  P11/csa_tree_add_33_32_groupi_cdnfadd29/CO -       CI->CO F     ADDFXL         1  4.9   116   258    9770    (-,-) 
  P11/csa_tree_add_33_32_groupi_cdnfadd30/CO -       CI->CO F     ADDFXL         1  4.9   116   258   10029    (-,-) 
  P11/csa_tree_add_33_32_groupi_cdnfadd31/S  -       CI->S  R     ADDFXL         1  1.9    79   349   10377    (-,-) 
  P11/g106/Y                                 -       B->Y   R     MX2XL          1  2.3    81   150   10528    (-,-) 
  P11/result_reg[31]/D                       -       -      R     DFFRHQX1       1    -     -     0   10528    (-,-) 
#--------------------------------------------------------------------------------------------------------------------



Path 6: MET (2397 ps) Setup Check with Pin P10/result_reg[31]/CK->D
          Group: C2C
     Startpoint: (R) weight_reg_reg[9][2]/CK
          Clock: (R) clk
       Endpoint: (R) P10/result_reg[31]/D
          Clock: (R) clk

                     Capture       Launch     
        Clock Edge:+   13330            0     
       Src Latency:+       0            0     
       Net Latency:+       0 (I)        0 (I) 
           Arrival:=   13330            0     
                                              
             Setup:-     105                  
       Uncertainty:-     300                  
     Required Time:=   12925                  
      Launch Clock:-       0                  
         Data Path:-   10528                  
             Slack:=    2397                  

#--------------------------------------------------------------------------------------------------------------------
#               Timing Point                 Flags    Arc   Edge   Cell     Fanout Load Trans Delay Arrival Instance 
#                                                                                  (fF)  (ps)  (ps)   (ps)  Location 
#--------------------------------------------------------------------------------------------------------------------
  weight_reg_reg[9][2]/CK                    -       -      R     (arrival)   1910    -   200     0       0    (-,-) 
  weight_reg_reg[9][2]/Q                     -       CK->Q  R     DFFRHQX1      26 49.3   422   650     650    (-,-) 
  P10/csa_tree_add_33_32_groupi_g3965/Y      -       A->Y   F     CLKINVX1      23 45.5   368   344     994    (-,-) 
  P10/csa_tree_add_33_32_groupi_g3910/Y      -       A->Y   R     MXI2XL         2  5.6   242   247    1241    (-,-) 
  P10/csa_tree_add_33_32_groupi_g3891/Y      -       B->Y   F     NAND2X1       18 30.3   426   352    1593    (-,-) 
  P10/csa_tree_add_33_32_groupi_g3858/Y      -       A0->Y  R     AOI21XL        1  3.7   198   215    1808    (-,-) 
  P10/csa_tree_add_33_32_groupi_g3769/Y      -       S0->Y  F     MXI2XL         1  6.2   237   159    1966    (-,-) 
  P10/csa_tree_add_33_32_groupi_cdnfadd/CO   -       B->CO  F     ADDFXL         1  4.9   118   307    2274    (-,-) 
  P10/csa_tree_add_33_32_groupi_cdnfadd1/CO  -       CI->CO F     ADDFXL         1  4.9   118   259    2533    (-,-) 
  P10/csa_tree_add_33_32_groupi_cdnfadd2/CO  -       CI->CO F     ADDFXL         1  4.9   118   259    2791    (-,-) 
  P10/csa_tree_add_33_32_groupi_cdnfadd3/CO  -       CI->CO F     ADDFXL         1  4.9   118   259    3050    (-,-) 
  P10/csa_tree_add_33_32_groupi_cdnfadd4/CO  -       CI->CO F     ADDFXL         1  4.9   118   259    3309    (-,-) 
  P10/csa_tree_add_33_32_groupi_cdnfadd5/CO  -       CI->CO F     ADDFXL         1  4.9   118   259    3568    (-,-) 
  P10/csa_tree_add_33_32_groupi_cdnfadd6/CO  -       CI->CO F     ADDFXL         1  4.9   118   259    3827    (-,-) 
  P10/csa_tree_add_33_32_groupi_cdnfadd7/CO  -       CI->CO F     ADDFXL         1  4.9   116   259    4085    (-,-) 
  P10/csa_tree_add_33_32_groupi_cdnfadd8/CO  -       CI->CO F     ADDFXL         1  4.9   116   258    4344    (-,-) 
  P10/csa_tree_add_33_32_groupi_cdnfadd9/CO  -       CI->CO F     ADDFXL         1  4.9   116   258    4602    (-,-) 
  P10/csa_tree_add_33_32_groupi_cdnfadd10/CO -       CI->CO F     ADDFXL         1  4.9   116   258    4861    (-,-) 
  P10/csa_tree_add_33_32_groupi_cdnfadd11/CO -       CI->CO F     ADDFXL         1  4.9   116   258    5119    (-,-) 
  P10/csa_tree_add_33_32_groupi_cdnfadd12/CO -       CI->CO F     ADDFXL         1  4.9   116   258    5377    (-,-) 
  P10/csa_tree_add_33_32_groupi_cdnfadd13/CO -       CI->CO F     ADDFXL         1  4.9   116   258    5636    (-,-) 
  P10/csa_tree_add_33_32_groupi_cdnfadd14/CO -       CI->CO F     ADDFXL         1  4.9   116   258    5894    (-,-) 
  P10/csa_tree_add_33_32_groupi_cdnfadd15/CO -       CI->CO F     ADDFXL         1  4.9   116   258    6153    (-,-) 
  P10/csa_tree_add_33_32_groupi_cdnfadd16/CO -       CI->CO F     ADDFXL         1  4.9   116   258    6411    (-,-) 
  P10/csa_tree_add_33_32_groupi_cdnfadd17/CO -       CI->CO F     ADDFXL         1  4.9   116   258    6669    (-,-) 
  P10/csa_tree_add_33_32_groupi_cdnfadd18/CO -       CI->CO F     ADDFXL         1  4.9   116   258    6928    (-,-) 
  P10/csa_tree_add_33_32_groupi_cdnfadd19/CO -       CI->CO F     ADDFXL         1  4.9   116   258    7186    (-,-) 
  P10/csa_tree_add_33_32_groupi_cdnfadd20/CO -       CI->CO F     ADDFXL         1  4.9   116   258    7445    (-,-) 
  P10/csa_tree_add_33_32_groupi_cdnfadd21/CO -       CI->CO F     ADDFXL         1  4.9   116   258    7703    (-,-) 
  P10/csa_tree_add_33_32_groupi_cdnfadd22/CO -       CI->CO F     ADDFXL         1  4.9   116   258    7961    (-,-) 
  P10/csa_tree_add_33_32_groupi_cdnfadd23/CO -       CI->CO F     ADDFXL         1  4.9   116   258    8220    (-,-) 
  P10/csa_tree_add_33_32_groupi_cdnfadd24/CO -       CI->CO F     ADDFXL         1  4.9   116   258    8478    (-,-) 
  P10/csa_tree_add_33_32_groupi_cdnfadd25/CO -       CI->CO F     ADDFXL         1  4.9   116   258    8737    (-,-) 
  P10/csa_tree_add_33_32_groupi_cdnfadd26/CO -       CI->CO F     ADDFXL         1  4.9   116   258    8995    (-,-) 
  P10/csa_tree_add_33_32_groupi_cdnfadd27/CO -       CI->CO F     ADDFXL         1  4.9   116   258    9253    (-,-) 
  P10/csa_tree_add_33_32_groupi_cdnfadd28/CO -       CI->CO F     ADDFXL         1  4.9   116   258    9512    (-,-) 
  P10/csa_tree_add_33_32_groupi_cdnfadd29/CO -       CI->CO F     ADDFXL         1  4.9   116   258    9770    (-,-) 
  P10/csa_tree_add_33_32_groupi_cdnfadd30/CO -       CI->CO F     ADDFXL         1  4.9   116   258   10029    (-,-) 
  P10/csa_tree_add_33_32_groupi_cdnfadd31/S  -       CI->S  R     ADDFXL         1  1.9    79   349   10377    (-,-) 
  P10/g106/Y                                 -       B->Y   R     MX2XL          1  2.3    81   150   10528    (-,-) 
  P10/result_reg[31]/D                       -       -      R     DFFRHQX1       1    -     -     0   10528    (-,-) 
#--------------------------------------------------------------------------------------------------------------------



Path 7: MET (2397 ps) Setup Check with Pin P9/result_reg[31]/CK->D
          Group: C2C
     Startpoint: (R) weight_reg_reg[8][2]/CK
          Clock: (R) clk
       Endpoint: (R) P9/result_reg[31]/D
          Clock: (R) clk

                     Capture       Launch     
        Clock Edge:+   13330            0     
       Src Latency:+       0            0     
       Net Latency:+       0 (I)        0 (I) 
           Arrival:=   13330            0     
                                              
             Setup:-     105                  
       Uncertainty:-     300                  
     Required Time:=   12925                  
      Launch Clock:-       0                  
         Data Path:-   10528                  
             Slack:=    2397                  

#-------------------------------------------------------------------------------------------------------------------
#               Timing Point                Flags    Arc   Edge   Cell     Fanout Load Trans Delay Arrival Instance 
#                                                                                 (fF)  (ps)  (ps)   (ps)  Location 
#-------------------------------------------------------------------------------------------------------------------
  weight_reg_reg[8][2]/CK                   -       -      R     (arrival)   1910    -   200     0       0    (-,-) 
  weight_reg_reg[8][2]/Q                    -       CK->Q  R     DFFRHQX1      26 49.3   422   650     650    (-,-) 
  P9/csa_tree_add_33_32_groupi_g3965/Y      -       A->Y   F     CLKINVX1      23 45.5   368   344     994    (-,-) 
  P9/csa_tree_add_33_32_groupi_g3910/Y      -       A->Y   R     MXI2XL         2  5.6   242   247    1241    (-,-) 
  P9/csa_tree_add_33_32_groupi_g3891/Y      -       B->Y   F     NAND2X1       18 30.3   426   352    1593    (-,-) 
  P9/csa_tree_add_33_32_groupi_g3858/Y      -       A0->Y  R     AOI21XL        1  3.7   198   215    1808    (-,-) 
  P9/csa_tree_add_33_32_groupi_g3769/Y      -       S0->Y  F     MXI2XL         1  6.2   237   159    1966    (-,-) 
  P9/csa_tree_add_33_32_groupi_cdnfadd/CO   -       B->CO  F     ADDFXL         1  4.9   118   307    2274    (-,-) 
  P9/csa_tree_add_33_32_groupi_cdnfadd1/CO  -       CI->CO F     ADDFXL         1  4.9   118   259    2533    (-,-) 
  P9/csa_tree_add_33_32_groupi_cdnfadd2/CO  -       CI->CO F     ADDFXL         1  4.9   118   259    2791    (-,-) 
  P9/csa_tree_add_33_32_groupi_cdnfadd3/CO  -       CI->CO F     ADDFXL         1  4.9   118   259    3050    (-,-) 
  P9/csa_tree_add_33_32_groupi_cdnfadd4/CO  -       CI->CO F     ADDFXL         1  4.9   118   259    3309    (-,-) 
  P9/csa_tree_add_33_32_groupi_cdnfadd5/CO  -       CI->CO F     ADDFXL         1  4.9   118   259    3568    (-,-) 
  P9/csa_tree_add_33_32_groupi_cdnfadd6/CO  -       CI->CO F     ADDFXL         1  4.9   118   259    3827    (-,-) 
  P9/csa_tree_add_33_32_groupi_cdnfadd7/CO  -       CI->CO F     ADDFXL         1  4.9   116   259    4085    (-,-) 
  P9/csa_tree_add_33_32_groupi_cdnfadd8/CO  -       CI->CO F     ADDFXL         1  4.9   116   258    4344    (-,-) 
  P9/csa_tree_add_33_32_groupi_cdnfadd9/CO  -       CI->CO F     ADDFXL         1  4.9   116   258    4602    (-,-) 
  P9/csa_tree_add_33_32_groupi_cdnfadd10/CO -       CI->CO F     ADDFXL         1  4.9   116   258    4861    (-,-) 
  P9/csa_tree_add_33_32_groupi_cdnfadd11/CO -       CI->CO F     ADDFXL         1  4.9   116   258    5119    (-,-) 
  P9/csa_tree_add_33_32_groupi_cdnfadd12/CO -       CI->CO F     ADDFXL         1  4.9   116   258    5377    (-,-) 
  P9/csa_tree_add_33_32_groupi_cdnfadd13/CO -       CI->CO F     ADDFXL         1  4.9   116   258    5636    (-,-) 
  P9/csa_tree_add_33_32_groupi_cdnfadd14/CO -       CI->CO F     ADDFXL         1  4.9   116   258    5894    (-,-) 
  P9/csa_tree_add_33_32_groupi_cdnfadd15/CO -       CI->CO F     ADDFXL         1  4.9   116   258    6153    (-,-) 
  P9/csa_tree_add_33_32_groupi_cdnfadd16/CO -       CI->CO F     ADDFXL         1  4.9   116   258    6411    (-,-) 
  P9/csa_tree_add_33_32_groupi_cdnfadd17/CO -       CI->CO F     ADDFXL         1  4.9   116   258    6669    (-,-) 
  P9/csa_tree_add_33_32_groupi_cdnfadd18/CO -       CI->CO F     ADDFXL         1  4.9   116   258    6928    (-,-) 
  P9/csa_tree_add_33_32_groupi_cdnfadd19/CO -       CI->CO F     ADDFXL         1  4.9   116   258    7186    (-,-) 
  P9/csa_tree_add_33_32_groupi_cdnfadd20/CO -       CI->CO F     ADDFXL         1  4.9   116   258    7445    (-,-) 
  P9/csa_tree_add_33_32_groupi_cdnfadd21/CO -       CI->CO F     ADDFXL         1  4.9   116   258    7703    (-,-) 
  P9/csa_tree_add_33_32_groupi_cdnfadd22/CO -       CI->CO F     ADDFXL         1  4.9   116   258    7961    (-,-) 
  P9/csa_tree_add_33_32_groupi_cdnfadd23/CO -       CI->CO F     ADDFXL         1  4.9   116   258    8220    (-,-) 
  P9/csa_tree_add_33_32_groupi_cdnfadd24/CO -       CI->CO F     ADDFXL         1  4.9   116   258    8478    (-,-) 
  P9/csa_tree_add_33_32_groupi_cdnfadd25/CO -       CI->CO F     ADDFXL         1  4.9   116   258    8737    (-,-) 
  P9/csa_tree_add_33_32_groupi_cdnfadd26/CO -       CI->CO F     ADDFXL         1  4.9   116   258    8995    (-,-) 
  P9/csa_tree_add_33_32_groupi_cdnfadd27/CO -       CI->CO F     ADDFXL         1  4.9   116   258    9253    (-,-) 
  P9/csa_tree_add_33_32_groupi_cdnfadd28/CO -       CI->CO F     ADDFXL         1  4.9   116   258    9512    (-,-) 
  P9/csa_tree_add_33_32_groupi_cdnfadd29/CO -       CI->CO F     ADDFXL         1  4.9   116   258    9770    (-,-) 
  P9/csa_tree_add_33_32_groupi_cdnfadd30/CO -       CI->CO F     ADDFXL         1  4.9   116   258   10029    (-,-) 
  P9/csa_tree_add_33_32_groupi_cdnfadd31/S  -       CI->S  R     ADDFXL         1  1.9    79   349   10377    (-,-) 
  P9/g106/Y                                 -       B->Y   R     MX2XL          1  2.3    81   150   10528    (-,-) 
  P9/result_reg[31]/D                       -       -      R     DFFRHQX1       1    -     -     0   10528    (-,-) 
#-------------------------------------------------------------------------------------------------------------------



Path 8: MET (2397 ps) Setup Check with Pin P8/result_reg[31]/CK->D
          Group: C2C
     Startpoint: (R) weight_reg_reg[7][2]/CK
          Clock: (R) clk
       Endpoint: (R) P8/result_reg[31]/D
          Clock: (R) clk

                     Capture       Launch     
        Clock Edge:+   13330            0     
       Src Latency:+       0            0     
       Net Latency:+       0 (I)        0 (I) 
           Arrival:=   13330            0     
                                              
             Setup:-     105                  
       Uncertainty:-     300                  
     Required Time:=   12925                  
      Launch Clock:-       0                  
         Data Path:-   10528                  
             Slack:=    2397                  

#-------------------------------------------------------------------------------------------------------------------
#               Timing Point                Flags    Arc   Edge   Cell     Fanout Load Trans Delay Arrival Instance 
#                                                                                 (fF)  (ps)  (ps)   (ps)  Location 
#-------------------------------------------------------------------------------------------------------------------
  weight_reg_reg[7][2]/CK                   -       -      R     (arrival)   1910    -   200     0       0    (-,-) 
  weight_reg_reg[7][2]/Q                    -       CK->Q  R     DFFRHQX1      26 49.3   422   650     650    (-,-) 
  P8/csa_tree_add_33_32_groupi_g3965/Y      -       A->Y   F     CLKINVX1      23 45.5   368   344     994    (-,-) 
  P8/csa_tree_add_33_32_groupi_g3910/Y      -       A->Y   R     MXI2XL         2  5.6   242   247    1241    (-,-) 
  P8/csa_tree_add_33_32_groupi_g3891/Y      -       B->Y   F     NAND2X1       18 30.3   426   352    1593    (-,-) 
  P8/csa_tree_add_33_32_groupi_g3858/Y      -       A0->Y  R     AOI21XL        1  3.7   198   215    1808    (-,-) 
  P8/csa_tree_add_33_32_groupi_g3769/Y      -       S0->Y  F     MXI2XL         1  6.2   237   159    1966    (-,-) 
  P8/csa_tree_add_33_32_groupi_cdnfadd/CO   -       B->CO  F     ADDFXL         1  4.9   118   307    2274    (-,-) 
  P8/csa_tree_add_33_32_groupi_cdnfadd1/CO  -       CI->CO F     ADDFXL         1  4.9   118   259    2533    (-,-) 
  P8/csa_tree_add_33_32_groupi_cdnfadd2/CO  -       CI->CO F     ADDFXL         1  4.9   118   259    2791    (-,-) 
  P8/csa_tree_add_33_32_groupi_cdnfadd3/CO  -       CI->CO F     ADDFXL         1  4.9   118   259    3050    (-,-) 
  P8/csa_tree_add_33_32_groupi_cdnfadd4/CO  -       CI->CO F     ADDFXL         1  4.9   118   259    3309    (-,-) 
  P8/csa_tree_add_33_32_groupi_cdnfadd5/CO  -       CI->CO F     ADDFXL         1  4.9   118   259    3568    (-,-) 
  P8/csa_tree_add_33_32_groupi_cdnfadd6/CO  -       CI->CO F     ADDFXL         1  4.9   118   259    3827    (-,-) 
  P8/csa_tree_add_33_32_groupi_cdnfadd7/CO  -       CI->CO F     ADDFXL         1  4.9   116   259    4085    (-,-) 
  P8/csa_tree_add_33_32_groupi_cdnfadd8/CO  -       CI->CO F     ADDFXL         1  4.9   116   258    4344    (-,-) 
  P8/csa_tree_add_33_32_groupi_cdnfadd9/CO  -       CI->CO F     ADDFXL         1  4.9   116   258    4602    (-,-) 
  P8/csa_tree_add_33_32_groupi_cdnfadd10/CO -       CI->CO F     ADDFXL         1  4.9   116   258    4861    (-,-) 
  P8/csa_tree_add_33_32_groupi_cdnfadd11/CO -       CI->CO F     ADDFXL         1  4.9   116   258    5119    (-,-) 
  P8/csa_tree_add_33_32_groupi_cdnfadd12/CO -       CI->CO F     ADDFXL         1  4.9   116   258    5377    (-,-) 
  P8/csa_tree_add_33_32_groupi_cdnfadd13/CO -       CI->CO F     ADDFXL         1  4.9   116   258    5636    (-,-) 
  P8/csa_tree_add_33_32_groupi_cdnfadd14/CO -       CI->CO F     ADDFXL         1  4.9   116   258    5894    (-,-) 
  P8/csa_tree_add_33_32_groupi_cdnfadd15/CO -       CI->CO F     ADDFXL         1  4.9   116   258    6153    (-,-) 
  P8/csa_tree_add_33_32_groupi_cdnfadd16/CO -       CI->CO F     ADDFXL         1  4.9   116   258    6411    (-,-) 
  P8/csa_tree_add_33_32_groupi_cdnfadd17/CO -       CI->CO F     ADDFXL         1  4.9   116   258    6669    (-,-) 
  P8/csa_tree_add_33_32_groupi_cdnfadd18/CO -       CI->CO F     ADDFXL         1  4.9   116   258    6928    (-,-) 
  P8/csa_tree_add_33_32_groupi_cdnfadd19/CO -       CI->CO F     ADDFXL         1  4.9   116   258    7186    (-,-) 
  P8/csa_tree_add_33_32_groupi_cdnfadd20/CO -       CI->CO F     ADDFXL         1  4.9   116   258    7445    (-,-) 
  P8/csa_tree_add_33_32_groupi_cdnfadd21/CO -       CI->CO F     ADDFXL         1  4.9   116   258    7703    (-,-) 
  P8/csa_tree_add_33_32_groupi_cdnfadd22/CO -       CI->CO F     ADDFXL         1  4.9   116   258    7961    (-,-) 
  P8/csa_tree_add_33_32_groupi_cdnfadd23/CO -       CI->CO F     ADDFXL         1  4.9   116   258    8220    (-,-) 
  P8/csa_tree_add_33_32_groupi_cdnfadd24/CO -       CI->CO F     ADDFXL         1  4.9   116   258    8478    (-,-) 
  P8/csa_tree_add_33_32_groupi_cdnfadd25/CO -       CI->CO F     ADDFXL         1  4.9   116   258    8737    (-,-) 
  P8/csa_tree_add_33_32_groupi_cdnfadd26/CO -       CI->CO F     ADDFXL         1  4.9   116   258    8995    (-,-) 
  P8/csa_tree_add_33_32_groupi_cdnfadd27/CO -       CI->CO F     ADDFXL         1  4.9   116   258    9253    (-,-) 
  P8/csa_tree_add_33_32_groupi_cdnfadd28/CO -       CI->CO F     ADDFXL         1  4.9   116   258    9512    (-,-) 
  P8/csa_tree_add_33_32_groupi_cdnfadd29/CO -       CI->CO F     ADDFXL         1  4.9   116   258    9770    (-,-) 
  P8/csa_tree_add_33_32_groupi_cdnfadd30/CO -       CI->CO F     ADDFXL         1  4.9   116   258   10029    (-,-) 
  P8/csa_tree_add_33_32_groupi_cdnfadd31/S  -       CI->S  R     ADDFXL         1  1.9    79   349   10377    (-,-) 
  P8/g106/Y                                 -       B->Y   R     MX2XL          1  2.3    81   150   10528    (-,-) 
  P8/result_reg[31]/D                       -       -      R     DFFRHQX1       1    -     -     0   10528    (-,-) 
#-------------------------------------------------------------------------------------------------------------------



Path 9: MET (2397 ps) Setup Check with Pin P7/result_reg[31]/CK->D
          Group: C2C
     Startpoint: (R) weight_reg_reg[6][2]/CK
          Clock: (R) clk
       Endpoint: (R) P7/result_reg[31]/D
          Clock: (R) clk

                     Capture       Launch     
        Clock Edge:+   13330            0     
       Src Latency:+       0            0     
       Net Latency:+       0 (I)        0 (I) 
           Arrival:=   13330            0     
                                              
             Setup:-     105                  
       Uncertainty:-     300                  
     Required Time:=   12925                  
      Launch Clock:-       0                  
         Data Path:-   10528                  
             Slack:=    2397                  

#-------------------------------------------------------------------------------------------------------------------
#               Timing Point                Flags    Arc   Edge   Cell     Fanout Load Trans Delay Arrival Instance 
#                                                                                 (fF)  (ps)  (ps)   (ps)  Location 
#-------------------------------------------------------------------------------------------------------------------
  weight_reg_reg[6][2]/CK                   -       -      R     (arrival)   1910    -   200     0       0    (-,-) 
  weight_reg_reg[6][2]/Q                    -       CK->Q  R     DFFRHQX1      26 49.3   422   650     650    (-,-) 
  P7/csa_tree_add_33_32_groupi_g3965/Y      -       A->Y   F     CLKINVX1      23 45.5   368   344     994    (-,-) 
  P7/csa_tree_add_33_32_groupi_g3910/Y      -       A->Y   R     MXI2XL         2  5.6   242   247    1241    (-,-) 
  P7/csa_tree_add_33_32_groupi_g3891/Y      -       B->Y   F     NAND2X1       18 30.3   426   352    1593    (-,-) 
  P7/csa_tree_add_33_32_groupi_g3858/Y      -       A0->Y  R     AOI21XL        1  3.7   198   215    1808    (-,-) 
  P7/csa_tree_add_33_32_groupi_g3769/Y      -       S0->Y  F     MXI2XL         1  6.2   237   159    1966    (-,-) 
  P7/csa_tree_add_33_32_groupi_cdnfadd/CO   -       B->CO  F     ADDFXL         1  4.9   118   307    2274    (-,-) 
  P7/csa_tree_add_33_32_groupi_cdnfadd1/CO  -       CI->CO F     ADDFXL         1  4.9   118   259    2533    (-,-) 
  P7/csa_tree_add_33_32_groupi_cdnfadd2/CO  -       CI->CO F     ADDFXL         1  4.9   118   259    2791    (-,-) 
  P7/csa_tree_add_33_32_groupi_cdnfadd3/CO  -       CI->CO F     ADDFXL         1  4.9   118   259    3050    (-,-) 
  P7/csa_tree_add_33_32_groupi_cdnfadd4/CO  -       CI->CO F     ADDFXL         1  4.9   118   259    3309    (-,-) 
  P7/csa_tree_add_33_32_groupi_cdnfadd5/CO  -       CI->CO F     ADDFXL         1  4.9   118   259    3568    (-,-) 
  P7/csa_tree_add_33_32_groupi_cdnfadd6/CO  -       CI->CO F     ADDFXL         1  4.9   118   259    3827    (-,-) 
  P7/csa_tree_add_33_32_groupi_cdnfadd7/CO  -       CI->CO F     ADDFXL         1  4.9   116   259    4085    (-,-) 
  P7/csa_tree_add_33_32_groupi_cdnfadd8/CO  -       CI->CO F     ADDFXL         1  4.9   116   258    4344    (-,-) 
  P7/csa_tree_add_33_32_groupi_cdnfadd9/CO  -       CI->CO F     ADDFXL         1  4.9   116   258    4602    (-,-) 
  P7/csa_tree_add_33_32_groupi_cdnfadd10/CO -       CI->CO F     ADDFXL         1  4.9   116   258    4861    (-,-) 
  P7/csa_tree_add_33_32_groupi_cdnfadd11/CO -       CI->CO F     ADDFXL         1  4.9   116   258    5119    (-,-) 
  P7/csa_tree_add_33_32_groupi_cdnfadd12/CO -       CI->CO F     ADDFXL         1  4.9   116   258    5377    (-,-) 
  P7/csa_tree_add_33_32_groupi_cdnfadd13/CO -       CI->CO F     ADDFXL         1  4.9   116   258    5636    (-,-) 
  P7/csa_tree_add_33_32_groupi_cdnfadd14/CO -       CI->CO F     ADDFXL         1  4.9   116   258    5894    (-,-) 
  P7/csa_tree_add_33_32_groupi_cdnfadd15/CO -       CI->CO F     ADDFXL         1  4.9   116   258    6153    (-,-) 
  P7/csa_tree_add_33_32_groupi_cdnfadd16/CO -       CI->CO F     ADDFXL         1  4.9   116   258    6411    (-,-) 
  P7/csa_tree_add_33_32_groupi_cdnfadd17/CO -       CI->CO F     ADDFXL         1  4.9   116   258    6669    (-,-) 
  P7/csa_tree_add_33_32_groupi_cdnfadd18/CO -       CI->CO F     ADDFXL         1  4.9   116   258    6928    (-,-) 
  P7/csa_tree_add_33_32_groupi_cdnfadd19/CO -       CI->CO F     ADDFXL         1  4.9   116   258    7186    (-,-) 
  P7/csa_tree_add_33_32_groupi_cdnfadd20/CO -       CI->CO F     ADDFXL         1  4.9   116   258    7445    (-,-) 
  P7/csa_tree_add_33_32_groupi_cdnfadd21/CO -       CI->CO F     ADDFXL         1  4.9   116   258    7703    (-,-) 
  P7/csa_tree_add_33_32_groupi_cdnfadd22/CO -       CI->CO F     ADDFXL         1  4.9   116   258    7961    (-,-) 
  P7/csa_tree_add_33_32_groupi_cdnfadd23/CO -       CI->CO F     ADDFXL         1  4.9   116   258    8220    (-,-) 
  P7/csa_tree_add_33_32_groupi_cdnfadd24/CO -       CI->CO F     ADDFXL         1  4.9   116   258    8478    (-,-) 
  P7/csa_tree_add_33_32_groupi_cdnfadd25/CO -       CI->CO F     ADDFXL         1  4.9   116   258    8737    (-,-) 
  P7/csa_tree_add_33_32_groupi_cdnfadd26/CO -       CI->CO F     ADDFXL         1  4.9   116   258    8995    (-,-) 
  P7/csa_tree_add_33_32_groupi_cdnfadd27/CO -       CI->CO F     ADDFXL         1  4.9   116   258    9253    (-,-) 
  P7/csa_tree_add_33_32_groupi_cdnfadd28/CO -       CI->CO F     ADDFXL         1  4.9   116   258    9512    (-,-) 
  P7/csa_tree_add_33_32_groupi_cdnfadd29/CO -       CI->CO F     ADDFXL         1  4.9   116   258    9770    (-,-) 
  P7/csa_tree_add_33_32_groupi_cdnfadd30/CO -       CI->CO F     ADDFXL         1  4.9   116   258   10029    (-,-) 
  P7/csa_tree_add_33_32_groupi_cdnfadd31/S  -       CI->S  R     ADDFXL         1  1.9    79   349   10377    (-,-) 
  P7/g106/Y                                 -       B->Y   R     MX2XL          1  2.3    81   150   10528    (-,-) 
  P7/result_reg[31]/D                       -       -      R     DFFRHQX1       1    -     -     0   10528    (-,-) 
#-------------------------------------------------------------------------------------------------------------------



Path 10: MET (2399 ps) Setup Check with Pin P15/result_reg[31]/CK->D
          Group: C2C
     Startpoint: (R) weight_reg_reg[14][2]/CK
          Clock: (R) clk
       Endpoint: (R) P15/result_reg[31]/D
          Clock: (R) clk

                     Capture       Launch     
        Clock Edge:+   13330            0     
       Src Latency:+       0            0     
       Net Latency:+       0 (I)        0 (I) 
           Arrival:=   13330            0     
                                              
             Setup:-     105                  
       Uncertainty:-     300                  
     Required Time:=   12925                  
      Launch Clock:-       0                  
         Data Path:-   10526                  
             Slack:=    2399                  

#--------------------------------------------------------------------------------------------------------------------
#               Timing Point                 Flags    Arc   Edge   Cell     Fanout Load Trans Delay Arrival Instance 
#                                                                                  (fF)  (ps)  (ps)   (ps)  Location 
#--------------------------------------------------------------------------------------------------------------------
  weight_reg_reg[14][2]/CK                   -       -      R     (arrival)   1910    -   200     0       0    (-,-) 
  weight_reg_reg[14][2]/Q                    -       CK->Q  R     DFFRHQX1      26 49.1   420   649     649    (-,-) 
  P15/csa_tree_add_33_32_groupi_g3965/Y      -       A->Y   F     CLKINVX1      23 45.5   367   344     993    (-,-) 
  P15/csa_tree_add_33_32_groupi_g3910/Y      -       A->Y   R     MXI2XL         2  5.6   242   247    1239    (-,-) 
  P15/csa_tree_add_33_32_groupi_g3891/Y      -       B->Y   F     NAND2X1       18 30.3   426   352    1591    (-,-) 
  P15/csa_tree_add_33_32_groupi_g3858/Y      -       A0->Y  R     AOI21XL        1  3.7   198   215    1806    (-,-) 
  P15/csa_tree_add_33_32_groupi_g3769/Y      -       S0->Y  F     MXI2XL         1  6.2   237   159    1965    (-,-) 
  P15/csa_tree_add_33_32_groupi_cdnfadd/CO   -       B->CO  F     ADDFXL         1  4.9   118   307    2272    (-,-) 
  P15/csa_tree_add_33_32_groupi_cdnfadd1/CO  -       CI->CO F     ADDFXL         1  4.9   118   259    2531    (-,-) 
  P15/csa_tree_add_33_32_groupi_cdnfadd2/CO  -       CI->CO F     ADDFXL         1  4.9   118   259    2790    (-,-) 
  P15/csa_tree_add_33_32_groupi_cdnfadd3/CO  -       CI->CO F     ADDFXL         1  4.9   118   259    3048    (-,-) 
  P15/csa_tree_add_33_32_groupi_cdnfadd4/CO  -       CI->CO F     ADDFXL         1  4.9   118   259    3307    (-,-) 
  P15/csa_tree_add_33_32_groupi_cdnfadd5/CO  -       CI->CO F     ADDFXL         1  4.9   118   259    3566    (-,-) 
  P15/csa_tree_add_33_32_groupi_cdnfadd6/CO  -       CI->CO F     ADDFXL         1  4.9   118   259    3825    (-,-) 
  P15/csa_tree_add_33_32_groupi_cdnfadd7/CO  -       CI->CO F     ADDFXL         1  4.9   116   259    4084    (-,-) 
  P15/csa_tree_add_33_32_groupi_cdnfadd8/CO  -       CI->CO F     ADDFXL         1  4.9   116   258    4342    (-,-) 
  P15/csa_tree_add_33_32_groupi_cdnfadd9/CO  -       CI->CO F     ADDFXL         1  4.9   116   258    4600    (-,-) 
  P15/csa_tree_add_33_32_groupi_cdnfadd10/CO -       CI->CO F     ADDFXL         1  4.9   116   258    4859    (-,-) 
  P15/csa_tree_add_33_32_groupi_cdnfadd11/CO -       CI->CO F     ADDFXL         1  4.9   116   258    5117    (-,-) 
  P15/csa_tree_add_33_32_groupi_cdnfadd12/CO -       CI->CO F     ADDFXL         1  4.9   116   258    5376    (-,-) 
  P15/csa_tree_add_33_32_groupi_cdnfadd13/CO -       CI->CO F     ADDFXL         1  4.9   116   258    5634    (-,-) 
  P15/csa_tree_add_33_32_groupi_cdnfadd14/CO -       CI->CO F     ADDFXL         1  4.9   116   258    5892    (-,-) 
  P15/csa_tree_add_33_32_groupi_cdnfadd15/CO -       CI->CO F     ADDFXL         1  4.9   116   258    6151    (-,-) 
  P15/csa_tree_add_33_32_groupi_cdnfadd16/CO -       CI->CO F     ADDFXL         1  4.9   116   258    6409    (-,-) 
  P15/csa_tree_add_33_32_groupi_cdnfadd17/CO -       CI->CO F     ADDFXL         1  4.9   116   258    6668    (-,-) 
  P15/csa_tree_add_33_32_groupi_cdnfadd18/CO -       CI->CO F     ADDFXL         1  4.9   116   258    6926    (-,-) 
  P15/csa_tree_add_33_32_groupi_cdnfadd19/CO -       CI->CO F     ADDFXL         1  4.9   116   258    7184    (-,-) 
  P15/csa_tree_add_33_32_groupi_cdnfadd20/CO -       CI->CO F     ADDFXL         1  4.9   116   258    7443    (-,-) 
  P15/csa_tree_add_33_32_groupi_cdnfadd21/CO -       CI->CO F     ADDFXL         1  4.9   116   258    7701    (-,-) 
  P15/csa_tree_add_33_32_groupi_cdnfadd22/CO -       CI->CO F     ADDFXL         1  4.9   116   258    7960    (-,-) 
  P15/csa_tree_add_33_32_groupi_cdnfadd23/CO -       CI->CO F     ADDFXL         1  4.9   116   258    8218    (-,-) 
  P15/csa_tree_add_33_32_groupi_cdnfadd24/CO -       CI->CO F     ADDFXL         1  4.9   116   258    8476    (-,-) 
  P15/csa_tree_add_33_32_groupi_cdnfadd25/CO -       CI->CO F     ADDFXL         1  4.9   116   258    8735    (-,-) 
  P15/csa_tree_add_33_32_groupi_cdnfadd26/CO -       CI->CO F     ADDFXL         1  4.9   116   258    8993    (-,-) 
  P15/csa_tree_add_33_32_groupi_cdnfadd27/CO -       CI->CO F     ADDFXL         1  4.9   116   258    9252    (-,-) 
  P15/csa_tree_add_33_32_groupi_cdnfadd28/CO -       CI->CO F     ADDFXL         1  4.9   116   258    9510    (-,-) 
  P15/csa_tree_add_33_32_groupi_cdnfadd29/CO -       CI->CO F     ADDFXL         1  4.9   116   258    9768    (-,-) 
  P15/csa_tree_add_33_32_groupi_cdnfadd30/CO -       CI->CO F     ADDFXL         1  4.9   116   258   10027    (-,-) 
  P15/csa_tree_add_33_32_groupi_cdnfadd31/S  -       CI->S  R     ADDFXL         1  1.9    79   349   10376    (-,-) 
  P15/g106/Y                                 -       B->Y   R     MX2XL          1  2.3    81   150   10526    (-,-) 
  P15/result_reg[31]/D                       -       -      R     DFFRHQX2       1    -     -     0   10526    (-,-) 
#--------------------------------------------------------------------------------------------------------------------



Path 11: MET (2399 ps) Setup Check with Pin P6/result_reg[31]/CK->D
          Group: C2C
     Startpoint: (R) weight_reg_reg[5][2]/CK
          Clock: (R) clk
       Endpoint: (R) P6/result_reg[31]/D
          Clock: (R) clk

                     Capture       Launch     
        Clock Edge:+   13330            0     
       Src Latency:+       0            0     
       Net Latency:+       0 (I)        0 (I) 
           Arrival:=   13330            0     
                                              
             Setup:-     105                  
       Uncertainty:-     300                  
     Required Time:=   12925                  
      Launch Clock:-       0                  
         Data Path:-   10526                  
             Slack:=    2399                  

#-------------------------------------------------------------------------------------------------------------------
#               Timing Point                Flags    Arc   Edge   Cell     Fanout Load Trans Delay Arrival Instance 
#                                                                                 (fF)  (ps)  (ps)   (ps)  Location 
#-------------------------------------------------------------------------------------------------------------------
  weight_reg_reg[5][2]/CK                   -       -      R     (arrival)   1910    -   200     0       0    (-,-) 
  weight_reg_reg[5][2]/Q                    -       CK->Q  R     DFFRHQX1      26 49.1   420   649     649    (-,-) 
  P6/csa_tree_add_33_32_groupi_g3965/Y      -       A->Y   F     CLKINVX1      23 45.5   367   344     993    (-,-) 
  P6/csa_tree_add_33_32_groupi_g3910/Y      -       A->Y   R     MXI2XL         2  5.6   242   247    1239    (-,-) 
  P6/csa_tree_add_33_32_groupi_g3891/Y      -       B->Y   F     NAND2X1       18 30.3   426   352    1591    (-,-) 
  P6/csa_tree_add_33_32_groupi_g3858/Y      -       A0->Y  R     AOI21XL        1  3.7   198   215    1806    (-,-) 
  P6/csa_tree_add_33_32_groupi_g3769/Y      -       S0->Y  F     MXI2XL         1  6.2   237   159    1965    (-,-) 
  P6/csa_tree_add_33_32_groupi_cdnfadd/CO   -       B->CO  F     ADDFXL         1  4.9   118   307    2272    (-,-) 
  P6/csa_tree_add_33_32_groupi_cdnfadd1/CO  -       CI->CO F     ADDFXL         1  4.9   118   259    2531    (-,-) 
  P6/csa_tree_add_33_32_groupi_cdnfadd2/CO  -       CI->CO F     ADDFXL         1  4.9   118   259    2790    (-,-) 
  P6/csa_tree_add_33_32_groupi_cdnfadd3/CO  -       CI->CO F     ADDFXL         1  4.9   118   259    3048    (-,-) 
  P6/csa_tree_add_33_32_groupi_cdnfadd4/CO  -       CI->CO F     ADDFXL         1  4.9   118   259    3307    (-,-) 
  P6/csa_tree_add_33_32_groupi_cdnfadd5/CO  -       CI->CO F     ADDFXL         1  4.9   118   259    3566    (-,-) 
  P6/csa_tree_add_33_32_groupi_cdnfadd6/CO  -       CI->CO F     ADDFXL         1  4.9   118   259    3825    (-,-) 
  P6/csa_tree_add_33_32_groupi_cdnfadd7/CO  -       CI->CO F     ADDFXL         1  4.9   116   259    4084    (-,-) 
  P6/csa_tree_add_33_32_groupi_cdnfadd8/CO  -       CI->CO F     ADDFXL         1  4.9   116   258    4342    (-,-) 
  P6/csa_tree_add_33_32_groupi_cdnfadd9/CO  -       CI->CO F     ADDFXL         1  4.9   116   258    4600    (-,-) 
  P6/csa_tree_add_33_32_groupi_cdnfadd10/CO -       CI->CO F     ADDFXL         1  4.9   116   258    4859    (-,-) 
  P6/csa_tree_add_33_32_groupi_cdnfadd11/CO -       CI->CO F     ADDFXL         1  4.9   116   258    5117    (-,-) 
  P6/csa_tree_add_33_32_groupi_cdnfadd12/CO -       CI->CO F     ADDFXL         1  4.9   116   258    5376    (-,-) 
  P6/csa_tree_add_33_32_groupi_cdnfadd13/CO -       CI->CO F     ADDFXL         1  4.9   116   258    5634    (-,-) 
  P6/csa_tree_add_33_32_groupi_cdnfadd14/CO -       CI->CO F     ADDFXL         1  4.9   116   258    5892    (-,-) 
  P6/csa_tree_add_33_32_groupi_cdnfadd15/CO -       CI->CO F     ADDFXL         1  4.9   116   258    6151    (-,-) 
  P6/csa_tree_add_33_32_groupi_cdnfadd16/CO -       CI->CO F     ADDFXL         1  4.9   116   258    6409    (-,-) 
  P6/csa_tree_add_33_32_groupi_cdnfadd17/CO -       CI->CO F     ADDFXL         1  4.9   116   258    6668    (-,-) 
  P6/csa_tree_add_33_32_groupi_cdnfadd18/CO -       CI->CO F     ADDFXL         1  4.9   116   258    6926    (-,-) 
  P6/csa_tree_add_33_32_groupi_cdnfadd19/CO -       CI->CO F     ADDFXL         1  4.9   116   258    7184    (-,-) 
  P6/csa_tree_add_33_32_groupi_cdnfadd20/CO -       CI->CO F     ADDFXL         1  4.9   116   258    7443    (-,-) 
  P6/csa_tree_add_33_32_groupi_cdnfadd21/CO -       CI->CO F     ADDFXL         1  4.9   116   258    7701    (-,-) 
  P6/csa_tree_add_33_32_groupi_cdnfadd22/CO -       CI->CO F     ADDFXL         1  4.9   116   258    7960    (-,-) 
  P6/csa_tree_add_33_32_groupi_cdnfadd23/CO -       CI->CO F     ADDFXL         1  4.9   116   258    8218    (-,-) 
  P6/csa_tree_add_33_32_groupi_cdnfadd24/CO -       CI->CO F     ADDFXL         1  4.9   116   258    8476    (-,-) 
  P6/csa_tree_add_33_32_groupi_cdnfadd25/CO -       CI->CO F     ADDFXL         1  4.9   116   258    8735    (-,-) 
  P6/csa_tree_add_33_32_groupi_cdnfadd26/CO -       CI->CO F     ADDFXL         1  4.9   116   258    8993    (-,-) 
  P6/csa_tree_add_33_32_groupi_cdnfadd27/CO -       CI->CO F     ADDFXL         1  4.9   116   258    9252    (-,-) 
  P6/csa_tree_add_33_32_groupi_cdnfadd28/CO -       CI->CO F     ADDFXL         1  4.9   116   258    9510    (-,-) 
  P6/csa_tree_add_33_32_groupi_cdnfadd29/CO -       CI->CO F     ADDFXL         1  4.9   116   258    9768    (-,-) 
  P6/csa_tree_add_33_32_groupi_cdnfadd30/CO -       CI->CO F     ADDFXL         1  4.9   116   258   10027    (-,-) 
  P6/csa_tree_add_33_32_groupi_cdnfadd31/S  -       CI->S  R     ADDFXL         1  1.9    79   349   10376    (-,-) 
  P6/g106/Y                                 -       B->Y   R     MX2XL          1  2.3    81   150   10526    (-,-) 
  P6/result_reg[31]/D                       -       -      R     DFFRHQX1       1    -     -     0   10526    (-,-) 
#-------------------------------------------------------------------------------------------------------------------



Path 12: MET (2399 ps) Setup Check with Pin P5/result_reg[31]/CK->D
          Group: C2C
     Startpoint: (R) weight_reg_reg[4][2]/CK
          Clock: (R) clk
       Endpoint: (R) P5/result_reg[31]/D
          Clock: (R) clk

                     Capture       Launch     
        Clock Edge:+   13330            0     
       Src Latency:+       0            0     
       Net Latency:+       0 (I)        0 (I) 
           Arrival:=   13330            0     
                                              
             Setup:-     105                  
       Uncertainty:-     300                  
     Required Time:=   12925                  
      Launch Clock:-       0                  
         Data Path:-   10526                  
             Slack:=    2399                  

#-------------------------------------------------------------------------------------------------------------------
#               Timing Point                Flags    Arc   Edge   Cell     Fanout Load Trans Delay Arrival Instance 
#                                                                                 (fF)  (ps)  (ps)   (ps)  Location 
#-------------------------------------------------------------------------------------------------------------------
  weight_reg_reg[4][2]/CK                   -       -      R     (arrival)   1910    -   200     0       0    (-,-) 
  weight_reg_reg[4][2]/Q                    -       CK->Q  R     DFFRHQX1      26 49.1   420   649     649    (-,-) 
  P5/csa_tree_add_33_32_groupi_g3965/Y      -       A->Y   F     CLKINVX1      23 45.5   367   344     993    (-,-) 
  P5/csa_tree_add_33_32_groupi_g3910/Y      -       A->Y   R     MXI2XL         2  5.6   242   247    1239    (-,-) 
  P5/csa_tree_add_33_32_groupi_g3891/Y      -       B->Y   F     NAND2X1       18 30.3   426   352    1591    (-,-) 
  P5/csa_tree_add_33_32_groupi_g3858/Y      -       A0->Y  R     AOI21XL        1  3.7   198   215    1806    (-,-) 
  P5/csa_tree_add_33_32_groupi_g3769/Y      -       S0->Y  F     MXI2XL         1  6.2   237   159    1965    (-,-) 
  P5/csa_tree_add_33_32_groupi_cdnfadd/CO   -       B->CO  F     ADDFXL         1  4.9   118   307    2272    (-,-) 
  P5/csa_tree_add_33_32_groupi_cdnfadd1/CO  -       CI->CO F     ADDFXL         1  4.9   118   259    2531    (-,-) 
  P5/csa_tree_add_33_32_groupi_cdnfadd2/CO  -       CI->CO F     ADDFXL         1  4.9   118   259    2790    (-,-) 
  P5/csa_tree_add_33_32_groupi_cdnfadd3/CO  -       CI->CO F     ADDFXL         1  4.9   118   259    3048    (-,-) 
  P5/csa_tree_add_33_32_groupi_cdnfadd4/CO  -       CI->CO F     ADDFXL         1  4.9   118   259    3307    (-,-) 
  P5/csa_tree_add_33_32_groupi_cdnfadd5/CO  -       CI->CO F     ADDFXL         1  4.9   118   259    3566    (-,-) 
  P5/csa_tree_add_33_32_groupi_cdnfadd6/CO  -       CI->CO F     ADDFXL         1  4.9   118   259    3825    (-,-) 
  P5/csa_tree_add_33_32_groupi_cdnfadd7/CO  -       CI->CO F     ADDFXL         1  4.9   116   259    4084    (-,-) 
  P5/csa_tree_add_33_32_groupi_cdnfadd8/CO  -       CI->CO F     ADDFXL         1  4.9   116   258    4342    (-,-) 
  P5/csa_tree_add_33_32_groupi_cdnfadd9/CO  -       CI->CO F     ADDFXL         1  4.9   116   258    4600    (-,-) 
  P5/csa_tree_add_33_32_groupi_cdnfadd10/CO -       CI->CO F     ADDFXL         1  4.9   116   258    4859    (-,-) 
  P5/csa_tree_add_33_32_groupi_cdnfadd11/CO -       CI->CO F     ADDFXL         1  4.9   116   258    5117    (-,-) 
  P5/csa_tree_add_33_32_groupi_cdnfadd12/CO -       CI->CO F     ADDFXL         1  4.9   116   258    5376    (-,-) 
  P5/csa_tree_add_33_32_groupi_cdnfadd13/CO -       CI->CO F     ADDFXL         1  4.9   116   258    5634    (-,-) 
  P5/csa_tree_add_33_32_groupi_cdnfadd14/CO -       CI->CO F     ADDFXL         1  4.9   116   258    5892    (-,-) 
  P5/csa_tree_add_33_32_groupi_cdnfadd15/CO -       CI->CO F     ADDFXL         1  4.9   116   258    6151    (-,-) 
  P5/csa_tree_add_33_32_groupi_cdnfadd16/CO -       CI->CO F     ADDFXL         1  4.9   116   258    6409    (-,-) 
  P5/csa_tree_add_33_32_groupi_cdnfadd17/CO -       CI->CO F     ADDFXL         1  4.9   116   258    6668    (-,-) 
  P5/csa_tree_add_33_32_groupi_cdnfadd18/CO -       CI->CO F     ADDFXL         1  4.9   116   258    6926    (-,-) 
  P5/csa_tree_add_33_32_groupi_cdnfadd19/CO -       CI->CO F     ADDFXL         1  4.9   116   258    7184    (-,-) 
  P5/csa_tree_add_33_32_groupi_cdnfadd20/CO -       CI->CO F     ADDFXL         1  4.9   116   258    7443    (-,-) 
  P5/csa_tree_add_33_32_groupi_cdnfadd21/CO -       CI->CO F     ADDFXL         1  4.9   116   258    7701    (-,-) 
  P5/csa_tree_add_33_32_groupi_cdnfadd22/CO -       CI->CO F     ADDFXL         1  4.9   116   258    7960    (-,-) 
  P5/csa_tree_add_33_32_groupi_cdnfadd23/CO -       CI->CO F     ADDFXL         1  4.9   116   258    8218    (-,-) 
  P5/csa_tree_add_33_32_groupi_cdnfadd24/CO -       CI->CO F     ADDFXL         1  4.9   116   258    8476    (-,-) 
  P5/csa_tree_add_33_32_groupi_cdnfadd25/CO -       CI->CO F     ADDFXL         1  4.9   116   258    8735    (-,-) 
  P5/csa_tree_add_33_32_groupi_cdnfadd26/CO -       CI->CO F     ADDFXL         1  4.9   116   258    8993    (-,-) 
  P5/csa_tree_add_33_32_groupi_cdnfadd27/CO -       CI->CO F     ADDFXL         1  4.9   116   258    9252    (-,-) 
  P5/csa_tree_add_33_32_groupi_cdnfadd28/CO -       CI->CO F     ADDFXL         1  4.9   116   258    9510    (-,-) 
  P5/csa_tree_add_33_32_groupi_cdnfadd29/CO -       CI->CO F     ADDFXL         1  4.9   116   258    9768    (-,-) 
  P5/csa_tree_add_33_32_groupi_cdnfadd30/CO -       CI->CO F     ADDFXL         1  4.9   116   258   10027    (-,-) 
  P5/csa_tree_add_33_32_groupi_cdnfadd31/S  -       CI->S  R     ADDFXL         1  1.9    79   349   10376    (-,-) 
  P5/g106/Y                                 -       B->Y   R     MX2XL          1  2.3    81   150   10526    (-,-) 
  P5/result_reg[31]/D                       -       -      R     DFFRHQX1       1    -     -     0   10526    (-,-) 
#-------------------------------------------------------------------------------------------------------------------



Path 13: MET (2655 ps) Setup Check with Pin P16/result_reg[30]/CK->D
          Group: C2C
     Startpoint: (R) weight_reg_reg[15][2]/CK
          Clock: (R) clk
       Endpoint: (R) P16/result_reg[30]/D
          Clock: (R) clk

                     Capture       Launch     
        Clock Edge:+   13330            0     
       Src Latency:+       0            0     
       Net Latency:+       0 (I)        0 (I) 
           Arrival:=   13330            0     
                                              
             Setup:-     105                  
       Uncertainty:-     300                  
     Required Time:=   12925                  
      Launch Clock:-       0                  
         Data Path:-   10270                  
             Slack:=    2655                  

#--------------------------------------------------------------------------------------------------------------------
#               Timing Point                 Flags    Arc   Edge   Cell     Fanout Load Trans Delay Arrival Instance 
#                                                                                  (fF)  (ps)  (ps)   (ps)  Location 
#--------------------------------------------------------------------------------------------------------------------
  weight_reg_reg[15][2]/CK                   -       -      R     (arrival)   1910    -   200     0       0    (-,-) 
  weight_reg_reg[15][2]/Q                    -       CK->Q  R     DFFRHQX1      26 49.3   422   650     650    (-,-) 
  P16/csa_tree_add_33_32_groupi_g3965/Y      -       A->Y   F     CLKINVX1      23 45.5   368   344     994    (-,-) 
  P16/csa_tree_add_33_32_groupi_g3910/Y      -       A->Y   R     MXI2XL         2  5.6   242   247    1241    (-,-) 
  P16/csa_tree_add_33_32_groupi_g3891/Y      -       B->Y   F     NAND2X1       18 30.3   426   352    1593    (-,-) 
  P16/csa_tree_add_33_32_groupi_g3858/Y      -       A0->Y  R     AOI21XL        1  3.7   198   215    1808    (-,-) 
  P16/csa_tree_add_33_32_groupi_g3769/Y      -       S0->Y  F     MXI2XL         1  6.2   237   159    1966    (-,-) 
  P16/csa_tree_add_33_32_groupi_cdnfadd/CO   -       B->CO  F     ADDFXL         1  4.9   118   307    2274    (-,-) 
  P16/csa_tree_add_33_32_groupi_cdnfadd1/CO  -       CI->CO F     ADDFXL         1  4.9   118   259    2533    (-,-) 
  P16/csa_tree_add_33_32_groupi_cdnfadd2/CO  -       CI->CO F     ADDFXL         1  4.9   118   259    2791    (-,-) 
  P16/csa_tree_add_33_32_groupi_cdnfadd3/CO  -       CI->CO F     ADDFXL         1  4.9   118   259    3050    (-,-) 
  P16/csa_tree_add_33_32_groupi_cdnfadd4/CO  -       CI->CO F     ADDFXL         1  4.9   118   259    3309    (-,-) 
  P16/csa_tree_add_33_32_groupi_cdnfadd5/CO  -       CI->CO F     ADDFXL         1  4.9   118   259    3568    (-,-) 
  P16/csa_tree_add_33_32_groupi_cdnfadd6/CO  -       CI->CO F     ADDFXL         1  4.9   118   259    3827    (-,-) 
  P16/csa_tree_add_33_32_groupi_cdnfadd7/CO  -       CI->CO F     ADDFXL         1  4.9   116   259    4085    (-,-) 
  P16/csa_tree_add_33_32_groupi_cdnfadd8/CO  -       CI->CO F     ADDFXL         1  4.9   116   258    4344    (-,-) 
  P16/csa_tree_add_33_32_groupi_cdnfadd9/CO  -       CI->CO F     ADDFXL         1  4.9   116   258    4602    (-,-) 
  P16/csa_tree_add_33_32_groupi_cdnfadd10/CO -       CI->CO F     ADDFXL         1  4.9   116   258    4861    (-,-) 
  P16/csa_tree_add_33_32_groupi_cdnfadd11/CO -       CI->CO F     ADDFXL         1  4.9   116   258    5119    (-,-) 
  P16/csa_tree_add_33_32_groupi_cdnfadd12/CO -       CI->CO F     ADDFXL         1  4.9   116   258    5377    (-,-) 
  P16/csa_tree_add_33_32_groupi_cdnfadd13/CO -       CI->CO F     ADDFXL         1  4.9   116   258    5636    (-,-) 
  P16/csa_tree_add_33_32_groupi_cdnfadd14/CO -       CI->CO F     ADDFXL         1  4.9   116   258    5894    (-,-) 
  P16/csa_tree_add_33_32_groupi_cdnfadd15/CO -       CI->CO F     ADDFXL         1  4.9   116   258    6153    (-,-) 
  P16/csa_tree_add_33_32_groupi_cdnfadd16/CO -       CI->CO F     ADDFXL         1  4.9   116   258    6411    (-,-) 
  P16/csa_tree_add_33_32_groupi_cdnfadd17/CO -       CI->CO F     ADDFXL         1  4.9   116   258    6669    (-,-) 
  P16/csa_tree_add_33_32_groupi_cdnfadd18/CO -       CI->CO F     ADDFXL         1  4.9   116   258    6928    (-,-) 
  P16/csa_tree_add_33_32_groupi_cdnfadd19/CO -       CI->CO F     ADDFXL         1  4.9   116   258    7186    (-,-) 
  P16/csa_tree_add_33_32_groupi_cdnfadd20/CO -       CI->CO F     ADDFXL         1  4.9   116   258    7445    (-,-) 
  P16/csa_tree_add_33_32_groupi_cdnfadd21/CO -       CI->CO F     ADDFXL         1  4.9   116   258    7703    (-,-) 
  P16/csa_tree_add_33_32_groupi_cdnfadd22/CO -       CI->CO F     ADDFXL         1  4.9   116   258    7961    (-,-) 
  P16/csa_tree_add_33_32_groupi_cdnfadd23/CO -       CI->CO F     ADDFXL         1  4.9   116   258    8220    (-,-) 
  P16/csa_tree_add_33_32_groupi_cdnfadd24/CO -       CI->CO F     ADDFXL         1  4.9   116   258    8478    (-,-) 
  P16/csa_tree_add_33_32_groupi_cdnfadd25/CO -       CI->CO F     ADDFXL         1  4.9   116   258    8737    (-,-) 
  P16/csa_tree_add_33_32_groupi_cdnfadd26/CO -       CI->CO F     ADDFXL         1  4.9   116   258    8995    (-,-) 
  P16/csa_tree_add_33_32_groupi_cdnfadd27/CO -       CI->CO F     ADDFXL         1  4.9   116   258    9253    (-,-) 
  P16/csa_tree_add_33_32_groupi_cdnfadd28/CO -       CI->CO F     ADDFXL         1  4.9   116   258    9512    (-,-) 
  P16/csa_tree_add_33_32_groupi_cdnfadd29/CO -       CI->CO F     ADDFXL         1  4.9   116   258    9770    (-,-) 
  P16/csa_tree_add_33_32_groupi_cdnfadd30/S  -       CI->S  R     ADDFXL         1  1.9    79   349   10119    (-,-) 
  P16/g111/Y                                 -       B->Y   R     MX2XL          1  2.3    81   150   10270    (-,-) 
  P16/result_reg[30]/D                       -       -      R     DFFRHQX2       1    -     -     0   10270    (-,-) 
#--------------------------------------------------------------------------------------------------------------------



Path 14: MET (2655 ps) Setup Check with Pin P14/result_reg[30]/CK->D
          Group: C2C
     Startpoint: (R) weight_reg_reg[13][2]/CK
          Clock: (R) clk
       Endpoint: (R) P14/result_reg[30]/D
          Clock: (R) clk

                     Capture       Launch     
        Clock Edge:+   13330            0     
       Src Latency:+       0            0     
       Net Latency:+       0 (I)        0 (I) 
           Arrival:=   13330            0     
                                              
             Setup:-     105                  
       Uncertainty:-     300                  
     Required Time:=   12925                  
      Launch Clock:-       0                  
         Data Path:-   10270                  
             Slack:=    2655                  

#--------------------------------------------------------------------------------------------------------------------
#               Timing Point                 Flags    Arc   Edge   Cell     Fanout Load Trans Delay Arrival Instance 
#                                                                                  (fF)  (ps)  (ps)   (ps)  Location 
#--------------------------------------------------------------------------------------------------------------------
  weight_reg_reg[13][2]/CK                   -       -      R     (arrival)   1910    -   200     0       0    (-,-) 
  weight_reg_reg[13][2]/Q                    -       CK->Q  R     DFFRHQX1      26 49.3   422   650     650    (-,-) 
  P14/csa_tree_add_33_32_groupi_g3965/Y      -       A->Y   F     CLKINVX1      23 45.5   368   344     994    (-,-) 
  P14/csa_tree_add_33_32_groupi_g3910/Y      -       A->Y   R     MXI2XL         2  5.6   242   247    1241    (-,-) 
  P14/csa_tree_add_33_32_groupi_g3891/Y      -       B->Y   F     NAND2X1       18 30.3   426   352    1593    (-,-) 
  P14/csa_tree_add_33_32_groupi_g3858/Y      -       A0->Y  R     AOI21XL        1  3.7   198   215    1808    (-,-) 
  P14/csa_tree_add_33_32_groupi_g3769/Y      -       S0->Y  F     MXI2XL         1  6.2   237   159    1966    (-,-) 
  P14/csa_tree_add_33_32_groupi_cdnfadd/CO   -       B->CO  F     ADDFXL         1  4.9   118   307    2274    (-,-) 
  P14/csa_tree_add_33_32_groupi_cdnfadd1/CO  -       CI->CO F     ADDFXL         1  4.9   118   259    2533    (-,-) 
  P14/csa_tree_add_33_32_groupi_cdnfadd2/CO  -       CI->CO F     ADDFXL         1  4.9   118   259    2791    (-,-) 
  P14/csa_tree_add_33_32_groupi_cdnfadd3/CO  -       CI->CO F     ADDFXL         1  4.9   118   259    3050    (-,-) 
  P14/csa_tree_add_33_32_groupi_cdnfadd4/CO  -       CI->CO F     ADDFXL         1  4.9   118   259    3309    (-,-) 
  P14/csa_tree_add_33_32_groupi_cdnfadd5/CO  -       CI->CO F     ADDFXL         1  4.9   118   259    3568    (-,-) 
  P14/csa_tree_add_33_32_groupi_cdnfadd6/CO  -       CI->CO F     ADDFXL         1  4.9   118   259    3827    (-,-) 
  P14/csa_tree_add_33_32_groupi_cdnfadd7/CO  -       CI->CO F     ADDFXL         1  4.9   116   259    4085    (-,-) 
  P14/csa_tree_add_33_32_groupi_cdnfadd8/CO  -       CI->CO F     ADDFXL         1  4.9   116   258    4344    (-,-) 
  P14/csa_tree_add_33_32_groupi_cdnfadd9/CO  -       CI->CO F     ADDFXL         1  4.9   116   258    4602    (-,-) 
  P14/csa_tree_add_33_32_groupi_cdnfadd10/CO -       CI->CO F     ADDFXL         1  4.9   116   258    4861    (-,-) 
  P14/csa_tree_add_33_32_groupi_cdnfadd11/CO -       CI->CO F     ADDFXL         1  4.9   116   258    5119    (-,-) 
  P14/csa_tree_add_33_32_groupi_cdnfadd12/CO -       CI->CO F     ADDFXL         1  4.9   116   258    5377    (-,-) 
  P14/csa_tree_add_33_32_groupi_cdnfadd13/CO -       CI->CO F     ADDFXL         1  4.9   116   258    5636    (-,-) 
  P14/csa_tree_add_33_32_groupi_cdnfadd14/CO -       CI->CO F     ADDFXL         1  4.9   116   258    5894    (-,-) 
  P14/csa_tree_add_33_32_groupi_cdnfadd15/CO -       CI->CO F     ADDFXL         1  4.9   116   258    6153    (-,-) 
  P14/csa_tree_add_33_32_groupi_cdnfadd16/CO -       CI->CO F     ADDFXL         1  4.9   116   258    6411    (-,-) 
  P14/csa_tree_add_33_32_groupi_cdnfadd17/CO -       CI->CO F     ADDFXL         1  4.9   116   258    6669    (-,-) 
  P14/csa_tree_add_33_32_groupi_cdnfadd18/CO -       CI->CO F     ADDFXL         1  4.9   116   258    6928    (-,-) 
  P14/csa_tree_add_33_32_groupi_cdnfadd19/CO -       CI->CO F     ADDFXL         1  4.9   116   258    7186    (-,-) 
  P14/csa_tree_add_33_32_groupi_cdnfadd20/CO -       CI->CO F     ADDFXL         1  4.9   116   258    7445    (-,-) 
  P14/csa_tree_add_33_32_groupi_cdnfadd21/CO -       CI->CO F     ADDFXL         1  4.9   116   258    7703    (-,-) 
  P14/csa_tree_add_33_32_groupi_cdnfadd22/CO -       CI->CO F     ADDFXL         1  4.9   116   258    7961    (-,-) 
  P14/csa_tree_add_33_32_groupi_cdnfadd23/CO -       CI->CO F     ADDFXL         1  4.9   116   258    8220    (-,-) 
  P14/csa_tree_add_33_32_groupi_cdnfadd24/CO -       CI->CO F     ADDFXL         1  4.9   116   258    8478    (-,-) 
  P14/csa_tree_add_33_32_groupi_cdnfadd25/CO -       CI->CO F     ADDFXL         1  4.9   116   258    8737    (-,-) 
  P14/csa_tree_add_33_32_groupi_cdnfadd26/CO -       CI->CO F     ADDFXL         1  4.9   116   258    8995    (-,-) 
  P14/csa_tree_add_33_32_groupi_cdnfadd27/CO -       CI->CO F     ADDFXL         1  4.9   116   258    9253    (-,-) 
  P14/csa_tree_add_33_32_groupi_cdnfadd28/CO -       CI->CO F     ADDFXL         1  4.9   116   258    9512    (-,-) 
  P14/csa_tree_add_33_32_groupi_cdnfadd29/CO -       CI->CO F     ADDFXL         1  4.9   116   258    9770    (-,-) 
  P14/csa_tree_add_33_32_groupi_cdnfadd30/S  -       CI->S  R     ADDFXL         1  1.9    79   349   10119    (-,-) 
  P14/g109/Y                                 -       B->Y   R     MX2XL          1  2.3    81   150   10270    (-,-) 
  P14/result_reg[30]/D                       -       -      R     DFFRHQX2       1    -     -     0   10270    (-,-) 
#--------------------------------------------------------------------------------------------------------------------



Path 15: MET (2655 ps) Setup Check with Pin P13/result_reg[30]/CK->D
          Group: C2C
     Startpoint: (R) weight_reg_reg[12][2]/CK
          Clock: (R) clk
       Endpoint: (R) P13/result_reg[30]/D
          Clock: (R) clk

                     Capture       Launch     
        Clock Edge:+   13330            0     
       Src Latency:+       0            0     
       Net Latency:+       0 (I)        0 (I) 
           Arrival:=   13330            0     
                                              
             Setup:-     105                  
       Uncertainty:-     300                  
     Required Time:=   12925                  
      Launch Clock:-       0                  
         Data Path:-   10270                  
             Slack:=    2655                  

#--------------------------------------------------------------------------------------------------------------------
#               Timing Point                 Flags    Arc   Edge   Cell     Fanout Load Trans Delay Arrival Instance 
#                                                                                  (fF)  (ps)  (ps)   (ps)  Location 
#--------------------------------------------------------------------------------------------------------------------
  weight_reg_reg[12][2]/CK                   -       -      R     (arrival)   1910    -   200     0       0    (-,-) 
  weight_reg_reg[12][2]/Q                    -       CK->Q  R     DFFRHQX1      26 49.3   422   650     650    (-,-) 
  P13/csa_tree_add_33_32_groupi_g3965/Y      -       A->Y   F     CLKINVX1      23 45.5   368   344     994    (-,-) 
  P13/csa_tree_add_33_32_groupi_g3910/Y      -       A->Y   R     MXI2XL         2  5.6   242   247    1241    (-,-) 
  P13/csa_tree_add_33_32_groupi_g3891/Y      -       B->Y   F     NAND2X1       18 30.3   426   352    1593    (-,-) 
  P13/csa_tree_add_33_32_groupi_g3858/Y      -       A0->Y  R     AOI21XL        1  3.7   198   215    1808    (-,-) 
  P13/csa_tree_add_33_32_groupi_g3769/Y      -       S0->Y  F     MXI2XL         1  6.2   237   159    1966    (-,-) 
  P13/csa_tree_add_33_32_groupi_cdnfadd/CO   -       B->CO  F     ADDFXL         1  4.9   118   307    2274    (-,-) 
  P13/csa_tree_add_33_32_groupi_cdnfadd1/CO  -       CI->CO F     ADDFXL         1  4.9   118   259    2533    (-,-) 
  P13/csa_tree_add_33_32_groupi_cdnfadd2/CO  -       CI->CO F     ADDFXL         1  4.9   118   259    2791    (-,-) 
  P13/csa_tree_add_33_32_groupi_cdnfadd3/CO  -       CI->CO F     ADDFXL         1  4.9   118   259    3050    (-,-) 
  P13/csa_tree_add_33_32_groupi_cdnfadd4/CO  -       CI->CO F     ADDFXL         1  4.9   118   259    3309    (-,-) 
  P13/csa_tree_add_33_32_groupi_cdnfadd5/CO  -       CI->CO F     ADDFXL         1  4.9   118   259    3568    (-,-) 
  P13/csa_tree_add_33_32_groupi_cdnfadd6/CO  -       CI->CO F     ADDFXL         1  4.9   118   259    3827    (-,-) 
  P13/csa_tree_add_33_32_groupi_cdnfadd7/CO  -       CI->CO F     ADDFXL         1  4.9   116   259    4085    (-,-) 
  P13/csa_tree_add_33_32_groupi_cdnfadd8/CO  -       CI->CO F     ADDFXL         1  4.9   116   258    4344    (-,-) 
  P13/csa_tree_add_33_32_groupi_cdnfadd9/CO  -       CI->CO F     ADDFXL         1  4.9   116   258    4602    (-,-) 
  P13/csa_tree_add_33_32_groupi_cdnfadd10/CO -       CI->CO F     ADDFXL         1  4.9   116   258    4861    (-,-) 
  P13/csa_tree_add_33_32_groupi_cdnfadd11/CO -       CI->CO F     ADDFXL         1  4.9   116   258    5119    (-,-) 
  P13/csa_tree_add_33_32_groupi_cdnfadd12/CO -       CI->CO F     ADDFXL         1  4.9   116   258    5377    (-,-) 
  P13/csa_tree_add_33_32_groupi_cdnfadd13/CO -       CI->CO F     ADDFXL         1  4.9   116   258    5636    (-,-) 
  P13/csa_tree_add_33_32_groupi_cdnfadd14/CO -       CI->CO F     ADDFXL         1  4.9   116   258    5894    (-,-) 
  P13/csa_tree_add_33_32_groupi_cdnfadd15/CO -       CI->CO F     ADDFXL         1  4.9   116   258    6153    (-,-) 
  P13/csa_tree_add_33_32_groupi_cdnfadd16/CO -       CI->CO F     ADDFXL         1  4.9   116   258    6411    (-,-) 
  P13/csa_tree_add_33_32_groupi_cdnfadd17/CO -       CI->CO F     ADDFXL         1  4.9   116   258    6669    (-,-) 
  P13/csa_tree_add_33_32_groupi_cdnfadd18/CO -       CI->CO F     ADDFXL         1  4.9   116   258    6928    (-,-) 
  P13/csa_tree_add_33_32_groupi_cdnfadd19/CO -       CI->CO F     ADDFXL         1  4.9   116   258    7186    (-,-) 
  P13/csa_tree_add_33_32_groupi_cdnfadd20/CO -       CI->CO F     ADDFXL         1  4.9   116   258    7445    (-,-) 
  P13/csa_tree_add_33_32_groupi_cdnfadd21/CO -       CI->CO F     ADDFXL         1  4.9   116   258    7703    (-,-) 
  P13/csa_tree_add_33_32_groupi_cdnfadd22/CO -       CI->CO F     ADDFXL         1  4.9   116   258    7961    (-,-) 
  P13/csa_tree_add_33_32_groupi_cdnfadd23/CO -       CI->CO F     ADDFXL         1  4.9   116   258    8220    (-,-) 
  P13/csa_tree_add_33_32_groupi_cdnfadd24/CO -       CI->CO F     ADDFXL         1  4.9   116   258    8478    (-,-) 
  P13/csa_tree_add_33_32_groupi_cdnfadd25/CO -       CI->CO F     ADDFXL         1  4.9   116   258    8737    (-,-) 
  P13/csa_tree_add_33_32_groupi_cdnfadd26/CO -       CI->CO F     ADDFXL         1  4.9   116   258    8995    (-,-) 
  P13/csa_tree_add_33_32_groupi_cdnfadd27/CO -       CI->CO F     ADDFXL         1  4.9   116   258    9253    (-,-) 
  P13/csa_tree_add_33_32_groupi_cdnfadd28/CO -       CI->CO F     ADDFXL         1  4.9   116   258    9512    (-,-) 
  P13/csa_tree_add_33_32_groupi_cdnfadd29/CO -       CI->CO F     ADDFXL         1  4.9   116   258    9770    (-,-) 
  P13/csa_tree_add_33_32_groupi_cdnfadd30/S  -       CI->S  R     ADDFXL         1  1.9    79   349   10119    (-,-) 
  P13/g109/Y                                 -       B->Y   R     MX2XL          1  2.3    81   150   10270    (-,-) 
  P13/result_reg[30]/D                       -       -      R     DFFRHQX2       1    -     -     0   10270    (-,-) 
#--------------------------------------------------------------------------------------------------------------------



Path 16: MET (2655 ps) Setup Check with Pin P12/result_reg[30]/CK->D
          Group: C2C
     Startpoint: (R) weight_reg_reg[11][2]/CK
          Clock: (R) clk
       Endpoint: (R) P12/result_reg[30]/D
          Clock: (R) clk

                     Capture       Launch     
        Clock Edge:+   13330            0     
       Src Latency:+       0            0     
       Net Latency:+       0 (I)        0 (I) 
           Arrival:=   13330            0     
                                              
             Setup:-     105                  
       Uncertainty:-     300                  
     Required Time:=   12925                  
      Launch Clock:-       0                  
         Data Path:-   10270                  
             Slack:=    2655                  

#--------------------------------------------------------------------------------------------------------------------
#               Timing Point                 Flags    Arc   Edge   Cell     Fanout Load Trans Delay Arrival Instance 
#                                                                                  (fF)  (ps)  (ps)   (ps)  Location 
#--------------------------------------------------------------------------------------------------------------------
  weight_reg_reg[11][2]/CK                   -       -      R     (arrival)   1910    -   200     0       0    (-,-) 
  weight_reg_reg[11][2]/Q                    -       CK->Q  R     DFFRHQX1      26 49.3   422   650     650    (-,-) 
  P12/csa_tree_add_33_32_groupi_g3965/Y      -       A->Y   F     CLKINVX1      23 45.5   368   344     994    (-,-) 
  P12/csa_tree_add_33_32_groupi_g3910/Y      -       A->Y   R     MXI2XL         2  5.6   242   247    1241    (-,-) 
  P12/csa_tree_add_33_32_groupi_g3891/Y      -       B->Y   F     NAND2X1       18 30.3   426   352    1593    (-,-) 
  P12/csa_tree_add_33_32_groupi_g3858/Y      -       A0->Y  R     AOI21XL        1  3.7   198   215    1808    (-,-) 
  P12/csa_tree_add_33_32_groupi_g3769/Y      -       S0->Y  F     MXI2XL         1  6.2   237   159    1966    (-,-) 
  P12/csa_tree_add_33_32_groupi_cdnfadd/CO   -       B->CO  F     ADDFXL         1  4.9   118   307    2274    (-,-) 
  P12/csa_tree_add_33_32_groupi_cdnfadd1/CO  -       CI->CO F     ADDFXL         1  4.9   118   259    2533    (-,-) 
  P12/csa_tree_add_33_32_groupi_cdnfadd2/CO  -       CI->CO F     ADDFXL         1  4.9   118   259    2791    (-,-) 
  P12/csa_tree_add_33_32_groupi_cdnfadd3/CO  -       CI->CO F     ADDFXL         1  4.9   118   259    3050    (-,-) 
  P12/csa_tree_add_33_32_groupi_cdnfadd4/CO  -       CI->CO F     ADDFXL         1  4.9   118   259    3309    (-,-) 
  P12/csa_tree_add_33_32_groupi_cdnfadd5/CO  -       CI->CO F     ADDFXL         1  4.9   118   259    3568    (-,-) 
  P12/csa_tree_add_33_32_groupi_cdnfadd6/CO  -       CI->CO F     ADDFXL         1  4.9   118   259    3827    (-,-) 
  P12/csa_tree_add_33_32_groupi_cdnfadd7/CO  -       CI->CO F     ADDFXL         1  4.9   116   259    4085    (-,-) 
  P12/csa_tree_add_33_32_groupi_cdnfadd8/CO  -       CI->CO F     ADDFXL         1  4.9   116   258    4344    (-,-) 
  P12/csa_tree_add_33_32_groupi_cdnfadd9/CO  -       CI->CO F     ADDFXL         1  4.9   116   258    4602    (-,-) 
  P12/csa_tree_add_33_32_groupi_cdnfadd10/CO -       CI->CO F     ADDFXL         1  4.9   116   258    4861    (-,-) 
  P12/csa_tree_add_33_32_groupi_cdnfadd11/CO -       CI->CO F     ADDFXL         1  4.9   116   258    5119    (-,-) 
  P12/csa_tree_add_33_32_groupi_cdnfadd12/CO -       CI->CO F     ADDFXL         1  4.9   116   258    5377    (-,-) 
  P12/csa_tree_add_33_32_groupi_cdnfadd13/CO -       CI->CO F     ADDFXL         1  4.9   116   258    5636    (-,-) 
  P12/csa_tree_add_33_32_groupi_cdnfadd14/CO -       CI->CO F     ADDFXL         1  4.9   116   258    5894    (-,-) 
  P12/csa_tree_add_33_32_groupi_cdnfadd15/CO -       CI->CO F     ADDFXL         1  4.9   116   258    6153    (-,-) 
  P12/csa_tree_add_33_32_groupi_cdnfadd16/CO -       CI->CO F     ADDFXL         1  4.9   116   258    6411    (-,-) 
  P12/csa_tree_add_33_32_groupi_cdnfadd17/CO -       CI->CO F     ADDFXL         1  4.9   116   258    6669    (-,-) 
  P12/csa_tree_add_33_32_groupi_cdnfadd18/CO -       CI->CO F     ADDFXL         1  4.9   116   258    6928    (-,-) 
  P12/csa_tree_add_33_32_groupi_cdnfadd19/CO -       CI->CO F     ADDFXL         1  4.9   116   258    7186    (-,-) 
  P12/csa_tree_add_33_32_groupi_cdnfadd20/CO -       CI->CO F     ADDFXL         1  4.9   116   258    7445    (-,-) 
  P12/csa_tree_add_33_32_groupi_cdnfadd21/CO -       CI->CO F     ADDFXL         1  4.9   116   258    7703    (-,-) 
  P12/csa_tree_add_33_32_groupi_cdnfadd22/CO -       CI->CO F     ADDFXL         1  4.9   116   258    7961    (-,-) 
  P12/csa_tree_add_33_32_groupi_cdnfadd23/CO -       CI->CO F     ADDFXL         1  4.9   116   258    8220    (-,-) 
  P12/csa_tree_add_33_32_groupi_cdnfadd24/CO -       CI->CO F     ADDFXL         1  4.9   116   258    8478    (-,-) 
  P12/csa_tree_add_33_32_groupi_cdnfadd25/CO -       CI->CO F     ADDFXL         1  4.9   116   258    8737    (-,-) 
  P12/csa_tree_add_33_32_groupi_cdnfadd26/CO -       CI->CO F     ADDFXL         1  4.9   116   258    8995    (-,-) 
  P12/csa_tree_add_33_32_groupi_cdnfadd27/CO -       CI->CO F     ADDFXL         1  4.9   116   258    9253    (-,-) 
  P12/csa_tree_add_33_32_groupi_cdnfadd28/CO -       CI->CO F     ADDFXL         1  4.9   116   258    9512    (-,-) 
  P12/csa_tree_add_33_32_groupi_cdnfadd29/CO -       CI->CO F     ADDFXL         1  4.9   116   258    9770    (-,-) 
  P12/csa_tree_add_33_32_groupi_cdnfadd30/S  -       CI->S  R     ADDFXL         1  1.9    79   349   10119    (-,-) 
  P12/g109/Y                                 -       B->Y   R     MX2XL          1  2.3    81   150   10270    (-,-) 
  P12/result_reg[30]/D                       -       -      R     DFFRHQX1       1    -     -     0   10270    (-,-) 
#--------------------------------------------------------------------------------------------------------------------



Path 17: MET (2655 ps) Setup Check with Pin P11/result_reg[30]/CK->D
          Group: C2C
     Startpoint: (R) weight_reg_reg[10][2]/CK
          Clock: (R) clk
       Endpoint: (R) P11/result_reg[30]/D
          Clock: (R) clk

                     Capture       Launch     
        Clock Edge:+   13330            0     
       Src Latency:+       0            0     
       Net Latency:+       0 (I)        0 (I) 
           Arrival:=   13330            0     
                                              
             Setup:-     105                  
       Uncertainty:-     300                  
     Required Time:=   12925                  
      Launch Clock:-       0                  
         Data Path:-   10270                  
             Slack:=    2655                  

#--------------------------------------------------------------------------------------------------------------------
#               Timing Point                 Flags    Arc   Edge   Cell     Fanout Load Trans Delay Arrival Instance 
#                                                                                  (fF)  (ps)  (ps)   (ps)  Location 
#--------------------------------------------------------------------------------------------------------------------
  weight_reg_reg[10][2]/CK                   -       -      R     (arrival)   1910    -   200     0       0    (-,-) 
  weight_reg_reg[10][2]/Q                    -       CK->Q  R     DFFRHQX1      26 49.3   422   650     650    (-,-) 
  P11/csa_tree_add_33_32_groupi_g3965/Y      -       A->Y   F     CLKINVX1      23 45.5   368   344     994    (-,-) 
  P11/csa_tree_add_33_32_groupi_g3910/Y      -       A->Y   R     MXI2XL         2  5.6   242   247    1241    (-,-) 
  P11/csa_tree_add_33_32_groupi_g3891/Y      -       B->Y   F     NAND2X1       18 30.3   426   352    1593    (-,-) 
  P11/csa_tree_add_33_32_groupi_g3858/Y      -       A0->Y  R     AOI21XL        1  3.7   198   215    1808    (-,-) 
  P11/csa_tree_add_33_32_groupi_g3769/Y      -       S0->Y  F     MXI2XL         1  6.2   237   159    1966    (-,-) 
  P11/csa_tree_add_33_32_groupi_cdnfadd/CO   -       B->CO  F     ADDFXL         1  4.9   118   307    2274    (-,-) 
  P11/csa_tree_add_33_32_groupi_cdnfadd1/CO  -       CI->CO F     ADDFXL         1  4.9   118   259    2533    (-,-) 
  P11/csa_tree_add_33_32_groupi_cdnfadd2/CO  -       CI->CO F     ADDFXL         1  4.9   118   259    2791    (-,-) 
  P11/csa_tree_add_33_32_groupi_cdnfadd3/CO  -       CI->CO F     ADDFXL         1  4.9   118   259    3050    (-,-) 
  P11/csa_tree_add_33_32_groupi_cdnfadd4/CO  -       CI->CO F     ADDFXL         1  4.9   118   259    3309    (-,-) 
  P11/csa_tree_add_33_32_groupi_cdnfadd5/CO  -       CI->CO F     ADDFXL         1  4.9   118   259    3568    (-,-) 
  P11/csa_tree_add_33_32_groupi_cdnfadd6/CO  -       CI->CO F     ADDFXL         1  4.9   118   259    3827    (-,-) 
  P11/csa_tree_add_33_32_groupi_cdnfadd7/CO  -       CI->CO F     ADDFXL         1  4.9   116   259    4085    (-,-) 
  P11/csa_tree_add_33_32_groupi_cdnfadd8/CO  -       CI->CO F     ADDFXL         1  4.9   116   258    4344    (-,-) 
  P11/csa_tree_add_33_32_groupi_cdnfadd9/CO  -       CI->CO F     ADDFXL         1  4.9   116   258    4602    (-,-) 
  P11/csa_tree_add_33_32_groupi_cdnfadd10/CO -       CI->CO F     ADDFXL         1  4.9   116   258    4861    (-,-) 
  P11/csa_tree_add_33_32_groupi_cdnfadd11/CO -       CI->CO F     ADDFXL         1  4.9   116   258    5119    (-,-) 
  P11/csa_tree_add_33_32_groupi_cdnfadd12/CO -       CI->CO F     ADDFXL         1  4.9   116   258    5377    (-,-) 
  P11/csa_tree_add_33_32_groupi_cdnfadd13/CO -       CI->CO F     ADDFXL         1  4.9   116   258    5636    (-,-) 
  P11/csa_tree_add_33_32_groupi_cdnfadd14/CO -       CI->CO F     ADDFXL         1  4.9   116   258    5894    (-,-) 
  P11/csa_tree_add_33_32_groupi_cdnfadd15/CO -       CI->CO F     ADDFXL         1  4.9   116   258    6153    (-,-) 
  P11/csa_tree_add_33_32_groupi_cdnfadd16/CO -       CI->CO F     ADDFXL         1  4.9   116   258    6411    (-,-) 
  P11/csa_tree_add_33_32_groupi_cdnfadd17/CO -       CI->CO F     ADDFXL         1  4.9   116   258    6669    (-,-) 
  P11/csa_tree_add_33_32_groupi_cdnfadd18/CO -       CI->CO F     ADDFXL         1  4.9   116   258    6928    (-,-) 
  P11/csa_tree_add_33_32_groupi_cdnfadd19/CO -       CI->CO F     ADDFXL         1  4.9   116   258    7186    (-,-) 
  P11/csa_tree_add_33_32_groupi_cdnfadd20/CO -       CI->CO F     ADDFXL         1  4.9   116   258    7445    (-,-) 
  P11/csa_tree_add_33_32_groupi_cdnfadd21/CO -       CI->CO F     ADDFXL         1  4.9   116   258    7703    (-,-) 
  P11/csa_tree_add_33_32_groupi_cdnfadd22/CO -       CI->CO F     ADDFXL         1  4.9   116   258    7961    (-,-) 
  P11/csa_tree_add_33_32_groupi_cdnfadd23/CO -       CI->CO F     ADDFXL         1  4.9   116   258    8220    (-,-) 
  P11/csa_tree_add_33_32_groupi_cdnfadd24/CO -       CI->CO F     ADDFXL         1  4.9   116   258    8478    (-,-) 
  P11/csa_tree_add_33_32_groupi_cdnfadd25/CO -       CI->CO F     ADDFXL         1  4.9   116   258    8737    (-,-) 
  P11/csa_tree_add_33_32_groupi_cdnfadd26/CO -       CI->CO F     ADDFXL         1  4.9   116   258    8995    (-,-) 
  P11/csa_tree_add_33_32_groupi_cdnfadd27/CO -       CI->CO F     ADDFXL         1  4.9   116   258    9253    (-,-) 
  P11/csa_tree_add_33_32_groupi_cdnfadd28/CO -       CI->CO F     ADDFXL         1  4.9   116   258    9512    (-,-) 
  P11/csa_tree_add_33_32_groupi_cdnfadd29/CO -       CI->CO F     ADDFXL         1  4.9   116   258    9770    (-,-) 
  P11/csa_tree_add_33_32_groupi_cdnfadd30/S  -       CI->S  R     ADDFXL         1  1.9    79   349   10119    (-,-) 
  P11/g109/Y                                 -       B->Y   R     MX2XL          1  2.3    81   150   10270    (-,-) 
  P11/result_reg[30]/D                       -       -      R     DFFRHQX1       1    -     -     0   10270    (-,-) 
#--------------------------------------------------------------------------------------------------------------------



Path 18: MET (2655 ps) Setup Check with Pin P10/result_reg[30]/CK->D
          Group: C2C
     Startpoint: (R) weight_reg_reg[9][2]/CK
          Clock: (R) clk
       Endpoint: (R) P10/result_reg[30]/D
          Clock: (R) clk

                     Capture       Launch     
        Clock Edge:+   13330            0     
       Src Latency:+       0            0     
       Net Latency:+       0 (I)        0 (I) 
           Arrival:=   13330            0     
                                              
             Setup:-     105                  
       Uncertainty:-     300                  
     Required Time:=   12925                  
      Launch Clock:-       0                  
         Data Path:-   10270                  
             Slack:=    2655                  

#--------------------------------------------------------------------------------------------------------------------
#               Timing Point                 Flags    Arc   Edge   Cell     Fanout Load Trans Delay Arrival Instance 
#                                                                                  (fF)  (ps)  (ps)   (ps)  Location 
#--------------------------------------------------------------------------------------------------------------------
  weight_reg_reg[9][2]/CK                    -       -      R     (arrival)   1910    -   200     0       0    (-,-) 
  weight_reg_reg[9][2]/Q                     -       CK->Q  R     DFFRHQX1      26 49.3   422   650     650    (-,-) 
  P10/csa_tree_add_33_32_groupi_g3965/Y      -       A->Y   F     CLKINVX1      23 45.5   368   344     994    (-,-) 
  P10/csa_tree_add_33_32_groupi_g3910/Y      -       A->Y   R     MXI2XL         2  5.6   242   247    1241    (-,-) 
  P10/csa_tree_add_33_32_groupi_g3891/Y      -       B->Y   F     NAND2X1       18 30.3   426   352    1593    (-,-) 
  P10/csa_tree_add_33_32_groupi_g3858/Y      -       A0->Y  R     AOI21XL        1  3.7   198   215    1808    (-,-) 
  P10/csa_tree_add_33_32_groupi_g3769/Y      -       S0->Y  F     MXI2XL         1  6.2   237   159    1966    (-,-) 
  P10/csa_tree_add_33_32_groupi_cdnfadd/CO   -       B->CO  F     ADDFXL         1  4.9   118   307    2274    (-,-) 
  P10/csa_tree_add_33_32_groupi_cdnfadd1/CO  -       CI->CO F     ADDFXL         1  4.9   118   259    2533    (-,-) 
  P10/csa_tree_add_33_32_groupi_cdnfadd2/CO  -       CI->CO F     ADDFXL         1  4.9   118   259    2791    (-,-) 
  P10/csa_tree_add_33_32_groupi_cdnfadd3/CO  -       CI->CO F     ADDFXL         1  4.9   118   259    3050    (-,-) 
  P10/csa_tree_add_33_32_groupi_cdnfadd4/CO  -       CI->CO F     ADDFXL         1  4.9   118   259    3309    (-,-) 
  P10/csa_tree_add_33_32_groupi_cdnfadd5/CO  -       CI->CO F     ADDFXL         1  4.9   118   259    3568    (-,-) 
  P10/csa_tree_add_33_32_groupi_cdnfadd6/CO  -       CI->CO F     ADDFXL         1  4.9   118   259    3827    (-,-) 
  P10/csa_tree_add_33_32_groupi_cdnfadd7/CO  -       CI->CO F     ADDFXL         1  4.9   116   259    4085    (-,-) 
  P10/csa_tree_add_33_32_groupi_cdnfadd8/CO  -       CI->CO F     ADDFXL         1  4.9   116   258    4344    (-,-) 
  P10/csa_tree_add_33_32_groupi_cdnfadd9/CO  -       CI->CO F     ADDFXL         1  4.9   116   258    4602    (-,-) 
  P10/csa_tree_add_33_32_groupi_cdnfadd10/CO -       CI->CO F     ADDFXL         1  4.9   116   258    4861    (-,-) 
  P10/csa_tree_add_33_32_groupi_cdnfadd11/CO -       CI->CO F     ADDFXL         1  4.9   116   258    5119    (-,-) 
  P10/csa_tree_add_33_32_groupi_cdnfadd12/CO -       CI->CO F     ADDFXL         1  4.9   116   258    5377    (-,-) 
  P10/csa_tree_add_33_32_groupi_cdnfadd13/CO -       CI->CO F     ADDFXL         1  4.9   116   258    5636    (-,-) 
  P10/csa_tree_add_33_32_groupi_cdnfadd14/CO -       CI->CO F     ADDFXL         1  4.9   116   258    5894    (-,-) 
  P10/csa_tree_add_33_32_groupi_cdnfadd15/CO -       CI->CO F     ADDFXL         1  4.9   116   258    6153    (-,-) 
  P10/csa_tree_add_33_32_groupi_cdnfadd16/CO -       CI->CO F     ADDFXL         1  4.9   116   258    6411    (-,-) 
  P10/csa_tree_add_33_32_groupi_cdnfadd17/CO -       CI->CO F     ADDFXL         1  4.9   116   258    6669    (-,-) 
  P10/csa_tree_add_33_32_groupi_cdnfadd18/CO -       CI->CO F     ADDFXL         1  4.9   116   258    6928    (-,-) 
  P10/csa_tree_add_33_32_groupi_cdnfadd19/CO -       CI->CO F     ADDFXL         1  4.9   116   258    7186    (-,-) 
  P10/csa_tree_add_33_32_groupi_cdnfadd20/CO -       CI->CO F     ADDFXL         1  4.9   116   258    7445    (-,-) 
  P10/csa_tree_add_33_32_groupi_cdnfadd21/CO -       CI->CO F     ADDFXL         1  4.9   116   258    7703    (-,-) 
  P10/csa_tree_add_33_32_groupi_cdnfadd22/CO -       CI->CO F     ADDFXL         1  4.9   116   258    7961    (-,-) 
  P10/csa_tree_add_33_32_groupi_cdnfadd23/CO -       CI->CO F     ADDFXL         1  4.9   116   258    8220    (-,-) 
  P10/csa_tree_add_33_32_groupi_cdnfadd24/CO -       CI->CO F     ADDFXL         1  4.9   116   258    8478    (-,-) 
  P10/csa_tree_add_33_32_groupi_cdnfadd25/CO -       CI->CO F     ADDFXL         1  4.9   116   258    8737    (-,-) 
  P10/csa_tree_add_33_32_groupi_cdnfadd26/CO -       CI->CO F     ADDFXL         1  4.9   116   258    8995    (-,-) 
  P10/csa_tree_add_33_32_groupi_cdnfadd27/CO -       CI->CO F     ADDFXL         1  4.9   116   258    9253    (-,-) 
  P10/csa_tree_add_33_32_groupi_cdnfadd28/CO -       CI->CO F     ADDFXL         1  4.9   116   258    9512    (-,-) 
  P10/csa_tree_add_33_32_groupi_cdnfadd29/CO -       CI->CO F     ADDFXL         1  4.9   116   258    9770    (-,-) 
  P10/csa_tree_add_33_32_groupi_cdnfadd30/S  -       CI->S  R     ADDFXL         1  1.9    79   349   10119    (-,-) 
  P10/g109/Y                                 -       B->Y   R     MX2XL          1  2.3    81   150   10270    (-,-) 
  P10/result_reg[30]/D                       -       -      R     DFFRHQX1       1    -     -     0   10270    (-,-) 
#--------------------------------------------------------------------------------------------------------------------



Path 19: MET (2655 ps) Setup Check with Pin P9/result_reg[30]/CK->D
          Group: C2C
     Startpoint: (R) weight_reg_reg[8][2]/CK
          Clock: (R) clk
       Endpoint: (R) P9/result_reg[30]/D
          Clock: (R) clk

                     Capture       Launch     
        Clock Edge:+   13330            0     
       Src Latency:+       0            0     
       Net Latency:+       0 (I)        0 (I) 
           Arrival:=   13330            0     
                                              
             Setup:-     105                  
       Uncertainty:-     300                  
     Required Time:=   12925                  
      Launch Clock:-       0                  
         Data Path:-   10270                  
             Slack:=    2655                  

#-------------------------------------------------------------------------------------------------------------------
#               Timing Point                Flags    Arc   Edge   Cell     Fanout Load Trans Delay Arrival Instance 
#                                                                                 (fF)  (ps)  (ps)   (ps)  Location 
#-------------------------------------------------------------------------------------------------------------------
  weight_reg_reg[8][2]/CK                   -       -      R     (arrival)   1910    -   200     0       0    (-,-) 
  weight_reg_reg[8][2]/Q                    -       CK->Q  R     DFFRHQX1      26 49.3   422   650     650    (-,-) 
  P9/csa_tree_add_33_32_groupi_g3965/Y      -       A->Y   F     CLKINVX1      23 45.5   368   344     994    (-,-) 
  P9/csa_tree_add_33_32_groupi_g3910/Y      -       A->Y   R     MXI2XL         2  5.6   242   247    1241    (-,-) 
  P9/csa_tree_add_33_32_groupi_g3891/Y      -       B->Y   F     NAND2X1       18 30.3   426   352    1593    (-,-) 
  P9/csa_tree_add_33_32_groupi_g3858/Y      -       A0->Y  R     AOI21XL        1  3.7   198   215    1808    (-,-) 
  P9/csa_tree_add_33_32_groupi_g3769/Y      -       S0->Y  F     MXI2XL         1  6.2   237   159    1966    (-,-) 
  P9/csa_tree_add_33_32_groupi_cdnfadd/CO   -       B->CO  F     ADDFXL         1  4.9   118   307    2274    (-,-) 
  P9/csa_tree_add_33_32_groupi_cdnfadd1/CO  -       CI->CO F     ADDFXL         1  4.9   118   259    2533    (-,-) 
  P9/csa_tree_add_33_32_groupi_cdnfadd2/CO  -       CI->CO F     ADDFXL         1  4.9   118   259    2791    (-,-) 
  P9/csa_tree_add_33_32_groupi_cdnfadd3/CO  -       CI->CO F     ADDFXL         1  4.9   118   259    3050    (-,-) 
  P9/csa_tree_add_33_32_groupi_cdnfadd4/CO  -       CI->CO F     ADDFXL         1  4.9   118   259    3309    (-,-) 
  P9/csa_tree_add_33_32_groupi_cdnfadd5/CO  -       CI->CO F     ADDFXL         1  4.9   118   259    3568    (-,-) 
  P9/csa_tree_add_33_32_groupi_cdnfadd6/CO  -       CI->CO F     ADDFXL         1  4.9   118   259    3827    (-,-) 
  P9/csa_tree_add_33_32_groupi_cdnfadd7/CO  -       CI->CO F     ADDFXL         1  4.9   116   259    4085    (-,-) 
  P9/csa_tree_add_33_32_groupi_cdnfadd8/CO  -       CI->CO F     ADDFXL         1  4.9   116   258    4344    (-,-) 
  P9/csa_tree_add_33_32_groupi_cdnfadd9/CO  -       CI->CO F     ADDFXL         1  4.9   116   258    4602    (-,-) 
  P9/csa_tree_add_33_32_groupi_cdnfadd10/CO -       CI->CO F     ADDFXL         1  4.9   116   258    4861    (-,-) 
  P9/csa_tree_add_33_32_groupi_cdnfadd11/CO -       CI->CO F     ADDFXL         1  4.9   116   258    5119    (-,-) 
  P9/csa_tree_add_33_32_groupi_cdnfadd12/CO -       CI->CO F     ADDFXL         1  4.9   116   258    5377    (-,-) 
  P9/csa_tree_add_33_32_groupi_cdnfadd13/CO -       CI->CO F     ADDFXL         1  4.9   116   258    5636    (-,-) 
  P9/csa_tree_add_33_32_groupi_cdnfadd14/CO -       CI->CO F     ADDFXL         1  4.9   116   258    5894    (-,-) 
  P9/csa_tree_add_33_32_groupi_cdnfadd15/CO -       CI->CO F     ADDFXL         1  4.9   116   258    6153    (-,-) 
  P9/csa_tree_add_33_32_groupi_cdnfadd16/CO -       CI->CO F     ADDFXL         1  4.9   116   258    6411    (-,-) 
  P9/csa_tree_add_33_32_groupi_cdnfadd17/CO -       CI->CO F     ADDFXL         1  4.9   116   258    6669    (-,-) 
  P9/csa_tree_add_33_32_groupi_cdnfadd18/CO -       CI->CO F     ADDFXL         1  4.9   116   258    6928    (-,-) 
  P9/csa_tree_add_33_32_groupi_cdnfadd19/CO -       CI->CO F     ADDFXL         1  4.9   116   258    7186    (-,-) 
  P9/csa_tree_add_33_32_groupi_cdnfadd20/CO -       CI->CO F     ADDFXL         1  4.9   116   258    7445    (-,-) 
  P9/csa_tree_add_33_32_groupi_cdnfadd21/CO -       CI->CO F     ADDFXL         1  4.9   116   258    7703    (-,-) 
  P9/csa_tree_add_33_32_groupi_cdnfadd22/CO -       CI->CO F     ADDFXL         1  4.9   116   258    7961    (-,-) 
  P9/csa_tree_add_33_32_groupi_cdnfadd23/CO -       CI->CO F     ADDFXL         1  4.9   116   258    8220    (-,-) 
  P9/csa_tree_add_33_32_groupi_cdnfadd24/CO -       CI->CO F     ADDFXL         1  4.9   116   258    8478    (-,-) 
  P9/csa_tree_add_33_32_groupi_cdnfadd25/CO -       CI->CO F     ADDFXL         1  4.9   116   258    8737    (-,-) 
  P9/csa_tree_add_33_32_groupi_cdnfadd26/CO -       CI->CO F     ADDFXL         1  4.9   116   258    8995    (-,-) 
  P9/csa_tree_add_33_32_groupi_cdnfadd27/CO -       CI->CO F     ADDFXL         1  4.9   116   258    9253    (-,-) 
  P9/csa_tree_add_33_32_groupi_cdnfadd28/CO -       CI->CO F     ADDFXL         1  4.9   116   258    9512    (-,-) 
  P9/csa_tree_add_33_32_groupi_cdnfadd29/CO -       CI->CO F     ADDFXL         1  4.9   116   258    9770    (-,-) 
  P9/csa_tree_add_33_32_groupi_cdnfadd30/S  -       CI->S  R     ADDFXL         1  1.9    79   349   10119    (-,-) 
  P9/g109/Y                                 -       B->Y   R     MX2XL          1  2.3    81   150   10270    (-,-) 
  P9/result_reg[30]/D                       -       -      R     DFFRHQX1       1    -     -     0   10270    (-,-) 
#-------------------------------------------------------------------------------------------------------------------



Path 20: MET (2655 ps) Setup Check with Pin P8/result_reg[30]/CK->D
          Group: C2C
     Startpoint: (R) weight_reg_reg[7][2]/CK
          Clock: (R) clk
       Endpoint: (R) P8/result_reg[30]/D
          Clock: (R) clk

                     Capture       Launch     
        Clock Edge:+   13330            0     
       Src Latency:+       0            0     
       Net Latency:+       0 (I)        0 (I) 
           Arrival:=   13330            0     
                                              
             Setup:-     105                  
       Uncertainty:-     300                  
     Required Time:=   12925                  
      Launch Clock:-       0                  
         Data Path:-   10270                  
             Slack:=    2655                  

#-------------------------------------------------------------------------------------------------------------------
#               Timing Point                Flags    Arc   Edge   Cell     Fanout Load Trans Delay Arrival Instance 
#                                                                                 (fF)  (ps)  (ps)   (ps)  Location 
#-------------------------------------------------------------------------------------------------------------------
  weight_reg_reg[7][2]/CK                   -       -      R     (arrival)   1910    -   200     0       0    (-,-) 
  weight_reg_reg[7][2]/Q                    -       CK->Q  R     DFFRHQX1      26 49.3   422   650     650    (-,-) 
  P8/csa_tree_add_33_32_groupi_g3965/Y      -       A->Y   F     CLKINVX1      23 45.5   368   344     994    (-,-) 
  P8/csa_tree_add_33_32_groupi_g3910/Y      -       A->Y   R     MXI2XL         2  5.6   242   247    1241    (-,-) 
  P8/csa_tree_add_33_32_groupi_g3891/Y      -       B->Y   F     NAND2X1       18 30.3   426   352    1593    (-,-) 
  P8/csa_tree_add_33_32_groupi_g3858/Y      -       A0->Y  R     AOI21XL        1  3.7   198   215    1808    (-,-) 
  P8/csa_tree_add_33_32_groupi_g3769/Y      -       S0->Y  F     MXI2XL         1  6.2   237   159    1966    (-,-) 
  P8/csa_tree_add_33_32_groupi_cdnfadd/CO   -       B->CO  F     ADDFXL         1  4.9   118   307    2274    (-,-) 
  P8/csa_tree_add_33_32_groupi_cdnfadd1/CO  -       CI->CO F     ADDFXL         1  4.9   118   259    2533    (-,-) 
  P8/csa_tree_add_33_32_groupi_cdnfadd2/CO  -       CI->CO F     ADDFXL         1  4.9   118   259    2791    (-,-) 
  P8/csa_tree_add_33_32_groupi_cdnfadd3/CO  -       CI->CO F     ADDFXL         1  4.9   118   259    3050    (-,-) 
  P8/csa_tree_add_33_32_groupi_cdnfadd4/CO  -       CI->CO F     ADDFXL         1  4.9   118   259    3309    (-,-) 
  P8/csa_tree_add_33_32_groupi_cdnfadd5/CO  -       CI->CO F     ADDFXL         1  4.9   118   259    3568    (-,-) 
  P8/csa_tree_add_33_32_groupi_cdnfadd6/CO  -       CI->CO F     ADDFXL         1  4.9   118   259    3827    (-,-) 
  P8/csa_tree_add_33_32_groupi_cdnfadd7/CO  -       CI->CO F     ADDFXL         1  4.9   116   259    4085    (-,-) 
  P8/csa_tree_add_33_32_groupi_cdnfadd8/CO  -       CI->CO F     ADDFXL         1  4.9   116   258    4344    (-,-) 
  P8/csa_tree_add_33_32_groupi_cdnfadd9/CO  -       CI->CO F     ADDFXL         1  4.9   116   258    4602    (-,-) 
  P8/csa_tree_add_33_32_groupi_cdnfadd10/CO -       CI->CO F     ADDFXL         1  4.9   116   258    4861    (-,-) 
  P8/csa_tree_add_33_32_groupi_cdnfadd11/CO -       CI->CO F     ADDFXL         1  4.9   116   258    5119    (-,-) 
  P8/csa_tree_add_33_32_groupi_cdnfadd12/CO -       CI->CO F     ADDFXL         1  4.9   116   258    5377    (-,-) 
  P8/csa_tree_add_33_32_groupi_cdnfadd13/CO -       CI->CO F     ADDFXL         1  4.9   116   258    5636    (-,-) 
  P8/csa_tree_add_33_32_groupi_cdnfadd14/CO -       CI->CO F     ADDFXL         1  4.9   116   258    5894    (-,-) 
  P8/csa_tree_add_33_32_groupi_cdnfadd15/CO -       CI->CO F     ADDFXL         1  4.9   116   258    6153    (-,-) 
  P8/csa_tree_add_33_32_groupi_cdnfadd16/CO -       CI->CO F     ADDFXL         1  4.9   116   258    6411    (-,-) 
  P8/csa_tree_add_33_32_groupi_cdnfadd17/CO -       CI->CO F     ADDFXL         1  4.9   116   258    6669    (-,-) 
  P8/csa_tree_add_33_32_groupi_cdnfadd18/CO -       CI->CO F     ADDFXL         1  4.9   116   258    6928    (-,-) 
  P8/csa_tree_add_33_32_groupi_cdnfadd19/CO -       CI->CO F     ADDFXL         1  4.9   116   258    7186    (-,-) 
  P8/csa_tree_add_33_32_groupi_cdnfadd20/CO -       CI->CO F     ADDFXL         1  4.9   116   258    7445    (-,-) 
  P8/csa_tree_add_33_32_groupi_cdnfadd21/CO -       CI->CO F     ADDFXL         1  4.9   116   258    7703    (-,-) 
  P8/csa_tree_add_33_32_groupi_cdnfadd22/CO -       CI->CO F     ADDFXL         1  4.9   116   258    7961    (-,-) 
  P8/csa_tree_add_33_32_groupi_cdnfadd23/CO -       CI->CO F     ADDFXL         1  4.9   116   258    8220    (-,-) 
  P8/csa_tree_add_33_32_groupi_cdnfadd24/CO -       CI->CO F     ADDFXL         1  4.9   116   258    8478    (-,-) 
  P8/csa_tree_add_33_32_groupi_cdnfadd25/CO -       CI->CO F     ADDFXL         1  4.9   116   258    8737    (-,-) 
  P8/csa_tree_add_33_32_groupi_cdnfadd26/CO -       CI->CO F     ADDFXL         1  4.9   116   258    8995    (-,-) 
  P8/csa_tree_add_33_32_groupi_cdnfadd27/CO -       CI->CO F     ADDFXL         1  4.9   116   258    9253    (-,-) 
  P8/csa_tree_add_33_32_groupi_cdnfadd28/CO -       CI->CO F     ADDFXL         1  4.9   116   258    9512    (-,-) 
  P8/csa_tree_add_33_32_groupi_cdnfadd29/CO -       CI->CO F     ADDFXL         1  4.9   116   258    9770    (-,-) 
  P8/csa_tree_add_33_32_groupi_cdnfadd30/S  -       CI->S  R     ADDFXL         1  1.9    79   349   10119    (-,-) 
  P8/g109/Y                                 -       B->Y   R     MX2XL          1  2.3    81   150   10270    (-,-) 
  P8/result_reg[30]/D                       -       -      R     DFFRHQX1       1    -     -     0   10270    (-,-) 
#-------------------------------------------------------------------------------------------------------------------



Path 21: MET (2655 ps) Setup Check with Pin P7/result_reg[30]/CK->D
          Group: C2C
     Startpoint: (R) weight_reg_reg[6][2]/CK
          Clock: (R) clk
       Endpoint: (R) P7/result_reg[30]/D
          Clock: (R) clk

                     Capture       Launch     
        Clock Edge:+   13330            0     
       Src Latency:+       0            0     
       Net Latency:+       0 (I)        0 (I) 
           Arrival:=   13330            0     
                                              
             Setup:-     105                  
       Uncertainty:-     300                  
     Required Time:=   12925                  
      Launch Clock:-       0                  
         Data Path:-   10270                  
             Slack:=    2655                  

#-------------------------------------------------------------------------------------------------------------------
#               Timing Point                Flags    Arc   Edge   Cell     Fanout Load Trans Delay Arrival Instance 
#                                                                                 (fF)  (ps)  (ps)   (ps)  Location 
#-------------------------------------------------------------------------------------------------------------------
  weight_reg_reg[6][2]/CK                   -       -      R     (arrival)   1910    -   200     0       0    (-,-) 
  weight_reg_reg[6][2]/Q                    -       CK->Q  R     DFFRHQX1      26 49.3   422   650     650    (-,-) 
  P7/csa_tree_add_33_32_groupi_g3965/Y      -       A->Y   F     CLKINVX1      23 45.5   368   344     994    (-,-) 
  P7/csa_tree_add_33_32_groupi_g3910/Y      -       A->Y   R     MXI2XL         2  5.6   242   247    1241    (-,-) 
  P7/csa_tree_add_33_32_groupi_g3891/Y      -       B->Y   F     NAND2X1       18 30.3   426   352    1593    (-,-) 
  P7/csa_tree_add_33_32_groupi_g3858/Y      -       A0->Y  R     AOI21XL        1  3.7   198   215    1808    (-,-) 
  P7/csa_tree_add_33_32_groupi_g3769/Y      -       S0->Y  F     MXI2XL         1  6.2   237   159    1966    (-,-) 
  P7/csa_tree_add_33_32_groupi_cdnfadd/CO   -       B->CO  F     ADDFXL         1  4.9   118   307    2274    (-,-) 
  P7/csa_tree_add_33_32_groupi_cdnfadd1/CO  -       CI->CO F     ADDFXL         1  4.9   118   259    2533    (-,-) 
  P7/csa_tree_add_33_32_groupi_cdnfadd2/CO  -       CI->CO F     ADDFXL         1  4.9   118   259    2791    (-,-) 
  P7/csa_tree_add_33_32_groupi_cdnfadd3/CO  -       CI->CO F     ADDFXL         1  4.9   118   259    3050    (-,-) 
  P7/csa_tree_add_33_32_groupi_cdnfadd4/CO  -       CI->CO F     ADDFXL         1  4.9   118   259    3309    (-,-) 
  P7/csa_tree_add_33_32_groupi_cdnfadd5/CO  -       CI->CO F     ADDFXL         1  4.9   118   259    3568    (-,-) 
  P7/csa_tree_add_33_32_groupi_cdnfadd6/CO  -       CI->CO F     ADDFXL         1  4.9   118   259    3827    (-,-) 
  P7/csa_tree_add_33_32_groupi_cdnfadd7/CO  -       CI->CO F     ADDFXL         1  4.9   116   259    4085    (-,-) 
  P7/csa_tree_add_33_32_groupi_cdnfadd8/CO  -       CI->CO F     ADDFXL         1  4.9   116   258    4344    (-,-) 
  P7/csa_tree_add_33_32_groupi_cdnfadd9/CO  -       CI->CO F     ADDFXL         1  4.9   116   258    4602    (-,-) 
  P7/csa_tree_add_33_32_groupi_cdnfadd10/CO -       CI->CO F     ADDFXL         1  4.9   116   258    4861    (-,-) 
  P7/csa_tree_add_33_32_groupi_cdnfadd11/CO -       CI->CO F     ADDFXL         1  4.9   116   258    5119    (-,-) 
  P7/csa_tree_add_33_32_groupi_cdnfadd12/CO -       CI->CO F     ADDFXL         1  4.9   116   258    5377    (-,-) 
  P7/csa_tree_add_33_32_groupi_cdnfadd13/CO -       CI->CO F     ADDFXL         1  4.9   116   258    5636    (-,-) 
  P7/csa_tree_add_33_32_groupi_cdnfadd14/CO -       CI->CO F     ADDFXL         1  4.9   116   258    5894    (-,-) 
  P7/csa_tree_add_33_32_groupi_cdnfadd15/CO -       CI->CO F     ADDFXL         1  4.9   116   258    6153    (-,-) 
  P7/csa_tree_add_33_32_groupi_cdnfadd16/CO -       CI->CO F     ADDFXL         1  4.9   116   258    6411    (-,-) 
  P7/csa_tree_add_33_32_groupi_cdnfadd17/CO -       CI->CO F     ADDFXL         1  4.9   116   258    6669    (-,-) 
  P7/csa_tree_add_33_32_groupi_cdnfadd18/CO -       CI->CO F     ADDFXL         1  4.9   116   258    6928    (-,-) 
  P7/csa_tree_add_33_32_groupi_cdnfadd19/CO -       CI->CO F     ADDFXL         1  4.9   116   258    7186    (-,-) 
  P7/csa_tree_add_33_32_groupi_cdnfadd20/CO -       CI->CO F     ADDFXL         1  4.9   116   258    7445    (-,-) 
  P7/csa_tree_add_33_32_groupi_cdnfadd21/CO -       CI->CO F     ADDFXL         1  4.9   116   258    7703    (-,-) 
  P7/csa_tree_add_33_32_groupi_cdnfadd22/CO -       CI->CO F     ADDFXL         1  4.9   116   258    7961    (-,-) 
  P7/csa_tree_add_33_32_groupi_cdnfadd23/CO -       CI->CO F     ADDFXL         1  4.9   116   258    8220    (-,-) 
  P7/csa_tree_add_33_32_groupi_cdnfadd24/CO -       CI->CO F     ADDFXL         1  4.9   116   258    8478    (-,-) 
  P7/csa_tree_add_33_32_groupi_cdnfadd25/CO -       CI->CO F     ADDFXL         1  4.9   116   258    8737    (-,-) 
  P7/csa_tree_add_33_32_groupi_cdnfadd26/CO -       CI->CO F     ADDFXL         1  4.9   116   258    8995    (-,-) 
  P7/csa_tree_add_33_32_groupi_cdnfadd27/CO -       CI->CO F     ADDFXL         1  4.9   116   258    9253    (-,-) 
  P7/csa_tree_add_33_32_groupi_cdnfadd28/CO -       CI->CO F     ADDFXL         1  4.9   116   258    9512    (-,-) 
  P7/csa_tree_add_33_32_groupi_cdnfadd29/CO -       CI->CO F     ADDFXL         1  4.9   116   258    9770    (-,-) 
  P7/csa_tree_add_33_32_groupi_cdnfadd30/S  -       CI->S  R     ADDFXL         1  1.9    79   349   10119    (-,-) 
  P7/g109/Y                                 -       B->Y   R     MX2XL          1  2.3    81   150   10270    (-,-) 
  P7/result_reg[30]/D                       -       -      R     DFFRHQX1       1    -     -     0   10270    (-,-) 
#-------------------------------------------------------------------------------------------------------------------



Path 22: MET (2657 ps) Setup Check with Pin P15/result_reg[30]/CK->D
          Group: C2C
     Startpoint: (R) weight_reg_reg[14][2]/CK
          Clock: (R) clk
       Endpoint: (R) P15/result_reg[30]/D
          Clock: (R) clk

                     Capture       Launch     
        Clock Edge:+   13330            0     
       Src Latency:+       0            0     
       Net Latency:+       0 (I)        0 (I) 
           Arrival:=   13330            0     
                                              
             Setup:-     105                  
       Uncertainty:-     300                  
     Required Time:=   12925                  
      Launch Clock:-       0                  
         Data Path:-   10268                  
             Slack:=    2657                  

#--------------------------------------------------------------------------------------------------------------------
#               Timing Point                 Flags    Arc   Edge   Cell     Fanout Load Trans Delay Arrival Instance 
#                                                                                  (fF)  (ps)  (ps)   (ps)  Location 
#--------------------------------------------------------------------------------------------------------------------
  weight_reg_reg[14][2]/CK                   -       -      R     (arrival)   1910    -   200     0       0    (-,-) 
  weight_reg_reg[14][2]/Q                    -       CK->Q  R     DFFRHQX1      26 49.1   420   649     649    (-,-) 
  P15/csa_tree_add_33_32_groupi_g3965/Y      -       A->Y   F     CLKINVX1      23 45.5   367   344     993    (-,-) 
  P15/csa_tree_add_33_32_groupi_g3910/Y      -       A->Y   R     MXI2XL         2  5.6   242   247    1239    (-,-) 
  P15/csa_tree_add_33_32_groupi_g3891/Y      -       B->Y   F     NAND2X1       18 30.3   426   352    1591    (-,-) 
  P15/csa_tree_add_33_32_groupi_g3858/Y      -       A0->Y  R     AOI21XL        1  3.7   198   215    1806    (-,-) 
  P15/csa_tree_add_33_32_groupi_g3769/Y      -       S0->Y  F     MXI2XL         1  6.2   237   159    1965    (-,-) 
  P15/csa_tree_add_33_32_groupi_cdnfadd/CO   -       B->CO  F     ADDFXL         1  4.9   118   307    2272    (-,-) 
  P15/csa_tree_add_33_32_groupi_cdnfadd1/CO  -       CI->CO F     ADDFXL         1  4.9   118   259    2531    (-,-) 
  P15/csa_tree_add_33_32_groupi_cdnfadd2/CO  -       CI->CO F     ADDFXL         1  4.9   118   259    2790    (-,-) 
  P15/csa_tree_add_33_32_groupi_cdnfadd3/CO  -       CI->CO F     ADDFXL         1  4.9   118   259    3048    (-,-) 
  P15/csa_tree_add_33_32_groupi_cdnfadd4/CO  -       CI->CO F     ADDFXL         1  4.9   118   259    3307    (-,-) 
  P15/csa_tree_add_33_32_groupi_cdnfadd5/CO  -       CI->CO F     ADDFXL         1  4.9   118   259    3566    (-,-) 
  P15/csa_tree_add_33_32_groupi_cdnfadd6/CO  -       CI->CO F     ADDFXL         1  4.9   118   259    3825    (-,-) 
  P15/csa_tree_add_33_32_groupi_cdnfadd7/CO  -       CI->CO F     ADDFXL         1  4.9   116   259    4084    (-,-) 
  P15/csa_tree_add_33_32_groupi_cdnfadd8/CO  -       CI->CO F     ADDFXL         1  4.9   116   258    4342    (-,-) 
  P15/csa_tree_add_33_32_groupi_cdnfadd9/CO  -       CI->CO F     ADDFXL         1  4.9   116   258    4600    (-,-) 
  P15/csa_tree_add_33_32_groupi_cdnfadd10/CO -       CI->CO F     ADDFXL         1  4.9   116   258    4859    (-,-) 
  P15/csa_tree_add_33_32_groupi_cdnfadd11/CO -       CI->CO F     ADDFXL         1  4.9   116   258    5117    (-,-) 
  P15/csa_tree_add_33_32_groupi_cdnfadd12/CO -       CI->CO F     ADDFXL         1  4.9   116   258    5376    (-,-) 
  P15/csa_tree_add_33_32_groupi_cdnfadd13/CO -       CI->CO F     ADDFXL         1  4.9   116   258    5634    (-,-) 
  P15/csa_tree_add_33_32_groupi_cdnfadd14/CO -       CI->CO F     ADDFXL         1  4.9   116   258    5892    (-,-) 
  P15/csa_tree_add_33_32_groupi_cdnfadd15/CO -       CI->CO F     ADDFXL         1  4.9   116   258    6151    (-,-) 
  P15/csa_tree_add_33_32_groupi_cdnfadd16/CO -       CI->CO F     ADDFXL         1  4.9   116   258    6409    (-,-) 
  P15/csa_tree_add_33_32_groupi_cdnfadd17/CO -       CI->CO F     ADDFXL         1  4.9   116   258    6668    (-,-) 
  P15/csa_tree_add_33_32_groupi_cdnfadd18/CO -       CI->CO F     ADDFXL         1  4.9   116   258    6926    (-,-) 
  P15/csa_tree_add_33_32_groupi_cdnfadd19/CO -       CI->CO F     ADDFXL         1  4.9   116   258    7184    (-,-) 
  P15/csa_tree_add_33_32_groupi_cdnfadd20/CO -       CI->CO F     ADDFXL         1  4.9   116   258    7443    (-,-) 
  P15/csa_tree_add_33_32_groupi_cdnfadd21/CO -       CI->CO F     ADDFXL         1  4.9   116   258    7701    (-,-) 
  P15/csa_tree_add_33_32_groupi_cdnfadd22/CO -       CI->CO F     ADDFXL         1  4.9   116   258    7960    (-,-) 
  P15/csa_tree_add_33_32_groupi_cdnfadd23/CO -       CI->CO F     ADDFXL         1  4.9   116   258    8218    (-,-) 
  P15/csa_tree_add_33_32_groupi_cdnfadd24/CO -       CI->CO F     ADDFXL         1  4.9   116   258    8476    (-,-) 
  P15/csa_tree_add_33_32_groupi_cdnfadd25/CO -       CI->CO F     ADDFXL         1  4.9   116   258    8735    (-,-) 
  P15/csa_tree_add_33_32_groupi_cdnfadd26/CO -       CI->CO F     ADDFXL         1  4.9   116   258    8993    (-,-) 
  P15/csa_tree_add_33_32_groupi_cdnfadd27/CO -       CI->CO F     ADDFXL         1  4.9   116   258    9252    (-,-) 
  P15/csa_tree_add_33_32_groupi_cdnfadd28/CO -       CI->CO F     ADDFXL         1  4.9   116   258    9510    (-,-) 
  P15/csa_tree_add_33_32_groupi_cdnfadd29/CO -       CI->CO F     ADDFXL         1  4.9   116   258    9768    (-,-) 
  P15/csa_tree_add_33_32_groupi_cdnfadd30/S  -       CI->S  R     ADDFXL         1  1.9    79   349   10117    (-,-) 
  P15/g109/Y                                 -       B->Y   R     MX2XL          1  2.3    81   150   10268    (-,-) 
  P15/result_reg[30]/D                       -       -      R     DFFRHQX2       1    -     -     0   10268    (-,-) 
#--------------------------------------------------------------------------------------------------------------------



Path 23: MET (2657 ps) Setup Check with Pin P6/result_reg[30]/CK->D
          Group: C2C
     Startpoint: (R) weight_reg_reg[5][2]/CK
          Clock: (R) clk
       Endpoint: (R) P6/result_reg[30]/D
          Clock: (R) clk

                     Capture       Launch     
        Clock Edge:+   13330            0     
       Src Latency:+       0            0     
       Net Latency:+       0 (I)        0 (I) 
           Arrival:=   13330            0     
                                              
             Setup:-     105                  
       Uncertainty:-     300                  
     Required Time:=   12925                  
      Launch Clock:-       0                  
         Data Path:-   10268                  
             Slack:=    2657                  

#-------------------------------------------------------------------------------------------------------------------
#               Timing Point                Flags    Arc   Edge   Cell     Fanout Load Trans Delay Arrival Instance 
#                                                                                 (fF)  (ps)  (ps)   (ps)  Location 
#-------------------------------------------------------------------------------------------------------------------
  weight_reg_reg[5][2]/CK                   -       -      R     (arrival)   1910    -   200     0       0    (-,-) 
  weight_reg_reg[5][2]/Q                    -       CK->Q  R     DFFRHQX1      26 49.1   420   649     649    (-,-) 
  P6/csa_tree_add_33_32_groupi_g3965/Y      -       A->Y   F     CLKINVX1      23 45.5   367   344     993    (-,-) 
  P6/csa_tree_add_33_32_groupi_g3910/Y      -       A->Y   R     MXI2XL         2  5.6   242   247    1239    (-,-) 
  P6/csa_tree_add_33_32_groupi_g3891/Y      -       B->Y   F     NAND2X1       18 30.3   426   352    1591    (-,-) 
  P6/csa_tree_add_33_32_groupi_g3858/Y      -       A0->Y  R     AOI21XL        1  3.7   198   215    1806    (-,-) 
  P6/csa_tree_add_33_32_groupi_g3769/Y      -       S0->Y  F     MXI2XL         1  6.2   237   159    1965    (-,-) 
  P6/csa_tree_add_33_32_groupi_cdnfadd/CO   -       B->CO  F     ADDFXL         1  4.9   118   307    2272    (-,-) 
  P6/csa_tree_add_33_32_groupi_cdnfadd1/CO  -       CI->CO F     ADDFXL         1  4.9   118   259    2531    (-,-) 
  P6/csa_tree_add_33_32_groupi_cdnfadd2/CO  -       CI->CO F     ADDFXL         1  4.9   118   259    2790    (-,-) 
  P6/csa_tree_add_33_32_groupi_cdnfadd3/CO  -       CI->CO F     ADDFXL         1  4.9   118   259    3048    (-,-) 
  P6/csa_tree_add_33_32_groupi_cdnfadd4/CO  -       CI->CO F     ADDFXL         1  4.9   118   259    3307    (-,-) 
  P6/csa_tree_add_33_32_groupi_cdnfadd5/CO  -       CI->CO F     ADDFXL         1  4.9   118   259    3566    (-,-) 
  P6/csa_tree_add_33_32_groupi_cdnfadd6/CO  -       CI->CO F     ADDFXL         1  4.9   118   259    3825    (-,-) 
  P6/csa_tree_add_33_32_groupi_cdnfadd7/CO  -       CI->CO F     ADDFXL         1  4.9   116   259    4084    (-,-) 
  P6/csa_tree_add_33_32_groupi_cdnfadd8/CO  -       CI->CO F     ADDFXL         1  4.9   116   258    4342    (-,-) 
  P6/csa_tree_add_33_32_groupi_cdnfadd9/CO  -       CI->CO F     ADDFXL         1  4.9   116   258    4600    (-,-) 
  P6/csa_tree_add_33_32_groupi_cdnfadd10/CO -       CI->CO F     ADDFXL         1  4.9   116   258    4859    (-,-) 
  P6/csa_tree_add_33_32_groupi_cdnfadd11/CO -       CI->CO F     ADDFXL         1  4.9   116   258    5117    (-,-) 
  P6/csa_tree_add_33_32_groupi_cdnfadd12/CO -       CI->CO F     ADDFXL         1  4.9   116   258    5376    (-,-) 
  P6/csa_tree_add_33_32_groupi_cdnfadd13/CO -       CI->CO F     ADDFXL         1  4.9   116   258    5634    (-,-) 
  P6/csa_tree_add_33_32_groupi_cdnfadd14/CO -       CI->CO F     ADDFXL         1  4.9   116   258    5892    (-,-) 
  P6/csa_tree_add_33_32_groupi_cdnfadd15/CO -       CI->CO F     ADDFXL         1  4.9   116   258    6151    (-,-) 
  P6/csa_tree_add_33_32_groupi_cdnfadd16/CO -       CI->CO F     ADDFXL         1  4.9   116   258    6409    (-,-) 
  P6/csa_tree_add_33_32_groupi_cdnfadd17/CO -       CI->CO F     ADDFXL         1  4.9   116   258    6668    (-,-) 
  P6/csa_tree_add_33_32_groupi_cdnfadd18/CO -       CI->CO F     ADDFXL         1  4.9   116   258    6926    (-,-) 
  P6/csa_tree_add_33_32_groupi_cdnfadd19/CO -       CI->CO F     ADDFXL         1  4.9   116   258    7184    (-,-) 
  P6/csa_tree_add_33_32_groupi_cdnfadd20/CO -       CI->CO F     ADDFXL         1  4.9   116   258    7443    (-,-) 
  P6/csa_tree_add_33_32_groupi_cdnfadd21/CO -       CI->CO F     ADDFXL         1  4.9   116   258    7701    (-,-) 
  P6/csa_tree_add_33_32_groupi_cdnfadd22/CO -       CI->CO F     ADDFXL         1  4.9   116   258    7960    (-,-) 
  P6/csa_tree_add_33_32_groupi_cdnfadd23/CO -       CI->CO F     ADDFXL         1  4.9   116   258    8218    (-,-) 
  P6/csa_tree_add_33_32_groupi_cdnfadd24/CO -       CI->CO F     ADDFXL         1  4.9   116   258    8476    (-,-) 
  P6/csa_tree_add_33_32_groupi_cdnfadd25/CO -       CI->CO F     ADDFXL         1  4.9   116   258    8735    (-,-) 
  P6/csa_tree_add_33_32_groupi_cdnfadd26/CO -       CI->CO F     ADDFXL         1  4.9   116   258    8993    (-,-) 
  P6/csa_tree_add_33_32_groupi_cdnfadd27/CO -       CI->CO F     ADDFXL         1  4.9   116   258    9252    (-,-) 
  P6/csa_tree_add_33_32_groupi_cdnfadd28/CO -       CI->CO F     ADDFXL         1  4.9   116   258    9510    (-,-) 
  P6/csa_tree_add_33_32_groupi_cdnfadd29/CO -       CI->CO F     ADDFXL         1  4.9   116   258    9768    (-,-) 
  P6/csa_tree_add_33_32_groupi_cdnfadd30/S  -       CI->S  R     ADDFXL         1  1.9    79   349   10117    (-,-) 
  P6/g109/Y                                 -       B->Y   R     MX2XL          1  2.3    81   150   10268    (-,-) 
  P6/result_reg[30]/D                       -       -      R     DFFRHQX1       1    -     -     0   10268    (-,-) 
#-------------------------------------------------------------------------------------------------------------------



Path 24: MET (2657 ps) Setup Check with Pin P5/result_reg[30]/CK->D
          Group: C2C
     Startpoint: (R) weight_reg_reg[4][2]/CK
          Clock: (R) clk
       Endpoint: (R) P5/result_reg[30]/D
          Clock: (R) clk

                     Capture       Launch     
        Clock Edge:+   13330            0     
       Src Latency:+       0            0     
       Net Latency:+       0 (I)        0 (I) 
           Arrival:=   13330            0     
                                              
             Setup:-     105                  
       Uncertainty:-     300                  
     Required Time:=   12925                  
      Launch Clock:-       0                  
         Data Path:-   10268                  
             Slack:=    2657                  

#-------------------------------------------------------------------------------------------------------------------
#               Timing Point                Flags    Arc   Edge   Cell     Fanout Load Trans Delay Arrival Instance 
#                                                                                 (fF)  (ps)  (ps)   (ps)  Location 
#-------------------------------------------------------------------------------------------------------------------
  weight_reg_reg[4][2]/CK                   -       -      R     (arrival)   1910    -   200     0       0    (-,-) 
  weight_reg_reg[4][2]/Q                    -       CK->Q  R     DFFRHQX1      26 49.1   420   649     649    (-,-) 
  P5/csa_tree_add_33_32_groupi_g3965/Y      -       A->Y   F     CLKINVX1      23 45.5   367   344     993    (-,-) 
  P5/csa_tree_add_33_32_groupi_g3910/Y      -       A->Y   R     MXI2XL         2  5.6   242   247    1239    (-,-) 
  P5/csa_tree_add_33_32_groupi_g3891/Y      -       B->Y   F     NAND2X1       18 30.3   426   352    1591    (-,-) 
  P5/csa_tree_add_33_32_groupi_g3858/Y      -       A0->Y  R     AOI21XL        1  3.7   198   215    1806    (-,-) 
  P5/csa_tree_add_33_32_groupi_g3769/Y      -       S0->Y  F     MXI2XL         1  6.2   237   159    1965    (-,-) 
  P5/csa_tree_add_33_32_groupi_cdnfadd/CO   -       B->CO  F     ADDFXL         1  4.9   118   307    2272    (-,-) 
  P5/csa_tree_add_33_32_groupi_cdnfadd1/CO  -       CI->CO F     ADDFXL         1  4.9   118   259    2531    (-,-) 
  P5/csa_tree_add_33_32_groupi_cdnfadd2/CO  -       CI->CO F     ADDFXL         1  4.9   118   259    2790    (-,-) 
  P5/csa_tree_add_33_32_groupi_cdnfadd3/CO  -       CI->CO F     ADDFXL         1  4.9   118   259    3048    (-,-) 
  P5/csa_tree_add_33_32_groupi_cdnfadd4/CO  -       CI->CO F     ADDFXL         1  4.9   118   259    3307    (-,-) 
  P5/csa_tree_add_33_32_groupi_cdnfadd5/CO  -       CI->CO F     ADDFXL         1  4.9   118   259    3566    (-,-) 
  P5/csa_tree_add_33_32_groupi_cdnfadd6/CO  -       CI->CO F     ADDFXL         1  4.9   118   259    3825    (-,-) 
  P5/csa_tree_add_33_32_groupi_cdnfadd7/CO  -       CI->CO F     ADDFXL         1  4.9   116   259    4084    (-,-) 
  P5/csa_tree_add_33_32_groupi_cdnfadd8/CO  -       CI->CO F     ADDFXL         1  4.9   116   258    4342    (-,-) 
  P5/csa_tree_add_33_32_groupi_cdnfadd9/CO  -       CI->CO F     ADDFXL         1  4.9   116   258    4600    (-,-) 
  P5/csa_tree_add_33_32_groupi_cdnfadd10/CO -       CI->CO F     ADDFXL         1  4.9   116   258    4859    (-,-) 
  P5/csa_tree_add_33_32_groupi_cdnfadd11/CO -       CI->CO F     ADDFXL         1  4.9   116   258    5117    (-,-) 
  P5/csa_tree_add_33_32_groupi_cdnfadd12/CO -       CI->CO F     ADDFXL         1  4.9   116   258    5376    (-,-) 
  P5/csa_tree_add_33_32_groupi_cdnfadd13/CO -       CI->CO F     ADDFXL         1  4.9   116   258    5634    (-,-) 
  P5/csa_tree_add_33_32_groupi_cdnfadd14/CO -       CI->CO F     ADDFXL         1  4.9   116   258    5892    (-,-) 
  P5/csa_tree_add_33_32_groupi_cdnfadd15/CO -       CI->CO F     ADDFXL         1  4.9   116   258    6151    (-,-) 
  P5/csa_tree_add_33_32_groupi_cdnfadd16/CO -       CI->CO F     ADDFXL         1  4.9   116   258    6409    (-,-) 
  P5/csa_tree_add_33_32_groupi_cdnfadd17/CO -       CI->CO F     ADDFXL         1  4.9   116   258    6668    (-,-) 
  P5/csa_tree_add_33_32_groupi_cdnfadd18/CO -       CI->CO F     ADDFXL         1  4.9   116   258    6926    (-,-) 
  P5/csa_tree_add_33_32_groupi_cdnfadd19/CO -       CI->CO F     ADDFXL         1  4.9   116   258    7184    (-,-) 
  P5/csa_tree_add_33_32_groupi_cdnfadd20/CO -       CI->CO F     ADDFXL         1  4.9   116   258    7443    (-,-) 
  P5/csa_tree_add_33_32_groupi_cdnfadd21/CO -       CI->CO F     ADDFXL         1  4.9   116   258    7701    (-,-) 
  P5/csa_tree_add_33_32_groupi_cdnfadd22/CO -       CI->CO F     ADDFXL         1  4.9   116   258    7960    (-,-) 
  P5/csa_tree_add_33_32_groupi_cdnfadd23/CO -       CI->CO F     ADDFXL         1  4.9   116   258    8218    (-,-) 
  P5/csa_tree_add_33_32_groupi_cdnfadd24/CO -       CI->CO F     ADDFXL         1  4.9   116   258    8476    (-,-) 
  P5/csa_tree_add_33_32_groupi_cdnfadd25/CO -       CI->CO F     ADDFXL         1  4.9   116   258    8735    (-,-) 
  P5/csa_tree_add_33_32_groupi_cdnfadd26/CO -       CI->CO F     ADDFXL         1  4.9   116   258    8993    (-,-) 
  P5/csa_tree_add_33_32_groupi_cdnfadd27/CO -       CI->CO F     ADDFXL         1  4.9   116   258    9252    (-,-) 
  P5/csa_tree_add_33_32_groupi_cdnfadd28/CO -       CI->CO F     ADDFXL         1  4.9   116   258    9510    (-,-) 
  P5/csa_tree_add_33_32_groupi_cdnfadd29/CO -       CI->CO F     ADDFXL         1  4.9   116   258    9768    (-,-) 
  P5/csa_tree_add_33_32_groupi_cdnfadd30/S  -       CI->S  R     ADDFXL         1  1.9    79   349   10117    (-,-) 
  P5/g109/Y                                 -       B->Y   R     MX2XL          1  2.3    81   150   10268    (-,-) 
  P5/result_reg[30]/D                       -       -      R     DFFRHQX1       1    -     -     0   10268    (-,-) 
#-------------------------------------------------------------------------------------------------------------------



Path 25: MET (2707 ps) Setup Check with Pin P4/result_reg[31]/CK->D
          Group: C2C
     Startpoint: (R) weight_reg_reg[3][2]/CK
          Clock: (R) clk
       Endpoint: (F) P4/result_reg[31]/D
          Clock: (R) clk

                     Capture       Launch     
        Clock Edge:+   13330            0     
       Src Latency:+       0            0     
       Net Latency:+       0 (I)        0 (I) 
           Arrival:=   13330            0     
                                              
             Setup:-      42                  
       Uncertainty:-     300                  
     Required Time:=   12988                  
      Launch Clock:-       0                  
         Data Path:-   10280                  
             Slack:=    2707                  

#-----------------------------------------------------------------------------------------------------
#        Timing Point         Flags    Arc   Edge   Cell     Fanout Load Trans Delay Arrival Instance 
#                                                                   (fF)  (ps)  (ps)   (ps)  Location 
#-----------------------------------------------------------------------------------------------------
  weight_reg_reg[3][2]/CK     -       -      R     (arrival)   1910    -   200     0       0    (-,-) 
  weight_reg_reg[3][2]/Q      -       CK->Q  F     DFFRHQX1       2  3.5    49   388     388    (-,-) 
  drc_bufs9677/Y              -       A->Y   R     INVXL          1  5.2    89    83     471    (-,-) 
  drc_bufs9676/Y              -       A->Y   F     CLKINVX2       1  1.6    30    26     497    (-,-) 
  P4/mul_23_62_drc_bufs4172/Y -       A->Y   R     INVXL          1  5.2    88    77     574    (-,-) 
  P4/mul_23_62_drc_bufs4170/Y -       A->Y   F     CLKINVX2      29 64.1   228   182     756    (-,-) 
  P4/mul_23_62_g4165/Y        -       A->Y   R     CLKINVX1      24 47.1   399   353    1109    (-,-) 
  P4/mul_23_62_g4118/Y        -       A->Y   F     MXI2XL         2  5.6   222   204    1313    (-,-) 
  P4/mul_23_62_g4095/Y        -       B->Y   R     NOR2BX1       15 25.4   427   361    1674    (-,-) 
  P4/mul_23_62_g4089/Y        -       A->Y   F     INVXL          2  3.2   142    92    1766    (-,-) 
  P4/mul_23_62_g4067/Y        -       A1->Y  R     AOI21XL        1  3.7   198   154    1919    (-,-) 
  P4/mul_23_62_g3977/Y        -       S0->Y  R     MXI2XL         2  5.4   233   227    2146    (-,-) 
  P4/mul_23_62_g3966/Y        -       B->Y   F     NAND2XL        3  5.0   171   160    2306    (-,-) 
  P4/mul_23_62_g3935/Y        -       B->Y   R     NOR2BXL        3  5.0   183   179    2484    (-,-) 
  P4/mul_23_62_g3911/Y        -       AN->Y  R     NOR2BXL        1  4.9   188   202    2687    (-,-) 
  P4/mul_23_62_cdnfadd3/CO    -       CI->CO R     ADDFXL         1  4.9   123   270    2957    (-,-) 
  P4/mul_23_62_cdnfadd4/CO    -       CI->CO R     ADDFXL         1  4.9   123   254    3211    (-,-) 
  P4/mul_23_62_cdnfadd5/CO    -       CI->CO R     ADDFXL         1  4.9   123   254    3465    (-,-) 
  P4/mul_23_62_cdnfadd6/CO    -       CI->CO R     ADDFXL         1  4.9   123   254    3720    (-,-) 
  P4/mul_23_62_cdnfadd7/CO    -       CI->CO R     ADDFXL         1  4.9   123   254    3974    (-,-) 
  P4/mul_23_62_cdnfadd8/CO    -       CI->CO R     ADDFXL         1  4.9   123   254    4228    (-,-) 
  P4/mul_23_62_cdnfadd9/CO    -       CI->CO R     ADDFXL         1  4.9   122   254    4482    (-,-) 
  P4/mul_23_62_cdnfadd10/CO   -       CI->CO R     ADDFXL         1  4.9   122   254    4736    (-,-) 
  P4/mul_23_62_cdnfadd11/CO   -       CI->CO R     ADDFXL         1  4.9   122   254    4990    (-,-) 
  P4/mul_23_62_cdnfadd12/CO   -       CI->CO R     ADDFXL         1  4.9   122   254    5244    (-,-) 
  P4/mul_23_62_cdnfadd13/CO   -       CI->CO R     ADDFXL         1  4.9   119   254    5498    (-,-) 
  P4/mul_23_62_cdnfadd14/CO   -       CI->CO R     ADDFXL         1  4.9   119   253    5752    (-,-) 
  P4/mul_23_62_cdnfadd15/CO   -       CI->CO R     ADDFXL         1  4.9   119   253    6005    (-,-) 
  P4/mul_23_62_cdnfadd16/CO   -       CI->CO R     ADDFXL         1  4.9   119   253    6258    (-,-) 
  P4/mul_23_62_cdnfadd17/CO   -       CI->CO R     ADDFXL         1  4.9   119   253    6512    (-,-) 
  P4/mul_23_62_cdnfadd18/CO   -       CI->CO R     ADDFXL         1  4.9   119   253    6765    (-,-) 
  P4/mul_23_62_cdnfadd19/CO   -       CI->CO R     ADDFXL         1  4.9   119   253    7018    (-,-) 
  P4/mul_23_62_cdnfadd20/CO   -       CI->CO R     ADDFXL         1  4.9   119   253    7272    (-,-) 
  P4/mul_23_62_cdnfadd21/CO   -       CI->CO R     ADDFXL         1  4.9   119   253    7525    (-,-) 
  P4/mul_23_62_cdnfadd22/CO   -       CI->CO R     ADDFXL         1  4.9   119   253    7779    (-,-) 
  P4/mul_23_62_cdnfadd23/CO   -       CI->CO R     ADDFXL         1  4.9   119   253    8032    (-,-) 
  P4/mul_23_62_cdnfadd24/CO   -       CI->CO R     ADDFXL         1  4.9   119   253    8286    (-,-) 
  P4/mul_23_62_cdnfadd25/CO   -       CI->CO R     ADDFXL         1  4.9   119   253    8539    (-,-) 
  P4/mul_23_62_cdnfadd26/CO   -       CI->CO R     ADDFXL         1  4.9   119   253    8792    (-,-) 
  P4/mul_23_62_cdnfadd27/CO   -       CI->CO R     ADDFXL         1  4.9   119   253    9046    (-,-) 
  P4/mul_23_62_cdnfadd28/CO   -       CI->CO R     ADDFXL         1  4.9   119   253    9299    (-,-) 
  P4/mul_23_62_cdnfadd29/CO   -       CI->CO R     ADDFXL         1  4.9   119   253    9552    (-,-) 
  P4/mul_23_62_cdnfadd30/CO   -       CI->CO R     ADDFXL         1  4.9   119   253    9806    (-,-) 
  P4/mul_23_62_cdnfadd31/S    -       CI->S  F     ADDFXL         1  1.9    78   314   10120    (-,-) 
  P4/g106/Y                   -       B->Y   F     MX2XL          1  2.3    73   160   10280    (-,-) 
  P4/result_reg[31]/D         -       -      F     DFFRHQX1       1    -     -     0   10280    (-,-) 
#-----------------------------------------------------------------------------------------------------



Path 26: MET (2707 ps) Setup Check with Pin P3/result_reg[31]/CK->D
          Group: C2C
     Startpoint: (R) weight_reg_reg[2][2]/CK
          Clock: (R) clk
       Endpoint: (F) P3/result_reg[31]/D
          Clock: (R) clk

                     Capture       Launch     
        Clock Edge:+   13330            0     
       Src Latency:+       0            0     
       Net Latency:+       0 (I)        0 (I) 
           Arrival:=   13330            0     
                                              
             Setup:-      42                  
       Uncertainty:-     300                  
     Required Time:=   12988                  
      Launch Clock:-       0                  
         Data Path:-   10280                  
             Slack:=    2707                  

#-----------------------------------------------------------------------------------------------------
#        Timing Point         Flags    Arc   Edge   Cell     Fanout Load Trans Delay Arrival Instance 
#                                                                   (fF)  (ps)  (ps)   (ps)  Location 
#-----------------------------------------------------------------------------------------------------
  weight_reg_reg[2][2]/CK     -       -      R     (arrival)   1910    -   200     0       0    (-,-) 
  weight_reg_reg[2][2]/Q      -       CK->Q  F     DFFRHQX1       2  3.5    49   388     388    (-,-) 
  drc_bufs9673/Y              -       A->Y   R     INVXL          1  5.2    89    83     471    (-,-) 
  drc_bufs9672/Y              -       A->Y   F     CLKINVX2       1  1.6    30    26     497    (-,-) 
  P3/mul_23_62_drc_bufs4172/Y -       A->Y   R     INVXL          1  5.2    88    77     574    (-,-) 
  P3/mul_23_62_drc_bufs4170/Y -       A->Y   F     CLKINVX2      29 64.1   228   182     756    (-,-) 
  P3/mul_23_62_g4165/Y        -       A->Y   R     CLKINVX1      24 47.1   399   353    1109    (-,-) 
  P3/mul_23_62_g4118/Y        -       A->Y   F     MXI2XL         2  5.6   222   204    1313    (-,-) 
  P3/mul_23_62_g4095/Y        -       B->Y   R     NOR2BX1       15 25.4   427   361    1674    (-,-) 
  P3/mul_23_62_g4089/Y        -       A->Y   F     INVXL          2  3.2   142    92    1766    (-,-) 
  P3/mul_23_62_g4067/Y        -       A1->Y  R     AOI21XL        1  3.7   198   154    1919    (-,-) 
  P3/mul_23_62_g3977/Y        -       S0->Y  R     MXI2XL         2  5.4   233   227    2146    (-,-) 
  P3/mul_23_62_g3966/Y        -       B->Y   F     NAND2XL        3  5.0   171   160    2306    (-,-) 
  P3/mul_23_62_g3935/Y        -       B->Y   R     NOR2BXL        3  5.0   183   179    2484    (-,-) 
  P3/mul_23_62_g3911/Y        -       AN->Y  R     NOR2BXL        1  4.9   188   202    2687    (-,-) 
  P3/mul_23_62_cdnfadd3/CO    -       CI->CO R     ADDFXL         1  4.9   123   270    2957    (-,-) 
  P3/mul_23_62_cdnfadd4/CO    -       CI->CO R     ADDFXL         1  4.9   123   254    3211    (-,-) 
  P3/mul_23_62_cdnfadd5/CO    -       CI->CO R     ADDFXL         1  4.9   123   254    3465    (-,-) 
  P3/mul_23_62_cdnfadd6/CO    -       CI->CO R     ADDFXL         1  4.9   123   254    3720    (-,-) 
  P3/mul_23_62_cdnfadd7/CO    -       CI->CO R     ADDFXL         1  4.9   123   254    3974    (-,-) 
  P3/mul_23_62_cdnfadd8/CO    -       CI->CO R     ADDFXL         1  4.9   123   254    4228    (-,-) 
  P3/mul_23_62_cdnfadd9/CO    -       CI->CO R     ADDFXL         1  4.9   122   254    4482    (-,-) 
  P3/mul_23_62_cdnfadd10/CO   -       CI->CO R     ADDFXL         1  4.9   122   254    4736    (-,-) 
  P3/mul_23_62_cdnfadd11/CO   -       CI->CO R     ADDFXL         1  4.9   122   254    4990    (-,-) 
  P3/mul_23_62_cdnfadd12/CO   -       CI->CO R     ADDFXL         1  4.9   122   254    5244    (-,-) 
  P3/mul_23_62_cdnfadd13/CO   -       CI->CO R     ADDFXL         1  4.9   119   254    5498    (-,-) 
  P3/mul_23_62_cdnfadd14/CO   -       CI->CO R     ADDFXL         1  4.9   119   253    5752    (-,-) 
  P3/mul_23_62_cdnfadd15/CO   -       CI->CO R     ADDFXL         1  4.9   119   253    6005    (-,-) 
  P3/mul_23_62_cdnfadd16/CO   -       CI->CO R     ADDFXL         1  4.9   119   253    6258    (-,-) 
  P3/mul_23_62_cdnfadd17/CO   -       CI->CO R     ADDFXL         1  4.9   119   253    6512    (-,-) 
  P3/mul_23_62_cdnfadd18/CO   -       CI->CO R     ADDFXL         1  4.9   119   253    6765    (-,-) 
  P3/mul_23_62_cdnfadd19/CO   -       CI->CO R     ADDFXL         1  4.9   119   253    7018    (-,-) 
  P3/mul_23_62_cdnfadd20/CO   -       CI->CO R     ADDFXL         1  4.9   119   253    7272    (-,-) 
  P3/mul_23_62_cdnfadd21/CO   -       CI->CO R     ADDFXL         1  4.9   119   253    7525    (-,-) 
  P3/mul_23_62_cdnfadd22/CO   -       CI->CO R     ADDFXL         1  4.9   119   253    7779    (-,-) 
  P3/mul_23_62_cdnfadd23/CO   -       CI->CO R     ADDFXL         1  4.9   119   253    8032    (-,-) 
  P3/mul_23_62_cdnfadd24/CO   -       CI->CO R     ADDFXL         1  4.9   119   253    8286    (-,-) 
  P3/mul_23_62_cdnfadd25/CO   -       CI->CO R     ADDFXL         1  4.9   119   253    8539    (-,-) 
  P3/mul_23_62_cdnfadd26/CO   -       CI->CO R     ADDFXL         1  4.9   119   253    8792    (-,-) 
  P3/mul_23_62_cdnfadd27/CO   -       CI->CO R     ADDFXL         1  4.9   119   253    9046    (-,-) 
  P3/mul_23_62_cdnfadd28/CO   -       CI->CO R     ADDFXL         1  4.9   119   253    9299    (-,-) 
  P3/mul_23_62_cdnfadd29/CO   -       CI->CO R     ADDFXL         1  4.9   119   253    9552    (-,-) 
  P3/mul_23_62_cdnfadd30/CO   -       CI->CO R     ADDFXL         1  4.9   119   253    9806    (-,-) 
  P3/mul_23_62_cdnfadd31/S    -       CI->S  F     ADDFXL         1  1.9    78   314   10120    (-,-) 
  P3/g106/Y                   -       B->Y   F     MX2XL          1  2.3    73   160   10280    (-,-) 
  P3/result_reg[31]/D         -       -      F     DFFRHQX1       1    -     -     0   10280    (-,-) 
#-----------------------------------------------------------------------------------------------------



Path 27: MET (2709 ps) Setup Check with Pin P2/result_reg[31]/CK->D
          Group: C2C
     Startpoint: (R) weight_reg_reg[1][2]/CK
          Clock: (R) clk
       Endpoint: (F) P2/result_reg[31]/D
          Clock: (R) clk

                     Capture       Launch     
        Clock Edge:+   13330            0     
       Src Latency:+       0            0     
       Net Latency:+       0 (I)        0 (I) 
           Arrival:=   13330            0     
                                              
             Setup:-      42                  
       Uncertainty:-     300                  
     Required Time:=   12988                  
      Launch Clock:-       0                  
         Data Path:-   10279                  
             Slack:=    2709                  

#---------------------------------------------------------------------------------------------------------
#          Timing Point           Flags    Arc   Edge   Cell     Fanout Load Trans Delay Arrival Instance 
#                                                                       (fF)  (ps)  (ps)   (ps)  Location 
#---------------------------------------------------------------------------------------------------------
  weight_reg_reg[1][2]/CK         -       -      R     (arrival)   1910    -   200     0       0    (-,-) 
  weight_reg_reg[1][2]/Q          -       CK->Q  F     DFFRHQX1       2  3.3    48   387     387    (-,-) 
  drc_bufs9681/Y                  -       A->Y   R     INVXL          1  5.2    88    82     469    (-,-) 
  drc_bufs9680/Y                  -       A->Y   F     CLKINVX2       1  1.6    30    26     495    (-,-) 
  P2/mul_23_62_drc_bufs4172/Y     -       A->Y   R     INVXL          1  5.2    88    77     572    (-,-) 
  P2/mul_23_62_drc_bufs4170/Y     -       A->Y   F     CLKINVX2      29 64.1   228   182     754    (-,-) 
  P2/mul_23_62_g4165/Y            -       A->Y   R     CLKINVX1      24 47.1   399   353    1107    (-,-) 
  P2/mul_23_62_g4118/Y            -       A->Y   F     MXI2XL         2  5.6   222   204    1311    (-,-) 
  P2/mul_23_62_g4095/Y            -       B->Y   R     NOR2BX1       15 25.4   427   361    1672    (-,-) 
  P2/mul_23_62_g4089/Y            -       A->Y   F     INVXL          2  3.2   142    92    1764    (-,-) 
  P2/mul_23_62_g4067/Y            -       A1->Y  R     AOI21XL        1  3.7   198   154    1918    (-,-) 
  P2/mul_23_62_g3977/Y            -       S0->Y  R     MXI2XL         2  5.4   233   227    2144    (-,-) 
  P2/mul_23_62_g3966/Y            -       B->Y   F     NAND2XL        3  5.0   171   160    2304    (-,-) 
  P2/mul_23_62_g3935/Y            -       B->Y   R     NOR2BXL        3  5.0   183   179    2482    (-,-) 
  P2/mul_23_62_g3911/Y            -       AN->Y  R     NOR2BXL        1  4.9   188   202    2685    (-,-) 
  P2/mul_23_62_cdnfadd3__6260/CO  -       CI->CO R     ADDFXL         1  4.9   123   270    2955    (-,-) 
  P2/mul_23_62_cdnfadd4__4319/CO  -       CI->CO R     ADDFXL         1  4.9   123   254    3209    (-,-) 
  P2/mul_23_62_cdnfadd5__8428/CO  -       CI->CO R     ADDFXL         1  4.9   123   254    3464    (-,-) 
  P2/mul_23_62_cdnfadd6__5526/CO  -       CI->CO R     ADDFXL         1  4.9   123   254    3718    (-,-) 
  P2/mul_23_62_cdnfadd7__6783/CO  -       CI->CO R     ADDFXL         1  4.9   123   254    3972    (-,-) 
  P2/mul_23_62_cdnfadd8__3680/CO  -       CI->CO R     ADDFXL         1  4.9   123   254    4226    (-,-) 
  P2/mul_23_62_cdnfadd9__1617/CO  -       CI->CO R     ADDFXL         1  4.9   122   254    4480    (-,-) 
  P2/mul_23_62_cdnfadd10__2802/CO -       CI->CO R     ADDFXL         1  4.9   122   254    4734    (-,-) 
  P2/mul_23_62_cdnfadd11__1705/CO -       CI->CO R     ADDFXL         1  4.9   122   254    4988    (-,-) 
  P2/mul_23_62_cdnfadd12__5122/CO -       CI->CO R     ADDFXL         1  4.9   122   254    5242    (-,-) 
  P2/mul_23_62_cdnfadd13__8246/CO -       CI->CO R     ADDFXL         1  4.9   119   254    5496    (-,-) 
  P2/mul_23_62_cdnfadd14__7098/CO -       CI->CO R     ADDFXL         1  4.9   119   253    5750    (-,-) 
  P2/mul_23_62_cdnfadd15__6131/CO -       CI->CO R     ADDFXL         1  4.9   119   253    6003    (-,-) 
  P2/mul_23_62_cdnfadd16__1881/CO -       CI->CO R     ADDFXL         1  4.9   119   253    6257    (-,-) 
  P2/mul_23_62_cdnfadd17__5115/CO -       CI->CO R     ADDFXL         1  4.9   119   253    6510    (-,-) 
  P2/mul_23_62_cdnfadd18__7482/CO -       CI->CO R     ADDFXL         1  4.9   119   253    6763    (-,-) 
  P2/mul_23_62_cdnfadd19__4733/CO -       CI->CO R     ADDFXL         1  4.9   119   253    7017    (-,-) 
  P2/mul_23_62_cdnfadd20__6161/CO -       CI->CO R     ADDFXL         1  4.9   119   253    7270    (-,-) 
  P2/mul_23_62_cdnfadd21__9315/CO -       CI->CO R     ADDFXL         1  4.9   119   253    7524    (-,-) 
  P2/mul_23_62_cdnfadd22__9945/CO -       CI->CO R     ADDFXL         1  4.9   119   253    7777    (-,-) 
  P2/mul_23_62_cdnfadd23__2883/CO -       CI->CO R     ADDFXL         1  4.9   119   253    8030    (-,-) 
  P2/mul_23_62_cdnfadd24__2346/CO -       CI->CO R     ADDFXL         1  4.9   119   253    8284    (-,-) 
  P2/mul_23_62_cdnfadd25__1666/CO -       CI->CO R     ADDFXL         1  4.9   119   253    8537    (-,-) 
  P2/mul_23_62_cdnfadd26__7410/CO -       CI->CO R     ADDFXL         1  4.9   119   253    8791    (-,-) 
  P2/mul_23_62_cdnfadd27__6417/CO -       CI->CO R     ADDFXL         1  4.9   119   253    9044    (-,-) 
  P2/mul_23_62_cdnfadd28__5477/CO -       CI->CO R     ADDFXL         1  4.9   119   253    9297    (-,-) 
  P2/mul_23_62_cdnfadd29__2398/CO -       CI->CO R     ADDFXL         1  4.9   119   253    9551    (-,-) 
  P2/mul_23_62_cdnfadd30__5107/CO -       CI->CO R     ADDFXL         1  4.9   119   253    9804    (-,-) 
  P2/mul_23_62_cdnfadd31__6260/S  -       CI->S  F     ADDFXL         1  1.9    78   314   10119    (-,-) 
  P2/g106__1705/Y                 -       B->Y   F     MX2XL          1  2.3    73   160   10279    (-,-) 
  P2/result_reg[31]/D             -       -      F     DFFRHQX1       1    -     -     0   10279    (-,-) 
#---------------------------------------------------------------------------------------------------------



Path 28: MET (2709 ps) Setup Check with Pin P1/result_reg[31]/CK->D
          Group: C2C
     Startpoint: (R) weight_reg_reg[0][2]/CK
          Clock: (R) clk
       Endpoint: (F) P1/result_reg[31]/D
          Clock: (R) clk

                     Capture       Launch     
        Clock Edge:+   13330            0     
       Src Latency:+       0            0     
       Net Latency:+       0 (I)        0 (I) 
           Arrival:=   13330            0     
                                              
             Setup:-      42                  
       Uncertainty:-     300                  
     Required Time:=   12988                  
      Launch Clock:-       0                  
         Data Path:-   10279                  
             Slack:=    2709                  

#---------------------------------------------------------------------------------------------------------
#          Timing Point           Flags    Arc   Edge   Cell     Fanout Load Trans Delay Arrival Instance 
#                                                                       (fF)  (ps)  (ps)   (ps)  Location 
#---------------------------------------------------------------------------------------------------------
  weight_reg_reg[0][2]/CK         -       -      R     (arrival)   1910    -   200     0       0    (-,-) 
  weight_reg_reg[0][2]/Q          -       CK->Q  F     DFFRHQX1       2  3.3    48   387     387    (-,-) 
  drc_bufs9685/Y                  -       A->Y   R     INVXL          1  5.2    88    82     469    (-,-) 
  drc_bufs9684/Y                  -       A->Y   F     CLKINVX2       1  1.6    30    26     495    (-,-) 
  P1/mul_23_62_drc_bufs4172/Y     -       A->Y   R     INVXL          1  5.2    88    77     572    (-,-) 
  P1/mul_23_62_drc_bufs4170/Y     -       A->Y   F     CLKINVX2      29 64.1   228   182     754    (-,-) 
  P1/mul_23_62_g4165/Y            -       A->Y   R     CLKINVX1      24 47.1   399   353    1107    (-,-) 
  P1/mul_23_62_g4118__9945/Y      -       A->Y   F     MXI2XL         2  5.6   222   204    1311    (-,-) 
  P1/mul_23_62_g4095__2398/Y      -       B->Y   R     NOR2BX1       15 25.4   427   361    1672    (-,-) 
  P1/mul_23_62_g4089/Y            -       A->Y   F     INVXL          2  3.2   142    92    1764    (-,-) 
  P1/mul_23_62_g4067__7098/Y      -       A1->Y  R     AOI21XL        1  3.7   198   154    1918    (-,-) 
  P1/mul_23_62_g3977__7098/Y      -       S0->Y  R     MXI2XL         2  5.4   233   227    2144    (-,-) 
  P1/mul_23_62_g3966__6260/Y      -       B->Y   F     NAND2XL        3  5.0   171   160    2304    (-,-) 
  P1/mul_23_62_g3935__2398/Y      -       B->Y   R     NOR2BXL        3  5.0   183   179    2482    (-,-) 
  P1/mul_23_62_g3911__5526/Y      -       AN->Y  R     NOR2BXL        1  4.9   188   202    2685    (-,-) 
  P1/mul_23_62_cdnfadd3__9315/CO  -       CI->CO R     ADDFXL         1  4.9   123   270    2955    (-,-) 
  P1/mul_23_62_cdnfadd4__9945/CO  -       CI->CO R     ADDFXL         1  4.9   123   254    3209    (-,-) 
  P1/mul_23_62_cdnfadd5__2883/CO  -       CI->CO R     ADDFXL         1  4.9   123   254    3464    (-,-) 
  P1/mul_23_62_cdnfadd6__2346/CO  -       CI->CO R     ADDFXL         1  4.9   123   254    3718    (-,-) 
  P1/mul_23_62_cdnfadd7__1666/CO  -       CI->CO R     ADDFXL         1  4.9   123   254    3972    (-,-) 
  P1/mul_23_62_cdnfadd8__7410/CO  -       CI->CO R     ADDFXL         1  4.9   123   254    4226    (-,-) 
  P1/mul_23_62_cdnfadd9__6417/CO  -       CI->CO R     ADDFXL         1  4.9   122   254    4480    (-,-) 
  P1/mul_23_62_cdnfadd10__5477/CO -       CI->CO R     ADDFXL         1  4.9   122   254    4734    (-,-) 
  P1/mul_23_62_cdnfadd11__2398/CO -       CI->CO R     ADDFXL         1  4.9   122   254    4988    (-,-) 
  P1/mul_23_62_cdnfadd12__5107/CO -       CI->CO R     ADDFXL         1  4.9   122   254    5242    (-,-) 
  P1/mul_23_62_cdnfadd13__6260/CO -       CI->CO R     ADDFXL         1  4.9   119   254    5496    (-,-) 
  P1/mul_23_62_cdnfadd14__4319/CO -       CI->CO R     ADDFXL         1  4.9   119   253    5750    (-,-) 
  P1/mul_23_62_cdnfadd15__8428/CO -       CI->CO R     ADDFXL         1  4.9   119   253    6003    (-,-) 
  P1/mul_23_62_cdnfadd16__5526/CO -       CI->CO R     ADDFXL         1  4.9   119   253    6257    (-,-) 
  P1/mul_23_62_cdnfadd17__6783/CO -       CI->CO R     ADDFXL         1  4.9   119   253    6510    (-,-) 
  P1/mul_23_62_cdnfadd18__3680/CO -       CI->CO R     ADDFXL         1  4.9   119   253    6763    (-,-) 
  P1/mul_23_62_cdnfadd19__1617/CO -       CI->CO R     ADDFXL         1  4.9   119   253    7017    (-,-) 
  P1/mul_23_62_cdnfadd20__2802/CO -       CI->CO R     ADDFXL         1  4.9   119   253    7270    (-,-) 
  P1/mul_23_62_cdnfadd21__1705/CO -       CI->CO R     ADDFXL         1  4.9   119   253    7524    (-,-) 
  P1/mul_23_62_cdnfadd22__5122/CO -       CI->CO R     ADDFXL         1  4.9   119   253    7777    (-,-) 
  P1/mul_23_62_cdnfadd23__8246/CO -       CI->CO R     ADDFXL         1  4.9   119   253    8030    (-,-) 
  P1/mul_23_62_cdnfadd24__7098/CO -       CI->CO R     ADDFXL         1  4.9   119   253    8284    (-,-) 
  P1/mul_23_62_cdnfadd25__6131/CO -       CI->CO R     ADDFXL         1  4.9   119   253    8537    (-,-) 
  P1/mul_23_62_cdnfadd26__1881/CO -       CI->CO R     ADDFXL         1  4.9   119   253    8791    (-,-) 
  P1/mul_23_62_cdnfadd27__5115/CO -       CI->CO R     ADDFXL         1  4.9   119   253    9044    (-,-) 
  P1/mul_23_62_cdnfadd28__7482/CO -       CI->CO R     ADDFXL         1  4.9   119   253    9297    (-,-) 
  P1/mul_23_62_cdnfadd29__4733/CO -       CI->CO R     ADDFXL         1  4.9   119   253    9551    (-,-) 
  P1/mul_23_62_cdnfadd30__6161/CO -       CI->CO R     ADDFXL         1  4.9   119   253    9804    (-,-) 
  P1/mul_23_62_cdnfadd31__9315/S  -       CI->S  F     ADDFXL         1  1.9    78   314   10119    (-,-) 
  P1/g106__2398/Y                 -       B->Y   F     MX2XL          1  2.3    73   160   10279    (-,-) 
  P1/result_reg[31]/D             -       -      F     DFFRHQX1       1    -     -     0   10279    (-,-) 
#---------------------------------------------------------------------------------------------------------



Path 29: MET (2914 ps) Setup Check with Pin P16/result_reg[29]/CK->D
          Group: C2C
     Startpoint: (R) weight_reg_reg[15][2]/CK
          Clock: (R) clk
       Endpoint: (R) P16/result_reg[29]/D
          Clock: (R) clk

                     Capture       Launch     
        Clock Edge:+   13330            0     
       Src Latency:+       0            0     
       Net Latency:+       0 (I)        0 (I) 
           Arrival:=   13330            0     
                                              
             Setup:-     105                  
       Uncertainty:-     300                  
     Required Time:=   12925                  
      Launch Clock:-       0                  
         Data Path:-   10011                  
             Slack:=    2914                  

#--------------------------------------------------------------------------------------------------------------------
#               Timing Point                 Flags    Arc   Edge   Cell     Fanout Load Trans Delay Arrival Instance 
#                                                                                  (fF)  (ps)  (ps)   (ps)  Location 
#--------------------------------------------------------------------------------------------------------------------
  weight_reg_reg[15][2]/CK                   -       -      R     (arrival)   1910    -   200     0       0    (-,-) 
  weight_reg_reg[15][2]/Q                    -       CK->Q  R     DFFRHQX1      26 49.3   422   650     650    (-,-) 
  P16/csa_tree_add_33_32_groupi_g3965/Y      -       A->Y   F     CLKINVX1      23 45.5   368   344     994    (-,-) 
  P16/csa_tree_add_33_32_groupi_g3910/Y      -       A->Y   R     MXI2XL         2  5.6   242   247    1241    (-,-) 
  P16/csa_tree_add_33_32_groupi_g3891/Y      -       B->Y   F     NAND2X1       18 30.3   426   352    1593    (-,-) 
  P16/csa_tree_add_33_32_groupi_g3858/Y      -       A0->Y  R     AOI21XL        1  3.7   198   215    1808    (-,-) 
  P16/csa_tree_add_33_32_groupi_g3769/Y      -       S0->Y  F     MXI2XL         1  6.2   237   159    1966    (-,-) 
  P16/csa_tree_add_33_32_groupi_cdnfadd/CO   -       B->CO  F     ADDFXL         1  4.9   118   307    2274    (-,-) 
  P16/csa_tree_add_33_32_groupi_cdnfadd1/CO  -       CI->CO F     ADDFXL         1  4.9   118   259    2533    (-,-) 
  P16/csa_tree_add_33_32_groupi_cdnfadd2/CO  -       CI->CO F     ADDFXL         1  4.9   118   259    2791    (-,-) 
  P16/csa_tree_add_33_32_groupi_cdnfadd3/CO  -       CI->CO F     ADDFXL         1  4.9   118   259    3050    (-,-) 
  P16/csa_tree_add_33_32_groupi_cdnfadd4/CO  -       CI->CO F     ADDFXL         1  4.9   118   259    3309    (-,-) 
  P16/csa_tree_add_33_32_groupi_cdnfadd5/CO  -       CI->CO F     ADDFXL         1  4.9   118   259    3568    (-,-) 
  P16/csa_tree_add_33_32_groupi_cdnfadd6/CO  -       CI->CO F     ADDFXL         1  4.9   118   259    3827    (-,-) 
  P16/csa_tree_add_33_32_groupi_cdnfadd7/CO  -       CI->CO F     ADDFXL         1  4.9   116   259    4085    (-,-) 
  P16/csa_tree_add_33_32_groupi_cdnfadd8/CO  -       CI->CO F     ADDFXL         1  4.9   116   258    4344    (-,-) 
  P16/csa_tree_add_33_32_groupi_cdnfadd9/CO  -       CI->CO F     ADDFXL         1  4.9   116   258    4602    (-,-) 
  P16/csa_tree_add_33_32_groupi_cdnfadd10/CO -       CI->CO F     ADDFXL         1  4.9   116   258    4861    (-,-) 
  P16/csa_tree_add_33_32_groupi_cdnfadd11/CO -       CI->CO F     ADDFXL         1  4.9   116   258    5119    (-,-) 
  P16/csa_tree_add_33_32_groupi_cdnfadd12/CO -       CI->CO F     ADDFXL         1  4.9   116   258    5377    (-,-) 
  P16/csa_tree_add_33_32_groupi_cdnfadd13/CO -       CI->CO F     ADDFXL         1  4.9   116   258    5636    (-,-) 
  P16/csa_tree_add_33_32_groupi_cdnfadd14/CO -       CI->CO F     ADDFXL         1  4.9   116   258    5894    (-,-) 
  P16/csa_tree_add_33_32_groupi_cdnfadd15/CO -       CI->CO F     ADDFXL         1  4.9   116   258    6153    (-,-) 
  P16/csa_tree_add_33_32_groupi_cdnfadd16/CO -       CI->CO F     ADDFXL         1  4.9   116   258    6411    (-,-) 
  P16/csa_tree_add_33_32_groupi_cdnfadd17/CO -       CI->CO F     ADDFXL         1  4.9   116   258    6669    (-,-) 
  P16/csa_tree_add_33_32_groupi_cdnfadd18/CO -       CI->CO F     ADDFXL         1  4.9   116   258    6928    (-,-) 
  P16/csa_tree_add_33_32_groupi_cdnfadd19/CO -       CI->CO F     ADDFXL         1  4.9   116   258    7186    (-,-) 
  P16/csa_tree_add_33_32_groupi_cdnfadd20/CO -       CI->CO F     ADDFXL         1  4.9   116   258    7445    (-,-) 
  P16/csa_tree_add_33_32_groupi_cdnfadd21/CO -       CI->CO F     ADDFXL         1  4.9   116   258    7703    (-,-) 
  P16/csa_tree_add_33_32_groupi_cdnfadd22/CO -       CI->CO F     ADDFXL         1  4.9   116   258    7961    (-,-) 
  P16/csa_tree_add_33_32_groupi_cdnfadd23/CO -       CI->CO F     ADDFXL         1  4.9   116   258    8220    (-,-) 
  P16/csa_tree_add_33_32_groupi_cdnfadd24/CO -       CI->CO F     ADDFXL         1  4.9   116   258    8478    (-,-) 
  P16/csa_tree_add_33_32_groupi_cdnfadd25/CO -       CI->CO F     ADDFXL         1  4.9   116   258    8737    (-,-) 
  P16/csa_tree_add_33_32_groupi_cdnfadd26/CO -       CI->CO F     ADDFXL         1  4.9   116   258    8995    (-,-) 
  P16/csa_tree_add_33_32_groupi_cdnfadd27/CO -       CI->CO F     ADDFXL         1  4.9   116   258    9253    (-,-) 
  P16/csa_tree_add_33_32_groupi_cdnfadd28/CO -       CI->CO F     ADDFXL         1  4.9   116   258    9512    (-,-) 
  P16/csa_tree_add_33_32_groupi_cdnfadd29/S  -       CI->S  R     ADDFXL         1  1.9    79   349    9861    (-,-) 
  P16/g118/Y                                 -       B->Y   R     MX2XL          1  2.3    81   150   10011    (-,-) 
  P16/result_reg[29]/D                       -       -      R     DFFRHQX2       1    -     -     0   10011    (-,-) 
#--------------------------------------------------------------------------------------------------------------------



Path 30: MET (2914 ps) Setup Check with Pin P14/result_reg[29]/CK->D
          Group: C2C
     Startpoint: (R) weight_reg_reg[13][2]/CK
          Clock: (R) clk
       Endpoint: (R) P14/result_reg[29]/D
          Clock: (R) clk

                     Capture       Launch     
        Clock Edge:+   13330            0     
       Src Latency:+       0            0     
       Net Latency:+       0 (I)        0 (I) 
           Arrival:=   13330            0     
                                              
             Setup:-     105                  
       Uncertainty:-     300                  
     Required Time:=   12925                  
      Launch Clock:-       0                  
         Data Path:-   10011                  
             Slack:=    2914                  

#--------------------------------------------------------------------------------------------------------------------
#               Timing Point                 Flags    Arc   Edge   Cell     Fanout Load Trans Delay Arrival Instance 
#                                                                                  (fF)  (ps)  (ps)   (ps)  Location 
#--------------------------------------------------------------------------------------------------------------------
  weight_reg_reg[13][2]/CK                   -       -      R     (arrival)   1910    -   200     0       0    (-,-) 
  weight_reg_reg[13][2]/Q                    -       CK->Q  R     DFFRHQX1      26 49.3   422   650     650    (-,-) 
  P14/csa_tree_add_33_32_groupi_g3965/Y      -       A->Y   F     CLKINVX1      23 45.5   368   344     994    (-,-) 
  P14/csa_tree_add_33_32_groupi_g3910/Y      -       A->Y   R     MXI2XL         2  5.6   242   247    1241    (-,-) 
  P14/csa_tree_add_33_32_groupi_g3891/Y      -       B->Y   F     NAND2X1       18 30.3   426   352    1593    (-,-) 
  P14/csa_tree_add_33_32_groupi_g3858/Y      -       A0->Y  R     AOI21XL        1  3.7   198   215    1808    (-,-) 
  P14/csa_tree_add_33_32_groupi_g3769/Y      -       S0->Y  F     MXI2XL         1  6.2   237   159    1966    (-,-) 
  P14/csa_tree_add_33_32_groupi_cdnfadd/CO   -       B->CO  F     ADDFXL         1  4.9   118   307    2274    (-,-) 
  P14/csa_tree_add_33_32_groupi_cdnfadd1/CO  -       CI->CO F     ADDFXL         1  4.9   118   259    2533    (-,-) 
  P14/csa_tree_add_33_32_groupi_cdnfadd2/CO  -       CI->CO F     ADDFXL         1  4.9   118   259    2791    (-,-) 
  P14/csa_tree_add_33_32_groupi_cdnfadd3/CO  -       CI->CO F     ADDFXL         1  4.9   118   259    3050    (-,-) 
  P14/csa_tree_add_33_32_groupi_cdnfadd4/CO  -       CI->CO F     ADDFXL         1  4.9   118   259    3309    (-,-) 
  P14/csa_tree_add_33_32_groupi_cdnfadd5/CO  -       CI->CO F     ADDFXL         1  4.9   118   259    3568    (-,-) 
  P14/csa_tree_add_33_32_groupi_cdnfadd6/CO  -       CI->CO F     ADDFXL         1  4.9   118   259    3827    (-,-) 
  P14/csa_tree_add_33_32_groupi_cdnfadd7/CO  -       CI->CO F     ADDFXL         1  4.9   116   259    4085    (-,-) 
  P14/csa_tree_add_33_32_groupi_cdnfadd8/CO  -       CI->CO F     ADDFXL         1  4.9   116   258    4344    (-,-) 
  P14/csa_tree_add_33_32_groupi_cdnfadd9/CO  -       CI->CO F     ADDFXL         1  4.9   116   258    4602    (-,-) 
  P14/csa_tree_add_33_32_groupi_cdnfadd10/CO -       CI->CO F     ADDFXL         1  4.9   116   258    4861    (-,-) 
  P14/csa_tree_add_33_32_groupi_cdnfadd11/CO -       CI->CO F     ADDFXL         1  4.9   116   258    5119    (-,-) 
  P14/csa_tree_add_33_32_groupi_cdnfadd12/CO -       CI->CO F     ADDFXL         1  4.9   116   258    5377    (-,-) 
  P14/csa_tree_add_33_32_groupi_cdnfadd13/CO -       CI->CO F     ADDFXL         1  4.9   116   258    5636    (-,-) 
  P14/csa_tree_add_33_32_groupi_cdnfadd14/CO -       CI->CO F     ADDFXL         1  4.9   116   258    5894    (-,-) 
  P14/csa_tree_add_33_32_groupi_cdnfadd15/CO -       CI->CO F     ADDFXL         1  4.9   116   258    6153    (-,-) 
  P14/csa_tree_add_33_32_groupi_cdnfadd16/CO -       CI->CO F     ADDFXL         1  4.9   116   258    6411    (-,-) 
  P14/csa_tree_add_33_32_groupi_cdnfadd17/CO -       CI->CO F     ADDFXL         1  4.9   116   258    6669    (-,-) 
  P14/csa_tree_add_33_32_groupi_cdnfadd18/CO -       CI->CO F     ADDFXL         1  4.9   116   258    6928    (-,-) 
  P14/csa_tree_add_33_32_groupi_cdnfadd19/CO -       CI->CO F     ADDFXL         1  4.9   116   258    7186    (-,-) 
  P14/csa_tree_add_33_32_groupi_cdnfadd20/CO -       CI->CO F     ADDFXL         1  4.9   116   258    7445    (-,-) 
  P14/csa_tree_add_33_32_groupi_cdnfadd21/CO -       CI->CO F     ADDFXL         1  4.9   116   258    7703    (-,-) 
  P14/csa_tree_add_33_32_groupi_cdnfadd22/CO -       CI->CO F     ADDFXL         1  4.9   116   258    7961    (-,-) 
  P14/csa_tree_add_33_32_groupi_cdnfadd23/CO -       CI->CO F     ADDFXL         1  4.9   116   258    8220    (-,-) 
  P14/csa_tree_add_33_32_groupi_cdnfadd24/CO -       CI->CO F     ADDFXL         1  4.9   116   258    8478    (-,-) 
  P14/csa_tree_add_33_32_groupi_cdnfadd25/CO -       CI->CO F     ADDFXL         1  4.9   116   258    8737    (-,-) 
  P14/csa_tree_add_33_32_groupi_cdnfadd26/CO -       CI->CO F     ADDFXL         1  4.9   116   258    8995    (-,-) 
  P14/csa_tree_add_33_32_groupi_cdnfadd27/CO -       CI->CO F     ADDFXL         1  4.9   116   258    9253    (-,-) 
  P14/csa_tree_add_33_32_groupi_cdnfadd28/CO -       CI->CO F     ADDFXL         1  4.9   116   258    9512    (-,-) 
  P14/csa_tree_add_33_32_groupi_cdnfadd29/S  -       CI->S  R     ADDFXL         1  1.9    79   349    9861    (-,-) 
  P14/g116/Y                                 -       B->Y   R     MX2XL          1  2.3    81   150   10011    (-,-) 
  P14/result_reg[29]/D                       -       -      R     DFFRHQX2       1    -     -     0   10011    (-,-) 
#--------------------------------------------------------------------------------------------------------------------



Path 31: MET (2914 ps) Setup Check with Pin P13/result_reg[29]/CK->D
          Group: C2C
     Startpoint: (R) weight_reg_reg[12][2]/CK
          Clock: (R) clk
       Endpoint: (R) P13/result_reg[29]/D
          Clock: (R) clk

                     Capture       Launch     
        Clock Edge:+   13330            0     
       Src Latency:+       0            0     
       Net Latency:+       0 (I)        0 (I) 
           Arrival:=   13330            0     
                                              
             Setup:-     105                  
       Uncertainty:-     300                  
     Required Time:=   12925                  
      Launch Clock:-       0                  
         Data Path:-   10011                  
             Slack:=    2914                  

#--------------------------------------------------------------------------------------------------------------------
#               Timing Point                 Flags    Arc   Edge   Cell     Fanout Load Trans Delay Arrival Instance 
#                                                                                  (fF)  (ps)  (ps)   (ps)  Location 
#--------------------------------------------------------------------------------------------------------------------
  weight_reg_reg[12][2]/CK                   -       -      R     (arrival)   1910    -   200     0       0    (-,-) 
  weight_reg_reg[12][2]/Q                    -       CK->Q  R     DFFRHQX1      26 49.3   422   650     650    (-,-) 
  P13/csa_tree_add_33_32_groupi_g3965/Y      -       A->Y   F     CLKINVX1      23 45.5   368   344     994    (-,-) 
  P13/csa_tree_add_33_32_groupi_g3910/Y      -       A->Y   R     MXI2XL         2  5.6   242   247    1241    (-,-) 
  P13/csa_tree_add_33_32_groupi_g3891/Y      -       B->Y   F     NAND2X1       18 30.3   426   352    1593    (-,-) 
  P13/csa_tree_add_33_32_groupi_g3858/Y      -       A0->Y  R     AOI21XL        1  3.7   198   215    1808    (-,-) 
  P13/csa_tree_add_33_32_groupi_g3769/Y      -       S0->Y  F     MXI2XL         1  6.2   237   159    1966    (-,-) 
  P13/csa_tree_add_33_32_groupi_cdnfadd/CO   -       B->CO  F     ADDFXL         1  4.9   118   307    2274    (-,-) 
  P13/csa_tree_add_33_32_groupi_cdnfadd1/CO  -       CI->CO F     ADDFXL         1  4.9   118   259    2533    (-,-) 
  P13/csa_tree_add_33_32_groupi_cdnfadd2/CO  -       CI->CO F     ADDFXL         1  4.9   118   259    2791    (-,-) 
  P13/csa_tree_add_33_32_groupi_cdnfadd3/CO  -       CI->CO F     ADDFXL         1  4.9   118   259    3050    (-,-) 
  P13/csa_tree_add_33_32_groupi_cdnfadd4/CO  -       CI->CO F     ADDFXL         1  4.9   118   259    3309    (-,-) 
  P13/csa_tree_add_33_32_groupi_cdnfadd5/CO  -       CI->CO F     ADDFXL         1  4.9   118   259    3568    (-,-) 
  P13/csa_tree_add_33_32_groupi_cdnfadd6/CO  -       CI->CO F     ADDFXL         1  4.9   118   259    3827    (-,-) 
  P13/csa_tree_add_33_32_groupi_cdnfadd7/CO  -       CI->CO F     ADDFXL         1  4.9   116   259    4085    (-,-) 
  P13/csa_tree_add_33_32_groupi_cdnfadd8/CO  -       CI->CO F     ADDFXL         1  4.9   116   258    4344    (-,-) 
  P13/csa_tree_add_33_32_groupi_cdnfadd9/CO  -       CI->CO F     ADDFXL         1  4.9   116   258    4602    (-,-) 
  P13/csa_tree_add_33_32_groupi_cdnfadd10/CO -       CI->CO F     ADDFXL         1  4.9   116   258    4861    (-,-) 
  P13/csa_tree_add_33_32_groupi_cdnfadd11/CO -       CI->CO F     ADDFXL         1  4.9   116   258    5119    (-,-) 
  P13/csa_tree_add_33_32_groupi_cdnfadd12/CO -       CI->CO F     ADDFXL         1  4.9   116   258    5377    (-,-) 
  P13/csa_tree_add_33_32_groupi_cdnfadd13/CO -       CI->CO F     ADDFXL         1  4.9   116   258    5636    (-,-) 
  P13/csa_tree_add_33_32_groupi_cdnfadd14/CO -       CI->CO F     ADDFXL         1  4.9   116   258    5894    (-,-) 
  P13/csa_tree_add_33_32_groupi_cdnfadd15/CO -       CI->CO F     ADDFXL         1  4.9   116   258    6153    (-,-) 
  P13/csa_tree_add_33_32_groupi_cdnfadd16/CO -       CI->CO F     ADDFXL         1  4.9   116   258    6411    (-,-) 
  P13/csa_tree_add_33_32_groupi_cdnfadd17/CO -       CI->CO F     ADDFXL         1  4.9   116   258    6669    (-,-) 
  P13/csa_tree_add_33_32_groupi_cdnfadd18/CO -       CI->CO F     ADDFXL         1  4.9   116   258    6928    (-,-) 
  P13/csa_tree_add_33_32_groupi_cdnfadd19/CO -       CI->CO F     ADDFXL         1  4.9   116   258    7186    (-,-) 
  P13/csa_tree_add_33_32_groupi_cdnfadd20/CO -       CI->CO F     ADDFXL         1  4.9   116   258    7445    (-,-) 
  P13/csa_tree_add_33_32_groupi_cdnfadd21/CO -       CI->CO F     ADDFXL         1  4.9   116   258    7703    (-,-) 
  P13/csa_tree_add_33_32_groupi_cdnfadd22/CO -       CI->CO F     ADDFXL         1  4.9   116   258    7961    (-,-) 
  P13/csa_tree_add_33_32_groupi_cdnfadd23/CO -       CI->CO F     ADDFXL         1  4.9   116   258    8220    (-,-) 
  P13/csa_tree_add_33_32_groupi_cdnfadd24/CO -       CI->CO F     ADDFXL         1  4.9   116   258    8478    (-,-) 
  P13/csa_tree_add_33_32_groupi_cdnfadd25/CO -       CI->CO F     ADDFXL         1  4.9   116   258    8737    (-,-) 
  P13/csa_tree_add_33_32_groupi_cdnfadd26/CO -       CI->CO F     ADDFXL         1  4.9   116   258    8995    (-,-) 
  P13/csa_tree_add_33_32_groupi_cdnfadd27/CO -       CI->CO F     ADDFXL         1  4.9   116   258    9253    (-,-) 
  P13/csa_tree_add_33_32_groupi_cdnfadd28/CO -       CI->CO F     ADDFXL         1  4.9   116   258    9512    (-,-) 
  P13/csa_tree_add_33_32_groupi_cdnfadd29/S  -       CI->S  R     ADDFXL         1  1.9    79   349    9861    (-,-) 
  P13/g116/Y                                 -       B->Y   R     MX2XL          1  2.3    81   150   10011    (-,-) 
  P13/result_reg[29]/D                       -       -      R     DFFRHQX2       1    -     -     0   10011    (-,-) 
#--------------------------------------------------------------------------------------------------------------------



Path 32: MET (2914 ps) Setup Check with Pin P12/result_reg[29]/CK->D
          Group: C2C
     Startpoint: (R) weight_reg_reg[11][2]/CK
          Clock: (R) clk
       Endpoint: (R) P12/result_reg[29]/D
          Clock: (R) clk

                     Capture       Launch     
        Clock Edge:+   13330            0     
       Src Latency:+       0            0     
       Net Latency:+       0 (I)        0 (I) 
           Arrival:=   13330            0     
                                              
             Setup:-     105                  
       Uncertainty:-     300                  
     Required Time:=   12925                  
      Launch Clock:-       0                  
         Data Path:-   10011                  
             Slack:=    2914                  

#--------------------------------------------------------------------------------------------------------------------
#               Timing Point                 Flags    Arc   Edge   Cell     Fanout Load Trans Delay Arrival Instance 
#                                                                                  (fF)  (ps)  (ps)   (ps)  Location 
#--------------------------------------------------------------------------------------------------------------------
  weight_reg_reg[11][2]/CK                   -       -      R     (arrival)   1910    -   200     0       0    (-,-) 
  weight_reg_reg[11][2]/Q                    -       CK->Q  R     DFFRHQX1      26 49.3   422   650     650    (-,-) 
  P12/csa_tree_add_33_32_groupi_g3965/Y      -       A->Y   F     CLKINVX1      23 45.5   368   344     994    (-,-) 
  P12/csa_tree_add_33_32_groupi_g3910/Y      -       A->Y   R     MXI2XL         2  5.6   242   247    1241    (-,-) 
  P12/csa_tree_add_33_32_groupi_g3891/Y      -       B->Y   F     NAND2X1       18 30.3   426   352    1593    (-,-) 
  P12/csa_tree_add_33_32_groupi_g3858/Y      -       A0->Y  R     AOI21XL        1  3.7   198   215    1808    (-,-) 
  P12/csa_tree_add_33_32_groupi_g3769/Y      -       S0->Y  F     MXI2XL         1  6.2   237   159    1966    (-,-) 
  P12/csa_tree_add_33_32_groupi_cdnfadd/CO   -       B->CO  F     ADDFXL         1  4.9   118   307    2274    (-,-) 
  P12/csa_tree_add_33_32_groupi_cdnfadd1/CO  -       CI->CO F     ADDFXL         1  4.9   118   259    2533    (-,-) 
  P12/csa_tree_add_33_32_groupi_cdnfadd2/CO  -       CI->CO F     ADDFXL         1  4.9   118   259    2791    (-,-) 
  P12/csa_tree_add_33_32_groupi_cdnfadd3/CO  -       CI->CO F     ADDFXL         1  4.9   118   259    3050    (-,-) 
  P12/csa_tree_add_33_32_groupi_cdnfadd4/CO  -       CI->CO F     ADDFXL         1  4.9   118   259    3309    (-,-) 
  P12/csa_tree_add_33_32_groupi_cdnfadd5/CO  -       CI->CO F     ADDFXL         1  4.9   118   259    3568    (-,-) 
  P12/csa_tree_add_33_32_groupi_cdnfadd6/CO  -       CI->CO F     ADDFXL         1  4.9   118   259    3827    (-,-) 
  P12/csa_tree_add_33_32_groupi_cdnfadd7/CO  -       CI->CO F     ADDFXL         1  4.9   116   259    4085    (-,-) 
  P12/csa_tree_add_33_32_groupi_cdnfadd8/CO  -       CI->CO F     ADDFXL         1  4.9   116   258    4344    (-,-) 
  P12/csa_tree_add_33_32_groupi_cdnfadd9/CO  -       CI->CO F     ADDFXL         1  4.9   116   258    4602    (-,-) 
  P12/csa_tree_add_33_32_groupi_cdnfadd10/CO -       CI->CO F     ADDFXL         1  4.9   116   258    4861    (-,-) 
  P12/csa_tree_add_33_32_groupi_cdnfadd11/CO -       CI->CO F     ADDFXL         1  4.9   116   258    5119    (-,-) 
  P12/csa_tree_add_33_32_groupi_cdnfadd12/CO -       CI->CO F     ADDFXL         1  4.9   116   258    5377    (-,-) 
  P12/csa_tree_add_33_32_groupi_cdnfadd13/CO -       CI->CO F     ADDFXL         1  4.9   116   258    5636    (-,-) 
  P12/csa_tree_add_33_32_groupi_cdnfadd14/CO -       CI->CO F     ADDFXL         1  4.9   116   258    5894    (-,-) 
  P12/csa_tree_add_33_32_groupi_cdnfadd15/CO -       CI->CO F     ADDFXL         1  4.9   116   258    6153    (-,-) 
  P12/csa_tree_add_33_32_groupi_cdnfadd16/CO -       CI->CO F     ADDFXL         1  4.9   116   258    6411    (-,-) 
  P12/csa_tree_add_33_32_groupi_cdnfadd17/CO -       CI->CO F     ADDFXL         1  4.9   116   258    6669    (-,-) 
  P12/csa_tree_add_33_32_groupi_cdnfadd18/CO -       CI->CO F     ADDFXL         1  4.9   116   258    6928    (-,-) 
  P12/csa_tree_add_33_32_groupi_cdnfadd19/CO -       CI->CO F     ADDFXL         1  4.9   116   258    7186    (-,-) 
  P12/csa_tree_add_33_32_groupi_cdnfadd20/CO -       CI->CO F     ADDFXL         1  4.9   116   258    7445    (-,-) 
  P12/csa_tree_add_33_32_groupi_cdnfadd21/CO -       CI->CO F     ADDFXL         1  4.9   116   258    7703    (-,-) 
  P12/csa_tree_add_33_32_groupi_cdnfadd22/CO -       CI->CO F     ADDFXL         1  4.9   116   258    7961    (-,-) 
  P12/csa_tree_add_33_32_groupi_cdnfadd23/CO -       CI->CO F     ADDFXL         1  4.9   116   258    8220    (-,-) 
  P12/csa_tree_add_33_32_groupi_cdnfadd24/CO -       CI->CO F     ADDFXL         1  4.9   116   258    8478    (-,-) 
  P12/csa_tree_add_33_32_groupi_cdnfadd25/CO -       CI->CO F     ADDFXL         1  4.9   116   258    8737    (-,-) 
  P12/csa_tree_add_33_32_groupi_cdnfadd26/CO -       CI->CO F     ADDFXL         1  4.9   116   258    8995    (-,-) 
  P12/csa_tree_add_33_32_groupi_cdnfadd27/CO -       CI->CO F     ADDFXL         1  4.9   116   258    9253    (-,-) 
  P12/csa_tree_add_33_32_groupi_cdnfadd28/CO -       CI->CO F     ADDFXL         1  4.9   116   258    9512    (-,-) 
  P12/csa_tree_add_33_32_groupi_cdnfadd29/S  -       CI->S  R     ADDFXL         1  1.9    79   349    9861    (-,-) 
  P12/g116/Y                                 -       B->Y   R     MX2XL          1  2.3    81   150   10011    (-,-) 
  P12/result_reg[29]/D                       -       -      R     DFFRHQX1       1    -     -     0   10011    (-,-) 
#--------------------------------------------------------------------------------------------------------------------



Path 33: MET (2914 ps) Setup Check with Pin P11/result_reg[29]/CK->D
          Group: C2C
     Startpoint: (R) weight_reg_reg[10][2]/CK
          Clock: (R) clk
       Endpoint: (R) P11/result_reg[29]/D
          Clock: (R) clk

                     Capture       Launch     
        Clock Edge:+   13330            0     
       Src Latency:+       0            0     
       Net Latency:+       0 (I)        0 (I) 
           Arrival:=   13330            0     
                                              
             Setup:-     105                  
       Uncertainty:-     300                  
     Required Time:=   12925                  
      Launch Clock:-       0                  
         Data Path:-   10011                  
             Slack:=    2914                  

#--------------------------------------------------------------------------------------------------------------------
#               Timing Point                 Flags    Arc   Edge   Cell     Fanout Load Trans Delay Arrival Instance 
#                                                                                  (fF)  (ps)  (ps)   (ps)  Location 
#--------------------------------------------------------------------------------------------------------------------
  weight_reg_reg[10][2]/CK                   -       -      R     (arrival)   1910    -   200     0       0    (-,-) 
  weight_reg_reg[10][2]/Q                    -       CK->Q  R     DFFRHQX1      26 49.3   422   650     650    (-,-) 
  P11/csa_tree_add_33_32_groupi_g3965/Y      -       A->Y   F     CLKINVX1      23 45.5   368   344     994    (-,-) 
  P11/csa_tree_add_33_32_groupi_g3910/Y      -       A->Y   R     MXI2XL         2  5.6   242   247    1241    (-,-) 
  P11/csa_tree_add_33_32_groupi_g3891/Y      -       B->Y   F     NAND2X1       18 30.3   426   352    1593    (-,-) 
  P11/csa_tree_add_33_32_groupi_g3858/Y      -       A0->Y  R     AOI21XL        1  3.7   198   215    1808    (-,-) 
  P11/csa_tree_add_33_32_groupi_g3769/Y      -       S0->Y  F     MXI2XL         1  6.2   237   159    1966    (-,-) 
  P11/csa_tree_add_33_32_groupi_cdnfadd/CO   -       B->CO  F     ADDFXL         1  4.9   118   307    2274    (-,-) 
  P11/csa_tree_add_33_32_groupi_cdnfadd1/CO  -       CI->CO F     ADDFXL         1  4.9   118   259    2533    (-,-) 
  P11/csa_tree_add_33_32_groupi_cdnfadd2/CO  -       CI->CO F     ADDFXL         1  4.9   118   259    2791    (-,-) 
  P11/csa_tree_add_33_32_groupi_cdnfadd3/CO  -       CI->CO F     ADDFXL         1  4.9   118   259    3050    (-,-) 
  P11/csa_tree_add_33_32_groupi_cdnfadd4/CO  -       CI->CO F     ADDFXL         1  4.9   118   259    3309    (-,-) 
  P11/csa_tree_add_33_32_groupi_cdnfadd5/CO  -       CI->CO F     ADDFXL         1  4.9   118   259    3568    (-,-) 
  P11/csa_tree_add_33_32_groupi_cdnfadd6/CO  -       CI->CO F     ADDFXL         1  4.9   118   259    3827    (-,-) 
  P11/csa_tree_add_33_32_groupi_cdnfadd7/CO  -       CI->CO F     ADDFXL         1  4.9   116   259    4085    (-,-) 
  P11/csa_tree_add_33_32_groupi_cdnfadd8/CO  -       CI->CO F     ADDFXL         1  4.9   116   258    4344    (-,-) 
  P11/csa_tree_add_33_32_groupi_cdnfadd9/CO  -       CI->CO F     ADDFXL         1  4.9   116   258    4602    (-,-) 
  P11/csa_tree_add_33_32_groupi_cdnfadd10/CO -       CI->CO F     ADDFXL         1  4.9   116   258    4861    (-,-) 
  P11/csa_tree_add_33_32_groupi_cdnfadd11/CO -       CI->CO F     ADDFXL         1  4.9   116   258    5119    (-,-) 
  P11/csa_tree_add_33_32_groupi_cdnfadd12/CO -       CI->CO F     ADDFXL         1  4.9   116   258    5377    (-,-) 
  P11/csa_tree_add_33_32_groupi_cdnfadd13/CO -       CI->CO F     ADDFXL         1  4.9   116   258    5636    (-,-) 
  P11/csa_tree_add_33_32_groupi_cdnfadd14/CO -       CI->CO F     ADDFXL         1  4.9   116   258    5894    (-,-) 
  P11/csa_tree_add_33_32_groupi_cdnfadd15/CO -       CI->CO F     ADDFXL         1  4.9   116   258    6153    (-,-) 
  P11/csa_tree_add_33_32_groupi_cdnfadd16/CO -       CI->CO F     ADDFXL         1  4.9   116   258    6411    (-,-) 
  P11/csa_tree_add_33_32_groupi_cdnfadd17/CO -       CI->CO F     ADDFXL         1  4.9   116   258    6669    (-,-) 
  P11/csa_tree_add_33_32_groupi_cdnfadd18/CO -       CI->CO F     ADDFXL         1  4.9   116   258    6928    (-,-) 
  P11/csa_tree_add_33_32_groupi_cdnfadd19/CO -       CI->CO F     ADDFXL         1  4.9   116   258    7186    (-,-) 
  P11/csa_tree_add_33_32_groupi_cdnfadd20/CO -       CI->CO F     ADDFXL         1  4.9   116   258    7445    (-,-) 
  P11/csa_tree_add_33_32_groupi_cdnfadd21/CO -       CI->CO F     ADDFXL         1  4.9   116   258    7703    (-,-) 
  P11/csa_tree_add_33_32_groupi_cdnfadd22/CO -       CI->CO F     ADDFXL         1  4.9   116   258    7961    (-,-) 
  P11/csa_tree_add_33_32_groupi_cdnfadd23/CO -       CI->CO F     ADDFXL         1  4.9   116   258    8220    (-,-) 
  P11/csa_tree_add_33_32_groupi_cdnfadd24/CO -       CI->CO F     ADDFXL         1  4.9   116   258    8478    (-,-) 
  P11/csa_tree_add_33_32_groupi_cdnfadd25/CO -       CI->CO F     ADDFXL         1  4.9   116   258    8737    (-,-) 
  P11/csa_tree_add_33_32_groupi_cdnfadd26/CO -       CI->CO F     ADDFXL         1  4.9   116   258    8995    (-,-) 
  P11/csa_tree_add_33_32_groupi_cdnfadd27/CO -       CI->CO F     ADDFXL         1  4.9   116   258    9253    (-,-) 
  P11/csa_tree_add_33_32_groupi_cdnfadd28/CO -       CI->CO F     ADDFXL         1  4.9   116   258    9512    (-,-) 
  P11/csa_tree_add_33_32_groupi_cdnfadd29/S  -       CI->S  R     ADDFXL         1  1.9    79   349    9861    (-,-) 
  P11/g116/Y                                 -       B->Y   R     MX2XL          1  2.3    81   150   10011    (-,-) 
  P11/result_reg[29]/D                       -       -      R     DFFRHQX1       1    -     -     0   10011    (-,-) 
#--------------------------------------------------------------------------------------------------------------------



Path 34: MET (2914 ps) Setup Check with Pin P10/result_reg[29]/CK->D
          Group: C2C
     Startpoint: (R) weight_reg_reg[9][2]/CK
          Clock: (R) clk
       Endpoint: (R) P10/result_reg[29]/D
          Clock: (R) clk

                     Capture       Launch     
        Clock Edge:+   13330            0     
       Src Latency:+       0            0     
       Net Latency:+       0 (I)        0 (I) 
           Arrival:=   13330            0     
                                              
             Setup:-     105                  
       Uncertainty:-     300                  
     Required Time:=   12925                  
      Launch Clock:-       0                  
         Data Path:-   10011                  
             Slack:=    2914                  

#--------------------------------------------------------------------------------------------------------------------
#               Timing Point                 Flags    Arc   Edge   Cell     Fanout Load Trans Delay Arrival Instance 
#                                                                                  (fF)  (ps)  (ps)   (ps)  Location 
#--------------------------------------------------------------------------------------------------------------------
  weight_reg_reg[9][2]/CK                    -       -      R     (arrival)   1910    -   200     0       0    (-,-) 
  weight_reg_reg[9][2]/Q                     -       CK->Q  R     DFFRHQX1      26 49.3   422   650     650    (-,-) 
  P10/csa_tree_add_33_32_groupi_g3965/Y      -       A->Y   F     CLKINVX1      23 45.5   368   344     994    (-,-) 
  P10/csa_tree_add_33_32_groupi_g3910/Y      -       A->Y   R     MXI2XL         2  5.6   242   247    1241    (-,-) 
  P10/csa_tree_add_33_32_groupi_g3891/Y      -       B->Y   F     NAND2X1       18 30.3   426   352    1593    (-,-) 
  P10/csa_tree_add_33_32_groupi_g3858/Y      -       A0->Y  R     AOI21XL        1  3.7   198   215    1808    (-,-) 
  P10/csa_tree_add_33_32_groupi_g3769/Y      -       S0->Y  F     MXI2XL         1  6.2   237   159    1966    (-,-) 
  P10/csa_tree_add_33_32_groupi_cdnfadd/CO   -       B->CO  F     ADDFXL         1  4.9   118   307    2274    (-,-) 
  P10/csa_tree_add_33_32_groupi_cdnfadd1/CO  -       CI->CO F     ADDFXL         1  4.9   118   259    2533    (-,-) 
  P10/csa_tree_add_33_32_groupi_cdnfadd2/CO  -       CI->CO F     ADDFXL         1  4.9   118   259    2791    (-,-) 
  P10/csa_tree_add_33_32_groupi_cdnfadd3/CO  -       CI->CO F     ADDFXL         1  4.9   118   259    3050    (-,-) 
  P10/csa_tree_add_33_32_groupi_cdnfadd4/CO  -       CI->CO F     ADDFXL         1  4.9   118   259    3309    (-,-) 
  P10/csa_tree_add_33_32_groupi_cdnfadd5/CO  -       CI->CO F     ADDFXL         1  4.9   118   259    3568    (-,-) 
  P10/csa_tree_add_33_32_groupi_cdnfadd6/CO  -       CI->CO F     ADDFXL         1  4.9   118   259    3827    (-,-) 
  P10/csa_tree_add_33_32_groupi_cdnfadd7/CO  -       CI->CO F     ADDFXL         1  4.9   116   259    4085    (-,-) 
  P10/csa_tree_add_33_32_groupi_cdnfadd8/CO  -       CI->CO F     ADDFXL         1  4.9   116   258    4344    (-,-) 
  P10/csa_tree_add_33_32_groupi_cdnfadd9/CO  -       CI->CO F     ADDFXL         1  4.9   116   258    4602    (-,-) 
  P10/csa_tree_add_33_32_groupi_cdnfadd10/CO -       CI->CO F     ADDFXL         1  4.9   116   258    4861    (-,-) 
  P10/csa_tree_add_33_32_groupi_cdnfadd11/CO -       CI->CO F     ADDFXL         1  4.9   116   258    5119    (-,-) 
  P10/csa_tree_add_33_32_groupi_cdnfadd12/CO -       CI->CO F     ADDFXL         1  4.9   116   258    5377    (-,-) 
  P10/csa_tree_add_33_32_groupi_cdnfadd13/CO -       CI->CO F     ADDFXL         1  4.9   116   258    5636    (-,-) 
  P10/csa_tree_add_33_32_groupi_cdnfadd14/CO -       CI->CO F     ADDFXL         1  4.9   116   258    5894    (-,-) 
  P10/csa_tree_add_33_32_groupi_cdnfadd15/CO -       CI->CO F     ADDFXL         1  4.9   116   258    6153    (-,-) 
  P10/csa_tree_add_33_32_groupi_cdnfadd16/CO -       CI->CO F     ADDFXL         1  4.9   116   258    6411    (-,-) 
  P10/csa_tree_add_33_32_groupi_cdnfadd17/CO -       CI->CO F     ADDFXL         1  4.9   116   258    6669    (-,-) 
  P10/csa_tree_add_33_32_groupi_cdnfadd18/CO -       CI->CO F     ADDFXL         1  4.9   116   258    6928    (-,-) 
  P10/csa_tree_add_33_32_groupi_cdnfadd19/CO -       CI->CO F     ADDFXL         1  4.9   116   258    7186    (-,-) 
  P10/csa_tree_add_33_32_groupi_cdnfadd20/CO -       CI->CO F     ADDFXL         1  4.9   116   258    7445    (-,-) 
  P10/csa_tree_add_33_32_groupi_cdnfadd21/CO -       CI->CO F     ADDFXL         1  4.9   116   258    7703    (-,-) 
  P10/csa_tree_add_33_32_groupi_cdnfadd22/CO -       CI->CO F     ADDFXL         1  4.9   116   258    7961    (-,-) 
  P10/csa_tree_add_33_32_groupi_cdnfadd23/CO -       CI->CO F     ADDFXL         1  4.9   116   258    8220    (-,-) 
  P10/csa_tree_add_33_32_groupi_cdnfadd24/CO -       CI->CO F     ADDFXL         1  4.9   116   258    8478    (-,-) 
  P10/csa_tree_add_33_32_groupi_cdnfadd25/CO -       CI->CO F     ADDFXL         1  4.9   116   258    8737    (-,-) 
  P10/csa_tree_add_33_32_groupi_cdnfadd26/CO -       CI->CO F     ADDFXL         1  4.9   116   258    8995    (-,-) 
  P10/csa_tree_add_33_32_groupi_cdnfadd27/CO -       CI->CO F     ADDFXL         1  4.9   116   258    9253    (-,-) 
  P10/csa_tree_add_33_32_groupi_cdnfadd28/CO -       CI->CO F     ADDFXL         1  4.9   116   258    9512    (-,-) 
  P10/csa_tree_add_33_32_groupi_cdnfadd29/S  -       CI->S  R     ADDFXL         1  1.9    79   349    9861    (-,-) 
  P10/g116/Y                                 -       B->Y   R     MX2XL          1  2.3    81   150   10011    (-,-) 
  P10/result_reg[29]/D                       -       -      R     DFFRHQX1       1    -     -     0   10011    (-,-) 
#--------------------------------------------------------------------------------------------------------------------



Path 35: MET (2914 ps) Setup Check with Pin P9/result_reg[29]/CK->D
          Group: C2C
     Startpoint: (R) weight_reg_reg[8][2]/CK
          Clock: (R) clk
       Endpoint: (R) P9/result_reg[29]/D
          Clock: (R) clk

                     Capture       Launch     
        Clock Edge:+   13330            0     
       Src Latency:+       0            0     
       Net Latency:+       0 (I)        0 (I) 
           Arrival:=   13330            0     
                                              
             Setup:-     105                  
       Uncertainty:-     300                  
     Required Time:=   12925                  
      Launch Clock:-       0                  
         Data Path:-   10011                  
             Slack:=    2914                  

#-------------------------------------------------------------------------------------------------------------------
#               Timing Point                Flags    Arc   Edge   Cell     Fanout Load Trans Delay Arrival Instance 
#                                                                                 (fF)  (ps)  (ps)   (ps)  Location 
#-------------------------------------------------------------------------------------------------------------------
  weight_reg_reg[8][2]/CK                   -       -      R     (arrival)   1910    -   200     0       0    (-,-) 
  weight_reg_reg[8][2]/Q                    -       CK->Q  R     DFFRHQX1      26 49.3   422   650     650    (-,-) 
  P9/csa_tree_add_33_32_groupi_g3965/Y      -       A->Y   F     CLKINVX1      23 45.5   368   344     994    (-,-) 
  P9/csa_tree_add_33_32_groupi_g3910/Y      -       A->Y   R     MXI2XL         2  5.6   242   247    1241    (-,-) 
  P9/csa_tree_add_33_32_groupi_g3891/Y      -       B->Y   F     NAND2X1       18 30.3   426   352    1593    (-,-) 
  P9/csa_tree_add_33_32_groupi_g3858/Y      -       A0->Y  R     AOI21XL        1  3.7   198   215    1808    (-,-) 
  P9/csa_tree_add_33_32_groupi_g3769/Y      -       S0->Y  F     MXI2XL         1  6.2   237   159    1966    (-,-) 
  P9/csa_tree_add_33_32_groupi_cdnfadd/CO   -       B->CO  F     ADDFXL         1  4.9   118   307    2274    (-,-) 
  P9/csa_tree_add_33_32_groupi_cdnfadd1/CO  -       CI->CO F     ADDFXL         1  4.9   118   259    2533    (-,-) 
  P9/csa_tree_add_33_32_groupi_cdnfadd2/CO  -       CI->CO F     ADDFXL         1  4.9   118   259    2791    (-,-) 
  P9/csa_tree_add_33_32_groupi_cdnfadd3/CO  -       CI->CO F     ADDFXL         1  4.9   118   259    3050    (-,-) 
  P9/csa_tree_add_33_32_groupi_cdnfadd4/CO  -       CI->CO F     ADDFXL         1  4.9   118   259    3309    (-,-) 
  P9/csa_tree_add_33_32_groupi_cdnfadd5/CO  -       CI->CO F     ADDFXL         1  4.9   118   259    3568    (-,-) 
  P9/csa_tree_add_33_32_groupi_cdnfadd6/CO  -       CI->CO F     ADDFXL         1  4.9   118   259    3827    (-,-) 
  P9/csa_tree_add_33_32_groupi_cdnfadd7/CO  -       CI->CO F     ADDFXL         1  4.9   116   259    4085    (-,-) 
  P9/csa_tree_add_33_32_groupi_cdnfadd8/CO  -       CI->CO F     ADDFXL         1  4.9   116   258    4344    (-,-) 
  P9/csa_tree_add_33_32_groupi_cdnfadd9/CO  -       CI->CO F     ADDFXL         1  4.9   116   258    4602    (-,-) 
  P9/csa_tree_add_33_32_groupi_cdnfadd10/CO -       CI->CO F     ADDFXL         1  4.9   116   258    4861    (-,-) 
  P9/csa_tree_add_33_32_groupi_cdnfadd11/CO -       CI->CO F     ADDFXL         1  4.9   116   258    5119    (-,-) 
  P9/csa_tree_add_33_32_groupi_cdnfadd12/CO -       CI->CO F     ADDFXL         1  4.9   116   258    5377    (-,-) 
  P9/csa_tree_add_33_32_groupi_cdnfadd13/CO -       CI->CO F     ADDFXL         1  4.9   116   258    5636    (-,-) 
  P9/csa_tree_add_33_32_groupi_cdnfadd14/CO -       CI->CO F     ADDFXL         1  4.9   116   258    5894    (-,-) 
  P9/csa_tree_add_33_32_groupi_cdnfadd15/CO -       CI->CO F     ADDFXL         1  4.9   116   258    6153    (-,-) 
  P9/csa_tree_add_33_32_groupi_cdnfadd16/CO -       CI->CO F     ADDFXL         1  4.9   116   258    6411    (-,-) 
  P9/csa_tree_add_33_32_groupi_cdnfadd17/CO -       CI->CO F     ADDFXL         1  4.9   116   258    6669    (-,-) 
  P9/csa_tree_add_33_32_groupi_cdnfadd18/CO -       CI->CO F     ADDFXL         1  4.9   116   258    6928    (-,-) 
  P9/csa_tree_add_33_32_groupi_cdnfadd19/CO -       CI->CO F     ADDFXL         1  4.9   116   258    7186    (-,-) 
  P9/csa_tree_add_33_32_groupi_cdnfadd20/CO -       CI->CO F     ADDFXL         1  4.9   116   258    7445    (-,-) 
  P9/csa_tree_add_33_32_groupi_cdnfadd21/CO -       CI->CO F     ADDFXL         1  4.9   116   258    7703    (-,-) 
  P9/csa_tree_add_33_32_groupi_cdnfadd22/CO -       CI->CO F     ADDFXL         1  4.9   116   258    7961    (-,-) 
  P9/csa_tree_add_33_32_groupi_cdnfadd23/CO -       CI->CO F     ADDFXL         1  4.9   116   258    8220    (-,-) 
  P9/csa_tree_add_33_32_groupi_cdnfadd24/CO -       CI->CO F     ADDFXL         1  4.9   116   258    8478    (-,-) 
  P9/csa_tree_add_33_32_groupi_cdnfadd25/CO -       CI->CO F     ADDFXL         1  4.9   116   258    8737    (-,-) 
  P9/csa_tree_add_33_32_groupi_cdnfadd26/CO -       CI->CO F     ADDFXL         1  4.9   116   258    8995    (-,-) 
  P9/csa_tree_add_33_32_groupi_cdnfadd27/CO -       CI->CO F     ADDFXL         1  4.9   116   258    9253    (-,-) 
  P9/csa_tree_add_33_32_groupi_cdnfadd28/CO -       CI->CO F     ADDFXL         1  4.9   116   258    9512    (-,-) 
  P9/csa_tree_add_33_32_groupi_cdnfadd29/S  -       CI->S  R     ADDFXL         1  1.9    79   349    9861    (-,-) 
  P9/g116/Y                                 -       B->Y   R     MX2XL          1  2.3    81   150   10011    (-,-) 
  P9/result_reg[29]/D                       -       -      R     DFFRHQX1       1    -     -     0   10011    (-,-) 
#-------------------------------------------------------------------------------------------------------------------



Path 36: MET (2914 ps) Setup Check with Pin P8/result_reg[29]/CK->D
          Group: C2C
     Startpoint: (R) weight_reg_reg[7][2]/CK
          Clock: (R) clk
       Endpoint: (R) P8/result_reg[29]/D
          Clock: (R) clk

                     Capture       Launch     
        Clock Edge:+   13330            0     
       Src Latency:+       0            0     
       Net Latency:+       0 (I)        0 (I) 
           Arrival:=   13330            0     
                                              
             Setup:-     105                  
       Uncertainty:-     300                  
     Required Time:=   12925                  
      Launch Clock:-       0                  
         Data Path:-   10011                  
             Slack:=    2914                  

#-------------------------------------------------------------------------------------------------------------------
#               Timing Point                Flags    Arc   Edge   Cell     Fanout Load Trans Delay Arrival Instance 
#                                                                                 (fF)  (ps)  (ps)   (ps)  Location 
#-------------------------------------------------------------------------------------------------------------------
  weight_reg_reg[7][2]/CK                   -       -      R     (arrival)   1910    -   200     0       0    (-,-) 
  weight_reg_reg[7][2]/Q                    -       CK->Q  R     DFFRHQX1      26 49.3   422   650     650    (-,-) 
  P8/csa_tree_add_33_32_groupi_g3965/Y      -       A->Y   F     CLKINVX1      23 45.5   368   344     994    (-,-) 
  P8/csa_tree_add_33_32_groupi_g3910/Y      -       A->Y   R     MXI2XL         2  5.6   242   247    1241    (-,-) 
  P8/csa_tree_add_33_32_groupi_g3891/Y      -       B->Y   F     NAND2X1       18 30.3   426   352    1593    (-,-) 
  P8/csa_tree_add_33_32_groupi_g3858/Y      -       A0->Y  R     AOI21XL        1  3.7   198   215    1808    (-,-) 
  P8/csa_tree_add_33_32_groupi_g3769/Y      -       S0->Y  F     MXI2XL         1  6.2   237   159    1966    (-,-) 
  P8/csa_tree_add_33_32_groupi_cdnfadd/CO   -       B->CO  F     ADDFXL         1  4.9   118   307    2274    (-,-) 
  P8/csa_tree_add_33_32_groupi_cdnfadd1/CO  -       CI->CO F     ADDFXL         1  4.9   118   259    2533    (-,-) 
  P8/csa_tree_add_33_32_groupi_cdnfadd2/CO  -       CI->CO F     ADDFXL         1  4.9   118   259    2791    (-,-) 
  P8/csa_tree_add_33_32_groupi_cdnfadd3/CO  -       CI->CO F     ADDFXL         1  4.9   118   259    3050    (-,-) 
  P8/csa_tree_add_33_32_groupi_cdnfadd4/CO  -       CI->CO F     ADDFXL         1  4.9   118   259    3309    (-,-) 
  P8/csa_tree_add_33_32_groupi_cdnfadd5/CO  -       CI->CO F     ADDFXL         1  4.9   118   259    3568    (-,-) 
  P8/csa_tree_add_33_32_groupi_cdnfadd6/CO  -       CI->CO F     ADDFXL         1  4.9   118   259    3827    (-,-) 
  P8/csa_tree_add_33_32_groupi_cdnfadd7/CO  -       CI->CO F     ADDFXL         1  4.9   116   259    4085    (-,-) 
  P8/csa_tree_add_33_32_groupi_cdnfadd8/CO  -       CI->CO F     ADDFXL         1  4.9   116   258    4344    (-,-) 
  P8/csa_tree_add_33_32_groupi_cdnfadd9/CO  -       CI->CO F     ADDFXL         1  4.9   116   258    4602    (-,-) 
  P8/csa_tree_add_33_32_groupi_cdnfadd10/CO -       CI->CO F     ADDFXL         1  4.9   116   258    4861    (-,-) 
  P8/csa_tree_add_33_32_groupi_cdnfadd11/CO -       CI->CO F     ADDFXL         1  4.9   116   258    5119    (-,-) 
  P8/csa_tree_add_33_32_groupi_cdnfadd12/CO -       CI->CO F     ADDFXL         1  4.9   116   258    5377    (-,-) 
  P8/csa_tree_add_33_32_groupi_cdnfadd13/CO -       CI->CO F     ADDFXL         1  4.9   116   258    5636    (-,-) 
  P8/csa_tree_add_33_32_groupi_cdnfadd14/CO -       CI->CO F     ADDFXL         1  4.9   116   258    5894    (-,-) 
  P8/csa_tree_add_33_32_groupi_cdnfadd15/CO -       CI->CO F     ADDFXL         1  4.9   116   258    6153    (-,-) 
  P8/csa_tree_add_33_32_groupi_cdnfadd16/CO -       CI->CO F     ADDFXL         1  4.9   116   258    6411    (-,-) 
  P8/csa_tree_add_33_32_groupi_cdnfadd17/CO -       CI->CO F     ADDFXL         1  4.9   116   258    6669    (-,-) 
  P8/csa_tree_add_33_32_groupi_cdnfadd18/CO -       CI->CO F     ADDFXL         1  4.9   116   258    6928    (-,-) 
  P8/csa_tree_add_33_32_groupi_cdnfadd19/CO -       CI->CO F     ADDFXL         1  4.9   116   258    7186    (-,-) 
  P8/csa_tree_add_33_32_groupi_cdnfadd20/CO -       CI->CO F     ADDFXL         1  4.9   116   258    7445    (-,-) 
  P8/csa_tree_add_33_32_groupi_cdnfadd21/CO -       CI->CO F     ADDFXL         1  4.9   116   258    7703    (-,-) 
  P8/csa_tree_add_33_32_groupi_cdnfadd22/CO -       CI->CO F     ADDFXL         1  4.9   116   258    7961    (-,-) 
  P8/csa_tree_add_33_32_groupi_cdnfadd23/CO -       CI->CO F     ADDFXL         1  4.9   116   258    8220    (-,-) 
  P8/csa_tree_add_33_32_groupi_cdnfadd24/CO -       CI->CO F     ADDFXL         1  4.9   116   258    8478    (-,-) 
  P8/csa_tree_add_33_32_groupi_cdnfadd25/CO -       CI->CO F     ADDFXL         1  4.9   116   258    8737    (-,-) 
  P8/csa_tree_add_33_32_groupi_cdnfadd26/CO -       CI->CO F     ADDFXL         1  4.9   116   258    8995    (-,-) 
  P8/csa_tree_add_33_32_groupi_cdnfadd27/CO -       CI->CO F     ADDFXL         1  4.9   116   258    9253    (-,-) 
  P8/csa_tree_add_33_32_groupi_cdnfadd28/CO -       CI->CO F     ADDFXL         1  4.9   116   258    9512    (-,-) 
  P8/csa_tree_add_33_32_groupi_cdnfadd29/S  -       CI->S  R     ADDFXL         1  1.9    79   349    9861    (-,-) 
  P8/g116/Y                                 -       B->Y   R     MX2XL          1  2.3    81   150   10011    (-,-) 
  P8/result_reg[29]/D                       -       -      R     DFFRHQX1       1    -     -     0   10011    (-,-) 
#-------------------------------------------------------------------------------------------------------------------



Path 37: MET (2914 ps) Setup Check with Pin P7/result_reg[29]/CK->D
          Group: C2C
     Startpoint: (R) weight_reg_reg[6][2]/CK
          Clock: (R) clk
       Endpoint: (R) P7/result_reg[29]/D
          Clock: (R) clk

                     Capture       Launch     
        Clock Edge:+   13330            0     
       Src Latency:+       0            0     
       Net Latency:+       0 (I)        0 (I) 
           Arrival:=   13330            0     
                                              
             Setup:-     105                  
       Uncertainty:-     300                  
     Required Time:=   12925                  
      Launch Clock:-       0                  
         Data Path:-   10011                  
             Slack:=    2914                  

#-------------------------------------------------------------------------------------------------------------------
#               Timing Point                Flags    Arc   Edge   Cell     Fanout Load Trans Delay Arrival Instance 
#                                                                                 (fF)  (ps)  (ps)   (ps)  Location 
#-------------------------------------------------------------------------------------------------------------------
  weight_reg_reg[6][2]/CK                   -       -      R     (arrival)   1910    -   200     0       0    (-,-) 
  weight_reg_reg[6][2]/Q                    -       CK->Q  R     DFFRHQX1      26 49.3   422   650     650    (-,-) 
  P7/csa_tree_add_33_32_groupi_g3965/Y      -       A->Y   F     CLKINVX1      23 45.5   368   344     994    (-,-) 
  P7/csa_tree_add_33_32_groupi_g3910/Y      -       A->Y   R     MXI2XL         2  5.6   242   247    1241    (-,-) 
  P7/csa_tree_add_33_32_groupi_g3891/Y      -       B->Y   F     NAND2X1       18 30.3   426   352    1593    (-,-) 
  P7/csa_tree_add_33_32_groupi_g3858/Y      -       A0->Y  R     AOI21XL        1  3.7   198   215    1808    (-,-) 
  P7/csa_tree_add_33_32_groupi_g3769/Y      -       S0->Y  F     MXI2XL         1  6.2   237   159    1966    (-,-) 
  P7/csa_tree_add_33_32_groupi_cdnfadd/CO   -       B->CO  F     ADDFXL         1  4.9   118   307    2274    (-,-) 
  P7/csa_tree_add_33_32_groupi_cdnfadd1/CO  -       CI->CO F     ADDFXL         1  4.9   118   259    2533    (-,-) 
  P7/csa_tree_add_33_32_groupi_cdnfadd2/CO  -       CI->CO F     ADDFXL         1  4.9   118   259    2791    (-,-) 
  P7/csa_tree_add_33_32_groupi_cdnfadd3/CO  -       CI->CO F     ADDFXL         1  4.9   118   259    3050    (-,-) 
  P7/csa_tree_add_33_32_groupi_cdnfadd4/CO  -       CI->CO F     ADDFXL         1  4.9   118   259    3309    (-,-) 
  P7/csa_tree_add_33_32_groupi_cdnfadd5/CO  -       CI->CO F     ADDFXL         1  4.9   118   259    3568    (-,-) 
  P7/csa_tree_add_33_32_groupi_cdnfadd6/CO  -       CI->CO F     ADDFXL         1  4.9   118   259    3827    (-,-) 
  P7/csa_tree_add_33_32_groupi_cdnfadd7/CO  -       CI->CO F     ADDFXL         1  4.9   116   259    4085    (-,-) 
  P7/csa_tree_add_33_32_groupi_cdnfadd8/CO  -       CI->CO F     ADDFXL         1  4.9   116   258    4344    (-,-) 
  P7/csa_tree_add_33_32_groupi_cdnfadd9/CO  -       CI->CO F     ADDFXL         1  4.9   116   258    4602    (-,-) 
  P7/csa_tree_add_33_32_groupi_cdnfadd10/CO -       CI->CO F     ADDFXL         1  4.9   116   258    4861    (-,-) 
  P7/csa_tree_add_33_32_groupi_cdnfadd11/CO -       CI->CO F     ADDFXL         1  4.9   116   258    5119    (-,-) 
  P7/csa_tree_add_33_32_groupi_cdnfadd12/CO -       CI->CO F     ADDFXL         1  4.9   116   258    5377    (-,-) 
  P7/csa_tree_add_33_32_groupi_cdnfadd13/CO -       CI->CO F     ADDFXL         1  4.9   116   258    5636    (-,-) 
  P7/csa_tree_add_33_32_groupi_cdnfadd14/CO -       CI->CO F     ADDFXL         1  4.9   116   258    5894    (-,-) 
  P7/csa_tree_add_33_32_groupi_cdnfadd15/CO -       CI->CO F     ADDFXL         1  4.9   116   258    6153    (-,-) 
  P7/csa_tree_add_33_32_groupi_cdnfadd16/CO -       CI->CO F     ADDFXL         1  4.9   116   258    6411    (-,-) 
  P7/csa_tree_add_33_32_groupi_cdnfadd17/CO -       CI->CO F     ADDFXL         1  4.9   116   258    6669    (-,-) 
  P7/csa_tree_add_33_32_groupi_cdnfadd18/CO -       CI->CO F     ADDFXL         1  4.9   116   258    6928    (-,-) 
  P7/csa_tree_add_33_32_groupi_cdnfadd19/CO -       CI->CO F     ADDFXL         1  4.9   116   258    7186    (-,-) 
  P7/csa_tree_add_33_32_groupi_cdnfadd20/CO -       CI->CO F     ADDFXL         1  4.9   116   258    7445    (-,-) 
  P7/csa_tree_add_33_32_groupi_cdnfadd21/CO -       CI->CO F     ADDFXL         1  4.9   116   258    7703    (-,-) 
  P7/csa_tree_add_33_32_groupi_cdnfadd22/CO -       CI->CO F     ADDFXL         1  4.9   116   258    7961    (-,-) 
  P7/csa_tree_add_33_32_groupi_cdnfadd23/CO -       CI->CO F     ADDFXL         1  4.9   116   258    8220    (-,-) 
  P7/csa_tree_add_33_32_groupi_cdnfadd24/CO -       CI->CO F     ADDFXL         1  4.9   116   258    8478    (-,-) 
  P7/csa_tree_add_33_32_groupi_cdnfadd25/CO -       CI->CO F     ADDFXL         1  4.9   116   258    8737    (-,-) 
  P7/csa_tree_add_33_32_groupi_cdnfadd26/CO -       CI->CO F     ADDFXL         1  4.9   116   258    8995    (-,-) 
  P7/csa_tree_add_33_32_groupi_cdnfadd27/CO -       CI->CO F     ADDFXL         1  4.9   116   258    9253    (-,-) 
  P7/csa_tree_add_33_32_groupi_cdnfadd28/CO -       CI->CO F     ADDFXL         1  4.9   116   258    9512    (-,-) 
  P7/csa_tree_add_33_32_groupi_cdnfadd29/S  -       CI->S  R     ADDFXL         1  1.9    79   349    9861    (-,-) 
  P7/g116/Y                                 -       B->Y   R     MX2XL          1  2.3    81   150   10011    (-,-) 
  P7/result_reg[29]/D                       -       -      R     DFFRHQX1       1    -     -     0   10011    (-,-) 
#-------------------------------------------------------------------------------------------------------------------



Path 38: MET (2915 ps) Setup Check with Pin P15/result_reg[29]/CK->D
          Group: C2C
     Startpoint: (R) weight_reg_reg[14][2]/CK
          Clock: (R) clk
       Endpoint: (R) P15/result_reg[29]/D
          Clock: (R) clk

                     Capture       Launch     
        Clock Edge:+   13330            0     
       Src Latency:+       0            0     
       Net Latency:+       0 (I)        0 (I) 
           Arrival:=   13330            0     
                                              
             Setup:-     105                  
       Uncertainty:-     300                  
     Required Time:=   12925                  
      Launch Clock:-       0                  
         Data Path:-   10009                  
             Slack:=    2915                  

#--------------------------------------------------------------------------------------------------------------------
#               Timing Point                 Flags    Arc   Edge   Cell     Fanout Load Trans Delay Arrival Instance 
#                                                                                  (fF)  (ps)  (ps)   (ps)  Location 
#--------------------------------------------------------------------------------------------------------------------
  weight_reg_reg[14][2]/CK                   -       -      R     (arrival)   1910    -   200     0       0    (-,-) 
  weight_reg_reg[14][2]/Q                    -       CK->Q  R     DFFRHQX1      26 49.1   420   649     649    (-,-) 
  P15/csa_tree_add_33_32_groupi_g3965/Y      -       A->Y   F     CLKINVX1      23 45.5   367   344     993    (-,-) 
  P15/csa_tree_add_33_32_groupi_g3910/Y      -       A->Y   R     MXI2XL         2  5.6   242   247    1239    (-,-) 
  P15/csa_tree_add_33_32_groupi_g3891/Y      -       B->Y   F     NAND2X1       18 30.3   426   352    1591    (-,-) 
  P15/csa_tree_add_33_32_groupi_g3858/Y      -       A0->Y  R     AOI21XL        1  3.7   198   215    1806    (-,-) 
  P15/csa_tree_add_33_32_groupi_g3769/Y      -       S0->Y  F     MXI2XL         1  6.2   237   159    1965    (-,-) 
  P15/csa_tree_add_33_32_groupi_cdnfadd/CO   -       B->CO  F     ADDFXL         1  4.9   118   307    2272    (-,-) 
  P15/csa_tree_add_33_32_groupi_cdnfadd1/CO  -       CI->CO F     ADDFXL         1  4.9   118   259    2531    (-,-) 
  P15/csa_tree_add_33_32_groupi_cdnfadd2/CO  -       CI->CO F     ADDFXL         1  4.9   118   259    2790    (-,-) 
  P15/csa_tree_add_33_32_groupi_cdnfadd3/CO  -       CI->CO F     ADDFXL         1  4.9   118   259    3048    (-,-) 
  P15/csa_tree_add_33_32_groupi_cdnfadd4/CO  -       CI->CO F     ADDFXL         1  4.9   118   259    3307    (-,-) 
  P15/csa_tree_add_33_32_groupi_cdnfadd5/CO  -       CI->CO F     ADDFXL         1  4.9   118   259    3566    (-,-) 
  P15/csa_tree_add_33_32_groupi_cdnfadd6/CO  -       CI->CO F     ADDFXL         1  4.9   118   259    3825    (-,-) 
  P15/csa_tree_add_33_32_groupi_cdnfadd7/CO  -       CI->CO F     ADDFXL         1  4.9   116   259    4084    (-,-) 
  P15/csa_tree_add_33_32_groupi_cdnfadd8/CO  -       CI->CO F     ADDFXL         1  4.9   116   258    4342    (-,-) 
  P15/csa_tree_add_33_32_groupi_cdnfadd9/CO  -       CI->CO F     ADDFXL         1  4.9   116   258    4600    (-,-) 
  P15/csa_tree_add_33_32_groupi_cdnfadd10/CO -       CI->CO F     ADDFXL         1  4.9   116   258    4859    (-,-) 
  P15/csa_tree_add_33_32_groupi_cdnfadd11/CO -       CI->CO F     ADDFXL         1  4.9   116   258    5117    (-,-) 
  P15/csa_tree_add_33_32_groupi_cdnfadd12/CO -       CI->CO F     ADDFXL         1  4.9   116   258    5376    (-,-) 
  P15/csa_tree_add_33_32_groupi_cdnfadd13/CO -       CI->CO F     ADDFXL         1  4.9   116   258    5634    (-,-) 
  P15/csa_tree_add_33_32_groupi_cdnfadd14/CO -       CI->CO F     ADDFXL         1  4.9   116   258    5892    (-,-) 
  P15/csa_tree_add_33_32_groupi_cdnfadd15/CO -       CI->CO F     ADDFXL         1  4.9   116   258    6151    (-,-) 
  P15/csa_tree_add_33_32_groupi_cdnfadd16/CO -       CI->CO F     ADDFXL         1  4.9   116   258    6409    (-,-) 
  P15/csa_tree_add_33_32_groupi_cdnfadd17/CO -       CI->CO F     ADDFXL         1  4.9   116   258    6668    (-,-) 
  P15/csa_tree_add_33_32_groupi_cdnfadd18/CO -       CI->CO F     ADDFXL         1  4.9   116   258    6926    (-,-) 
  P15/csa_tree_add_33_32_groupi_cdnfadd19/CO -       CI->CO F     ADDFXL         1  4.9   116   258    7184    (-,-) 
  P15/csa_tree_add_33_32_groupi_cdnfadd20/CO -       CI->CO F     ADDFXL         1  4.9   116   258    7443    (-,-) 
  P15/csa_tree_add_33_32_groupi_cdnfadd21/CO -       CI->CO F     ADDFXL         1  4.9   116   258    7701    (-,-) 
  P15/csa_tree_add_33_32_groupi_cdnfadd22/CO -       CI->CO F     ADDFXL         1  4.9   116   258    7960    (-,-) 
  P15/csa_tree_add_33_32_groupi_cdnfadd23/CO -       CI->CO F     ADDFXL         1  4.9   116   258    8218    (-,-) 
  P15/csa_tree_add_33_32_groupi_cdnfadd24/CO -       CI->CO F     ADDFXL         1  4.9   116   258    8476    (-,-) 
  P15/csa_tree_add_33_32_groupi_cdnfadd25/CO -       CI->CO F     ADDFXL         1  4.9   116   258    8735    (-,-) 
  P15/csa_tree_add_33_32_groupi_cdnfadd26/CO -       CI->CO F     ADDFXL         1  4.9   116   258    8993    (-,-) 
  P15/csa_tree_add_33_32_groupi_cdnfadd27/CO -       CI->CO F     ADDFXL         1  4.9   116   258    9252    (-,-) 
  P15/csa_tree_add_33_32_groupi_cdnfadd28/CO -       CI->CO F     ADDFXL         1  4.9   116   258    9510    (-,-) 
  P15/csa_tree_add_33_32_groupi_cdnfadd29/S  -       CI->S  R     ADDFXL         1  1.9    79   349    9859    (-,-) 
  P15/g116/Y                                 -       B->Y   R     MX2XL          1  2.3    81   150   10009    (-,-) 
  P15/result_reg[29]/D                       -       -      R     DFFRHQX2       1    -     -     0   10009    (-,-) 
#--------------------------------------------------------------------------------------------------------------------



Path 39: MET (2915 ps) Setup Check with Pin P6/result_reg[29]/CK->D
          Group: C2C
     Startpoint: (R) weight_reg_reg[5][2]/CK
          Clock: (R) clk
       Endpoint: (R) P6/result_reg[29]/D
          Clock: (R) clk

                     Capture       Launch     
        Clock Edge:+   13330            0     
       Src Latency:+       0            0     
       Net Latency:+       0 (I)        0 (I) 
           Arrival:=   13330            0     
                                              
             Setup:-     105                  
       Uncertainty:-     300                  
     Required Time:=   12925                  
      Launch Clock:-       0                  
         Data Path:-   10009                  
             Slack:=    2915                  

#-------------------------------------------------------------------------------------------------------------------
#               Timing Point                Flags    Arc   Edge   Cell     Fanout Load Trans Delay Arrival Instance 
#                                                                                 (fF)  (ps)  (ps)   (ps)  Location 
#-------------------------------------------------------------------------------------------------------------------
  weight_reg_reg[5][2]/CK                   -       -      R     (arrival)   1910    -   200     0       0    (-,-) 
  weight_reg_reg[5][2]/Q                    -       CK->Q  R     DFFRHQX1      26 49.1   420   649     649    (-,-) 
  P6/csa_tree_add_33_32_groupi_g3965/Y      -       A->Y   F     CLKINVX1      23 45.5   367   344     993    (-,-) 
  P6/csa_tree_add_33_32_groupi_g3910/Y      -       A->Y   R     MXI2XL         2  5.6   242   247    1239    (-,-) 
  P6/csa_tree_add_33_32_groupi_g3891/Y      -       B->Y   F     NAND2X1       18 30.3   426   352    1591    (-,-) 
  P6/csa_tree_add_33_32_groupi_g3858/Y      -       A0->Y  R     AOI21XL        1  3.7   198   215    1806    (-,-) 
  P6/csa_tree_add_33_32_groupi_g3769/Y      -       S0->Y  F     MXI2XL         1  6.2   237   159    1965    (-,-) 
  P6/csa_tree_add_33_32_groupi_cdnfadd/CO   -       B->CO  F     ADDFXL         1  4.9   118   307    2272    (-,-) 
  P6/csa_tree_add_33_32_groupi_cdnfadd1/CO  -       CI->CO F     ADDFXL         1  4.9   118   259    2531    (-,-) 
  P6/csa_tree_add_33_32_groupi_cdnfadd2/CO  -       CI->CO F     ADDFXL         1  4.9   118   259    2790    (-,-) 
  P6/csa_tree_add_33_32_groupi_cdnfadd3/CO  -       CI->CO F     ADDFXL         1  4.9   118   259    3048    (-,-) 
  P6/csa_tree_add_33_32_groupi_cdnfadd4/CO  -       CI->CO F     ADDFXL         1  4.9   118   259    3307    (-,-) 
  P6/csa_tree_add_33_32_groupi_cdnfadd5/CO  -       CI->CO F     ADDFXL         1  4.9   118   259    3566    (-,-) 
  P6/csa_tree_add_33_32_groupi_cdnfadd6/CO  -       CI->CO F     ADDFXL         1  4.9   118   259    3825    (-,-) 
  P6/csa_tree_add_33_32_groupi_cdnfadd7/CO  -       CI->CO F     ADDFXL         1  4.9   116   259    4084    (-,-) 
  P6/csa_tree_add_33_32_groupi_cdnfadd8/CO  -       CI->CO F     ADDFXL         1  4.9   116   258    4342    (-,-) 
  P6/csa_tree_add_33_32_groupi_cdnfadd9/CO  -       CI->CO F     ADDFXL         1  4.9   116   258    4600    (-,-) 
  P6/csa_tree_add_33_32_groupi_cdnfadd10/CO -       CI->CO F     ADDFXL         1  4.9   116   258    4859    (-,-) 
  P6/csa_tree_add_33_32_groupi_cdnfadd11/CO -       CI->CO F     ADDFXL         1  4.9   116   258    5117    (-,-) 
  P6/csa_tree_add_33_32_groupi_cdnfadd12/CO -       CI->CO F     ADDFXL         1  4.9   116   258    5376    (-,-) 
  P6/csa_tree_add_33_32_groupi_cdnfadd13/CO -       CI->CO F     ADDFXL         1  4.9   116   258    5634    (-,-) 
  P6/csa_tree_add_33_32_groupi_cdnfadd14/CO -       CI->CO F     ADDFXL         1  4.9   116   258    5892    (-,-) 
  P6/csa_tree_add_33_32_groupi_cdnfadd15/CO -       CI->CO F     ADDFXL         1  4.9   116   258    6151    (-,-) 
  P6/csa_tree_add_33_32_groupi_cdnfadd16/CO -       CI->CO F     ADDFXL         1  4.9   116   258    6409    (-,-) 
  P6/csa_tree_add_33_32_groupi_cdnfadd17/CO -       CI->CO F     ADDFXL         1  4.9   116   258    6668    (-,-) 
  P6/csa_tree_add_33_32_groupi_cdnfadd18/CO -       CI->CO F     ADDFXL         1  4.9   116   258    6926    (-,-) 
  P6/csa_tree_add_33_32_groupi_cdnfadd19/CO -       CI->CO F     ADDFXL         1  4.9   116   258    7184    (-,-) 
  P6/csa_tree_add_33_32_groupi_cdnfadd20/CO -       CI->CO F     ADDFXL         1  4.9   116   258    7443    (-,-) 
  P6/csa_tree_add_33_32_groupi_cdnfadd21/CO -       CI->CO F     ADDFXL         1  4.9   116   258    7701    (-,-) 
  P6/csa_tree_add_33_32_groupi_cdnfadd22/CO -       CI->CO F     ADDFXL         1  4.9   116   258    7960    (-,-) 
  P6/csa_tree_add_33_32_groupi_cdnfadd23/CO -       CI->CO F     ADDFXL         1  4.9   116   258    8218    (-,-) 
  P6/csa_tree_add_33_32_groupi_cdnfadd24/CO -       CI->CO F     ADDFXL         1  4.9   116   258    8476    (-,-) 
  P6/csa_tree_add_33_32_groupi_cdnfadd25/CO -       CI->CO F     ADDFXL         1  4.9   116   258    8735    (-,-) 
  P6/csa_tree_add_33_32_groupi_cdnfadd26/CO -       CI->CO F     ADDFXL         1  4.9   116   258    8993    (-,-) 
  P6/csa_tree_add_33_32_groupi_cdnfadd27/CO -       CI->CO F     ADDFXL         1  4.9   116   258    9252    (-,-) 
  P6/csa_tree_add_33_32_groupi_cdnfadd28/CO -       CI->CO F     ADDFXL         1  4.9   116   258    9510    (-,-) 
  P6/csa_tree_add_33_32_groupi_cdnfadd29/S  -       CI->S  R     ADDFXL         1  1.9    79   349    9859    (-,-) 
  P6/g116/Y                                 -       B->Y   R     MX2XL          1  2.3    81   150   10009    (-,-) 
  P6/result_reg[29]/D                       -       -      R     DFFRHQX1       1    -     -     0   10009    (-,-) 
#-------------------------------------------------------------------------------------------------------------------



Path 40: MET (2915 ps) Setup Check with Pin P5/result_reg[29]/CK->D
          Group: C2C
     Startpoint: (R) weight_reg_reg[4][2]/CK
          Clock: (R) clk
       Endpoint: (R) P5/result_reg[29]/D
          Clock: (R) clk

                     Capture       Launch     
        Clock Edge:+   13330            0     
       Src Latency:+       0            0     
       Net Latency:+       0 (I)        0 (I) 
           Arrival:=   13330            0     
                                              
             Setup:-     105                  
       Uncertainty:-     300                  
     Required Time:=   12925                  
      Launch Clock:-       0                  
         Data Path:-   10009                  
             Slack:=    2915                  

#-------------------------------------------------------------------------------------------------------------------
#               Timing Point                Flags    Arc   Edge   Cell     Fanout Load Trans Delay Arrival Instance 
#                                                                                 (fF)  (ps)  (ps)   (ps)  Location 
#-------------------------------------------------------------------------------------------------------------------
  weight_reg_reg[4][2]/CK                   -       -      R     (arrival)   1910    -   200     0       0    (-,-) 
  weight_reg_reg[4][2]/Q                    -       CK->Q  R     DFFRHQX1      26 49.1   420   649     649    (-,-) 
  P5/csa_tree_add_33_32_groupi_g3965/Y      -       A->Y   F     CLKINVX1      23 45.5   367   344     993    (-,-) 
  P5/csa_tree_add_33_32_groupi_g3910/Y      -       A->Y   R     MXI2XL         2  5.6   242   247    1239    (-,-) 
  P5/csa_tree_add_33_32_groupi_g3891/Y      -       B->Y   F     NAND2X1       18 30.3   426   352    1591    (-,-) 
  P5/csa_tree_add_33_32_groupi_g3858/Y      -       A0->Y  R     AOI21XL        1  3.7   198   215    1806    (-,-) 
  P5/csa_tree_add_33_32_groupi_g3769/Y      -       S0->Y  F     MXI2XL         1  6.2   237   159    1965    (-,-) 
  P5/csa_tree_add_33_32_groupi_cdnfadd/CO   -       B->CO  F     ADDFXL         1  4.9   118   307    2272    (-,-) 
  P5/csa_tree_add_33_32_groupi_cdnfadd1/CO  -       CI->CO F     ADDFXL         1  4.9   118   259    2531    (-,-) 
  P5/csa_tree_add_33_32_groupi_cdnfadd2/CO  -       CI->CO F     ADDFXL         1  4.9   118   259    2790    (-,-) 
  P5/csa_tree_add_33_32_groupi_cdnfadd3/CO  -       CI->CO F     ADDFXL         1  4.9   118   259    3048    (-,-) 
  P5/csa_tree_add_33_32_groupi_cdnfadd4/CO  -       CI->CO F     ADDFXL         1  4.9   118   259    3307    (-,-) 
  P5/csa_tree_add_33_32_groupi_cdnfadd5/CO  -       CI->CO F     ADDFXL         1  4.9   118   259    3566    (-,-) 
  P5/csa_tree_add_33_32_groupi_cdnfadd6/CO  -       CI->CO F     ADDFXL         1  4.9   118   259    3825    (-,-) 
  P5/csa_tree_add_33_32_groupi_cdnfadd7/CO  -       CI->CO F     ADDFXL         1  4.9   116   259    4084    (-,-) 
  P5/csa_tree_add_33_32_groupi_cdnfadd8/CO  -       CI->CO F     ADDFXL         1  4.9   116   258    4342    (-,-) 
  P5/csa_tree_add_33_32_groupi_cdnfadd9/CO  -       CI->CO F     ADDFXL         1  4.9   116   258    4600    (-,-) 
  P5/csa_tree_add_33_32_groupi_cdnfadd10/CO -       CI->CO F     ADDFXL         1  4.9   116   258    4859    (-,-) 
  P5/csa_tree_add_33_32_groupi_cdnfadd11/CO -       CI->CO F     ADDFXL         1  4.9   116   258    5117    (-,-) 
  P5/csa_tree_add_33_32_groupi_cdnfadd12/CO -       CI->CO F     ADDFXL         1  4.9   116   258    5376    (-,-) 
  P5/csa_tree_add_33_32_groupi_cdnfadd13/CO -       CI->CO F     ADDFXL         1  4.9   116   258    5634    (-,-) 
  P5/csa_tree_add_33_32_groupi_cdnfadd14/CO -       CI->CO F     ADDFXL         1  4.9   116   258    5892    (-,-) 
  P5/csa_tree_add_33_32_groupi_cdnfadd15/CO -       CI->CO F     ADDFXL         1  4.9   116   258    6151    (-,-) 
  P5/csa_tree_add_33_32_groupi_cdnfadd16/CO -       CI->CO F     ADDFXL         1  4.9   116   258    6409    (-,-) 
  P5/csa_tree_add_33_32_groupi_cdnfadd17/CO -       CI->CO F     ADDFXL         1  4.9   116   258    6668    (-,-) 
  P5/csa_tree_add_33_32_groupi_cdnfadd18/CO -       CI->CO F     ADDFXL         1  4.9   116   258    6926    (-,-) 
  P5/csa_tree_add_33_32_groupi_cdnfadd19/CO -       CI->CO F     ADDFXL         1  4.9   116   258    7184    (-,-) 
  P5/csa_tree_add_33_32_groupi_cdnfadd20/CO -       CI->CO F     ADDFXL         1  4.9   116   258    7443    (-,-) 
  P5/csa_tree_add_33_32_groupi_cdnfadd21/CO -       CI->CO F     ADDFXL         1  4.9   116   258    7701    (-,-) 
  P5/csa_tree_add_33_32_groupi_cdnfadd22/CO -       CI->CO F     ADDFXL         1  4.9   116   258    7960    (-,-) 
  P5/csa_tree_add_33_32_groupi_cdnfadd23/CO -       CI->CO F     ADDFXL         1  4.9   116   258    8218    (-,-) 
  P5/csa_tree_add_33_32_groupi_cdnfadd24/CO -       CI->CO F     ADDFXL         1  4.9   116   258    8476    (-,-) 
  P5/csa_tree_add_33_32_groupi_cdnfadd25/CO -       CI->CO F     ADDFXL         1  4.9   116   258    8735    (-,-) 
  P5/csa_tree_add_33_32_groupi_cdnfadd26/CO -       CI->CO F     ADDFXL         1  4.9   116   258    8993    (-,-) 
  P5/csa_tree_add_33_32_groupi_cdnfadd27/CO -       CI->CO F     ADDFXL         1  4.9   116   258    9252    (-,-) 
  P5/csa_tree_add_33_32_groupi_cdnfadd28/CO -       CI->CO F     ADDFXL         1  4.9   116   258    9510    (-,-) 
  P5/csa_tree_add_33_32_groupi_cdnfadd29/S  -       CI->S  R     ADDFXL         1  1.9    79   349    9859    (-,-) 
  P5/g116/Y                                 -       B->Y   R     MX2XL          1  2.3    81   150   10009    (-,-) 
  P5/result_reg[29]/D                       -       -      R     DFFRHQX1       1    -     -     0   10009    (-,-) 
#-------------------------------------------------------------------------------------------------------------------



Path 41: MET (2961 ps) Setup Check with Pin P4/result_reg[30]/CK->D
          Group: C2C
     Startpoint: (R) weight_reg_reg[3][2]/CK
          Clock: (R) clk
       Endpoint: (F) P4/result_reg[30]/D
          Clock: (R) clk

                     Capture       Launch     
        Clock Edge:+   13330            0     
       Src Latency:+       0            0     
       Net Latency:+       0 (I)        0 (I) 
           Arrival:=   13330            0     
                                              
             Setup:-      42                  
       Uncertainty:-     300                  
     Required Time:=   12988                  
      Launch Clock:-       0                  
         Data Path:-   10027                  
             Slack:=    2961                  

#-----------------------------------------------------------------------------------------------------
#        Timing Point         Flags    Arc   Edge   Cell     Fanout Load Trans Delay Arrival Instance 
#                                                                   (fF)  (ps)  (ps)   (ps)  Location 
#-----------------------------------------------------------------------------------------------------
  weight_reg_reg[3][2]/CK     -       -      R     (arrival)   1910    -   200     0       0    (-,-) 
  weight_reg_reg[3][2]/Q      -       CK->Q  F     DFFRHQX1       2  3.5    49   388     388    (-,-) 
  drc_bufs9677/Y              -       A->Y   R     INVXL          1  5.2    89    83     471    (-,-) 
  drc_bufs9676/Y              -       A->Y   F     CLKINVX2       1  1.6    30    26     497    (-,-) 
  P4/mul_23_62_drc_bufs4172/Y -       A->Y   R     INVXL          1  5.2    88    77     574    (-,-) 
  P4/mul_23_62_drc_bufs4170/Y -       A->Y   F     CLKINVX2      29 64.1   228   182     756    (-,-) 
  P4/mul_23_62_g4165/Y        -       A->Y   R     CLKINVX1      24 47.1   399   353    1109    (-,-) 
  P4/mul_23_62_g4118/Y        -       A->Y   F     MXI2XL         2  5.6   222   204    1313    (-,-) 
  P4/mul_23_62_g4095/Y        -       B->Y   R     NOR2BX1       15 25.4   427   361    1674    (-,-) 
  P4/mul_23_62_g4089/Y        -       A->Y   F     INVXL          2  3.2   142    92    1766    (-,-) 
  P4/mul_23_62_g4067/Y        -       A1->Y  R     AOI21XL        1  3.7   198   154    1919    (-,-) 
  P4/mul_23_62_g3977/Y        -       S0->Y  R     MXI2XL         2  5.4   233   227    2146    (-,-) 
  P4/mul_23_62_g3966/Y        -       B->Y   F     NAND2XL        3  5.0   171   160    2306    (-,-) 
  P4/mul_23_62_g3935/Y        -       B->Y   R     NOR2BXL        3  5.0   183   179    2484    (-,-) 
  P4/mul_23_62_g3911/Y        -       AN->Y  R     NOR2BXL        1  4.9   188   202    2687    (-,-) 
  P4/mul_23_62_cdnfadd3/CO    -       CI->CO R     ADDFXL         1  4.9   123   270    2957    (-,-) 
  P4/mul_23_62_cdnfadd4/CO    -       CI->CO R     ADDFXL         1  4.9   123   254    3211    (-,-) 
  P4/mul_23_62_cdnfadd5/CO    -       CI->CO R     ADDFXL         1  4.9   123   254    3465    (-,-) 
  P4/mul_23_62_cdnfadd6/CO    -       CI->CO R     ADDFXL         1  4.9   123   254    3720    (-,-) 
  P4/mul_23_62_cdnfadd7/CO    -       CI->CO R     ADDFXL         1  4.9   123   254    3974    (-,-) 
  P4/mul_23_62_cdnfadd8/CO    -       CI->CO R     ADDFXL         1  4.9   123   254    4228    (-,-) 
  P4/mul_23_62_cdnfadd9/CO    -       CI->CO R     ADDFXL         1  4.9   122   254    4482    (-,-) 
  P4/mul_23_62_cdnfadd10/CO   -       CI->CO R     ADDFXL         1  4.9   122   254    4736    (-,-) 
  P4/mul_23_62_cdnfadd11/CO   -       CI->CO R     ADDFXL         1  4.9   122   254    4990    (-,-) 
  P4/mul_23_62_cdnfadd12/CO   -       CI->CO R     ADDFXL         1  4.9   122   254    5244    (-,-) 
  P4/mul_23_62_cdnfadd13/CO   -       CI->CO R     ADDFXL         1  4.9   119   254    5498    (-,-) 
  P4/mul_23_62_cdnfadd14/CO   -       CI->CO R     ADDFXL         1  4.9   119   253    5752    (-,-) 
  P4/mul_23_62_cdnfadd15/CO   -       CI->CO R     ADDFXL         1  4.9   119   253    6005    (-,-) 
  P4/mul_23_62_cdnfadd16/CO   -       CI->CO R     ADDFXL         1  4.9   119   253    6258    (-,-) 
  P4/mul_23_62_cdnfadd17/CO   -       CI->CO R     ADDFXL         1  4.9   119   253    6512    (-,-) 
  P4/mul_23_62_cdnfadd18/CO   -       CI->CO R     ADDFXL         1  4.9   119   253    6765    (-,-) 
  P4/mul_23_62_cdnfadd19/CO   -       CI->CO R     ADDFXL         1  4.9   119   253    7018    (-,-) 
  P4/mul_23_62_cdnfadd20/CO   -       CI->CO R     ADDFXL         1  4.9   119   253    7272    (-,-) 
  P4/mul_23_62_cdnfadd21/CO   -       CI->CO R     ADDFXL         1  4.9   119   253    7525    (-,-) 
  P4/mul_23_62_cdnfadd22/CO   -       CI->CO R     ADDFXL         1  4.9   119   253    7779    (-,-) 
  P4/mul_23_62_cdnfadd23/CO   -       CI->CO R     ADDFXL         1  4.9   119   253    8032    (-,-) 
  P4/mul_23_62_cdnfadd24/CO   -       CI->CO R     ADDFXL         1  4.9   119   253    8286    (-,-) 
  P4/mul_23_62_cdnfadd25/CO   -       CI->CO R     ADDFXL         1  4.9   119   253    8539    (-,-) 
  P4/mul_23_62_cdnfadd26/CO   -       CI->CO R     ADDFXL         1  4.9   119   253    8792    (-,-) 
  P4/mul_23_62_cdnfadd27/CO   -       CI->CO R     ADDFXL         1  4.9   119   253    9046    (-,-) 
  P4/mul_23_62_cdnfadd28/CO   -       CI->CO R     ADDFXL         1  4.9   119   253    9299    (-,-) 
  P4/mul_23_62_cdnfadd29/CO   -       CI->CO R     ADDFXL         1  4.9   119   253    9552    (-,-) 
  P4/mul_23_62_cdnfadd30/S    -       CI->S  F     ADDFXL         1  1.9    77   314    9867    (-,-) 
  P4/g108/Y                   -       B->Y   F     MX2XL          1  2.3    73   160   10027    (-,-) 
  P4/result_reg[30]/D         -       -      F     DFFRHQX1       1    -     -     0   10027    (-,-) 
#-----------------------------------------------------------------------------------------------------



Path 42: MET (2961 ps) Setup Check with Pin P3/result_reg[30]/CK->D
          Group: C2C
     Startpoint: (R) weight_reg_reg[2][2]/CK
          Clock: (R) clk
       Endpoint: (F) P3/result_reg[30]/D
          Clock: (R) clk

                     Capture       Launch     
        Clock Edge:+   13330            0     
       Src Latency:+       0            0     
       Net Latency:+       0 (I)        0 (I) 
           Arrival:=   13330            0     
                                              
             Setup:-      42                  
       Uncertainty:-     300                  
     Required Time:=   12988                  
      Launch Clock:-       0                  
         Data Path:-   10027                  
             Slack:=    2961                  

#-----------------------------------------------------------------------------------------------------
#        Timing Point         Flags    Arc   Edge   Cell     Fanout Load Trans Delay Arrival Instance 
#                                                                   (fF)  (ps)  (ps)   (ps)  Location 
#-----------------------------------------------------------------------------------------------------
  weight_reg_reg[2][2]/CK     -       -      R     (arrival)   1910    -   200     0       0    (-,-) 
  weight_reg_reg[2][2]/Q      -       CK->Q  F     DFFRHQX1       2  3.5    49   388     388    (-,-) 
  drc_bufs9673/Y              -       A->Y   R     INVXL          1  5.2    89    83     471    (-,-) 
  drc_bufs9672/Y              -       A->Y   F     CLKINVX2       1  1.6    30    26     497    (-,-) 
  P3/mul_23_62_drc_bufs4172/Y -       A->Y   R     INVXL          1  5.2    88    77     574    (-,-) 
  P3/mul_23_62_drc_bufs4170/Y -       A->Y   F     CLKINVX2      29 64.1   228   182     756    (-,-) 
  P3/mul_23_62_g4165/Y        -       A->Y   R     CLKINVX1      24 47.1   399   353    1109    (-,-) 
  P3/mul_23_62_g4118/Y        -       A->Y   F     MXI2XL         2  5.6   222   204    1313    (-,-) 
  P3/mul_23_62_g4095/Y        -       B->Y   R     NOR2BX1       15 25.4   427   361    1674    (-,-) 
  P3/mul_23_62_g4089/Y        -       A->Y   F     INVXL          2  3.2   142    92    1766    (-,-) 
  P3/mul_23_62_g4067/Y        -       A1->Y  R     AOI21XL        1  3.7   198   154    1919    (-,-) 
  P3/mul_23_62_g3977/Y        -       S0->Y  R     MXI2XL         2  5.4   233   227    2146    (-,-) 
  P3/mul_23_62_g3966/Y        -       B->Y   F     NAND2XL        3  5.0   171   160    2306    (-,-) 
  P3/mul_23_62_g3935/Y        -       B->Y   R     NOR2BXL        3  5.0   183   179    2484    (-,-) 
  P3/mul_23_62_g3911/Y        -       AN->Y  R     NOR2BXL        1  4.9   188   202    2687    (-,-) 
  P3/mul_23_62_cdnfadd3/CO    -       CI->CO R     ADDFXL         1  4.9   123   270    2957    (-,-) 
  P3/mul_23_62_cdnfadd4/CO    -       CI->CO R     ADDFXL         1  4.9   123   254    3211    (-,-) 
  P3/mul_23_62_cdnfadd5/CO    -       CI->CO R     ADDFXL         1  4.9   123   254    3465    (-,-) 
  P3/mul_23_62_cdnfadd6/CO    -       CI->CO R     ADDFXL         1  4.9   123   254    3720    (-,-) 
  P3/mul_23_62_cdnfadd7/CO    -       CI->CO R     ADDFXL         1  4.9   123   254    3974    (-,-) 
  P3/mul_23_62_cdnfadd8/CO    -       CI->CO R     ADDFXL         1  4.9   123   254    4228    (-,-) 
  P3/mul_23_62_cdnfadd9/CO    -       CI->CO R     ADDFXL         1  4.9   122   254    4482    (-,-) 
  P3/mul_23_62_cdnfadd10/CO   -       CI->CO R     ADDFXL         1  4.9   122   254    4736    (-,-) 
  P3/mul_23_62_cdnfadd11/CO   -       CI->CO R     ADDFXL         1  4.9   122   254    4990    (-,-) 
  P3/mul_23_62_cdnfadd12/CO   -       CI->CO R     ADDFXL         1  4.9   122   254    5244    (-,-) 
  P3/mul_23_62_cdnfadd13/CO   -       CI->CO R     ADDFXL         1  4.9   119   254    5498    (-,-) 
  P3/mul_23_62_cdnfadd14/CO   -       CI->CO R     ADDFXL         1  4.9   119   253    5752    (-,-) 
  P3/mul_23_62_cdnfadd15/CO   -       CI->CO R     ADDFXL         1  4.9   119   253    6005    (-,-) 
  P3/mul_23_62_cdnfadd16/CO   -       CI->CO R     ADDFXL         1  4.9   119   253    6258    (-,-) 
  P3/mul_23_62_cdnfadd17/CO   -       CI->CO R     ADDFXL         1  4.9   119   253    6512    (-,-) 
  P3/mul_23_62_cdnfadd18/CO   -       CI->CO R     ADDFXL         1  4.9   119   253    6765    (-,-) 
  P3/mul_23_62_cdnfadd19/CO   -       CI->CO R     ADDFXL         1  4.9   119   253    7018    (-,-) 
  P3/mul_23_62_cdnfadd20/CO   -       CI->CO R     ADDFXL         1  4.9   119   253    7272    (-,-) 
  P3/mul_23_62_cdnfadd21/CO   -       CI->CO R     ADDFXL         1  4.9   119   253    7525    (-,-) 
  P3/mul_23_62_cdnfadd22/CO   -       CI->CO R     ADDFXL         1  4.9   119   253    7779    (-,-) 
  P3/mul_23_62_cdnfadd23/CO   -       CI->CO R     ADDFXL         1  4.9   119   253    8032    (-,-) 
  P3/mul_23_62_cdnfadd24/CO   -       CI->CO R     ADDFXL         1  4.9   119   253    8286    (-,-) 
  P3/mul_23_62_cdnfadd25/CO   -       CI->CO R     ADDFXL         1  4.9   119   253    8539    (-,-) 
  P3/mul_23_62_cdnfadd26/CO   -       CI->CO R     ADDFXL         1  4.9   119   253    8792    (-,-) 
  P3/mul_23_62_cdnfadd27/CO   -       CI->CO R     ADDFXL         1  4.9   119   253    9046    (-,-) 
  P3/mul_23_62_cdnfadd28/CO   -       CI->CO R     ADDFXL         1  4.9   119   253    9299    (-,-) 
  P3/mul_23_62_cdnfadd29/CO   -       CI->CO R     ADDFXL         1  4.9   119   253    9552    (-,-) 
  P3/mul_23_62_cdnfadd30/S    -       CI->S  F     ADDFXL         1  1.9    77   314    9867    (-,-) 
  P3/g108/Y                   -       B->Y   F     MX2XL          1  2.3    73   160   10027    (-,-) 
  P3/result_reg[30]/D         -       -      F     DFFRHQX1       1    -     -     0   10027    (-,-) 
#-----------------------------------------------------------------------------------------------------



Path 43: MET (2962 ps) Setup Check with Pin P2/result_reg[30]/CK->D
          Group: C2C
     Startpoint: (R) weight_reg_reg[1][2]/CK
          Clock: (R) clk
       Endpoint: (F) P2/result_reg[30]/D
          Clock: (R) clk

                     Capture       Launch     
        Clock Edge:+   13330            0     
       Src Latency:+       0            0     
       Net Latency:+       0 (I)        0 (I) 
           Arrival:=   13330            0     
                                              
             Setup:-      42                  
       Uncertainty:-     300                  
     Required Time:=   12988                  
      Launch Clock:-       0                  
         Data Path:-   10025                  
             Slack:=    2962                  

#---------------------------------------------------------------------------------------------------------
#          Timing Point           Flags    Arc   Edge   Cell     Fanout Load Trans Delay Arrival Instance 
#                                                                       (fF)  (ps)  (ps)   (ps)  Location 
#---------------------------------------------------------------------------------------------------------
  weight_reg_reg[1][2]/CK         -       -      R     (arrival)   1910    -   200     0       0    (-,-) 
  weight_reg_reg[1][2]/Q          -       CK->Q  F     DFFRHQX1       2  3.3    48   387     387    (-,-) 
  drc_bufs9681/Y                  -       A->Y   R     INVXL          1  5.2    88    82     469    (-,-) 
  drc_bufs9680/Y                  -       A->Y   F     CLKINVX2       1  1.6    30    26     495    (-,-) 
  P2/mul_23_62_drc_bufs4172/Y     -       A->Y   R     INVXL          1  5.2    88    77     572    (-,-) 
  P2/mul_23_62_drc_bufs4170/Y     -       A->Y   F     CLKINVX2      29 64.1   228   182     754    (-,-) 
  P2/mul_23_62_g4165/Y            -       A->Y   R     CLKINVX1      24 47.1   399   353    1107    (-,-) 
  P2/mul_23_62_g4118/Y            -       A->Y   F     MXI2XL         2  5.6   222   204    1311    (-,-) 
  P2/mul_23_62_g4095/Y            -       B->Y   R     NOR2BX1       15 25.4   427   361    1672    (-,-) 
  P2/mul_23_62_g4089/Y            -       A->Y   F     INVXL          2  3.2   142    92    1764    (-,-) 
  P2/mul_23_62_g4067/Y            -       A1->Y  R     AOI21XL        1  3.7   198   154    1918    (-,-) 
  P2/mul_23_62_g3977/Y            -       S0->Y  R     MXI2XL         2  5.4   233   227    2144    (-,-) 
  P2/mul_23_62_g3966/Y            -       B->Y   F     NAND2XL        3  5.0   171   160    2304    (-,-) 
  P2/mul_23_62_g3935/Y            -       B->Y   R     NOR2BXL        3  5.0   183   179    2482    (-,-) 
  P2/mul_23_62_g3911/Y            -       AN->Y  R     NOR2BXL        1  4.9   188   202    2685    (-,-) 
  P2/mul_23_62_cdnfadd3__6260/CO  -       CI->CO R     ADDFXL         1  4.9   123   270    2955    (-,-) 
  P2/mul_23_62_cdnfadd4__4319/CO  -       CI->CO R     ADDFXL         1  4.9   123   254    3209    (-,-) 
  P2/mul_23_62_cdnfadd5__8428/CO  -       CI->CO R     ADDFXL         1  4.9   123   254    3464    (-,-) 
  P2/mul_23_62_cdnfadd6__5526/CO  -       CI->CO R     ADDFXL         1  4.9   123   254    3718    (-,-) 
  P2/mul_23_62_cdnfadd7__6783/CO  -       CI->CO R     ADDFXL         1  4.9   123   254    3972    (-,-) 
  P2/mul_23_62_cdnfadd8__3680/CO  -       CI->CO R     ADDFXL         1  4.9   123   254    4226    (-,-) 
  P2/mul_23_62_cdnfadd9__1617/CO  -       CI->CO R     ADDFXL         1  4.9   122   254    4480    (-,-) 
  P2/mul_23_62_cdnfadd10__2802/CO -       CI->CO R     ADDFXL         1  4.9   122   254    4734    (-,-) 
  P2/mul_23_62_cdnfadd11__1705/CO -       CI->CO R     ADDFXL         1  4.9   122   254    4988    (-,-) 
  P2/mul_23_62_cdnfadd12__5122/CO -       CI->CO R     ADDFXL         1  4.9   122   254    5242    (-,-) 
  P2/mul_23_62_cdnfadd13__8246/CO -       CI->CO R     ADDFXL         1  4.9   119   254    5496    (-,-) 
  P2/mul_23_62_cdnfadd14__7098/CO -       CI->CO R     ADDFXL         1  4.9   119   253    5750    (-,-) 
  P2/mul_23_62_cdnfadd15__6131/CO -       CI->CO R     ADDFXL         1  4.9   119   253    6003    (-,-) 
  P2/mul_23_62_cdnfadd16__1881/CO -       CI->CO R     ADDFXL         1  4.9   119   253    6257    (-,-) 
  P2/mul_23_62_cdnfadd17__5115/CO -       CI->CO R     ADDFXL         1  4.9   119   253    6510    (-,-) 
  P2/mul_23_62_cdnfadd18__7482/CO -       CI->CO R     ADDFXL         1  4.9   119   253    6763    (-,-) 
  P2/mul_23_62_cdnfadd19__4733/CO -       CI->CO R     ADDFXL         1  4.9   119   253    7017    (-,-) 
  P2/mul_23_62_cdnfadd20__6161/CO -       CI->CO R     ADDFXL         1  4.9   119   253    7270    (-,-) 
  P2/mul_23_62_cdnfadd21__9315/CO -       CI->CO R     ADDFXL         1  4.9   119   253    7524    (-,-) 
  P2/mul_23_62_cdnfadd22__9945/CO -       CI->CO R     ADDFXL         1  4.9   119   253    7777    (-,-) 
  P2/mul_23_62_cdnfadd23__2883/CO -       CI->CO R     ADDFXL         1  4.9   119   253    8030    (-,-) 
  P2/mul_23_62_cdnfadd24__2346/CO -       CI->CO R     ADDFXL         1  4.9   119   253    8284    (-,-) 
  P2/mul_23_62_cdnfadd25__1666/CO -       CI->CO R     ADDFXL         1  4.9   119   253    8537    (-,-) 
  P2/mul_23_62_cdnfadd26__7410/CO -       CI->CO R     ADDFXL         1  4.9   119   253    8791    (-,-) 
  P2/mul_23_62_cdnfadd27__6417/CO -       CI->CO R     ADDFXL         1  4.9   119   253    9044    (-,-) 
  P2/mul_23_62_cdnfadd28__5477/CO -       CI->CO R     ADDFXL         1  4.9   119   253    9297    (-,-) 
  P2/mul_23_62_cdnfadd29__2398/CO -       CI->CO R     ADDFXL         1  4.9   119   253    9551    (-,-) 
  P2/mul_23_62_cdnfadd30__5107/S  -       CI->S  F     ADDFXL         1  1.9    77   314    9865    (-,-) 
  P2/g108__8246/Y                 -       B->Y   F     MX2XL          1  2.3    73   160   10025    (-,-) 
  P2/result_reg[30]/D             -       -      F     DFFRHQX1       1    -     -     0   10025    (-,-) 
#---------------------------------------------------------------------------------------------------------



Path 44: MET (2962 ps) Setup Check with Pin P1/result_reg[30]/CK->D
          Group: C2C
     Startpoint: (R) weight_reg_reg[0][2]/CK
          Clock: (R) clk
       Endpoint: (F) P1/result_reg[30]/D
          Clock: (R) clk

                     Capture       Launch     
        Clock Edge:+   13330            0     
       Src Latency:+       0            0     
       Net Latency:+       0 (I)        0 (I) 
           Arrival:=   13330            0     
                                              
             Setup:-      42                  
       Uncertainty:-     300                  
     Required Time:=   12988                  
      Launch Clock:-       0                  
         Data Path:-   10025                  
             Slack:=    2962                  

#---------------------------------------------------------------------------------------------------------
#          Timing Point           Flags    Arc   Edge   Cell     Fanout Load Trans Delay Arrival Instance 
#                                                                       (fF)  (ps)  (ps)   (ps)  Location 
#---------------------------------------------------------------------------------------------------------
  weight_reg_reg[0][2]/CK         -       -      R     (arrival)   1910    -   200     0       0    (-,-) 
  weight_reg_reg[0][2]/Q          -       CK->Q  F     DFFRHQX1       2  3.3    48   387     387    (-,-) 
  drc_bufs9685/Y                  -       A->Y   R     INVXL          1  5.2    88    82     469    (-,-) 
  drc_bufs9684/Y                  -       A->Y   F     CLKINVX2       1  1.6    30    26     495    (-,-) 
  P1/mul_23_62_drc_bufs4172/Y     -       A->Y   R     INVXL          1  5.2    88    77     572    (-,-) 
  P1/mul_23_62_drc_bufs4170/Y     -       A->Y   F     CLKINVX2      29 64.1   228   182     754    (-,-) 
  P1/mul_23_62_g4165/Y            -       A->Y   R     CLKINVX1      24 47.1   399   353    1107    (-,-) 
  P1/mul_23_62_g4118__9945/Y      -       A->Y   F     MXI2XL         2  5.6   222   204    1311    (-,-) 
  P1/mul_23_62_g4095__2398/Y      -       B->Y   R     NOR2BX1       15 25.4   427   361    1672    (-,-) 
  P1/mul_23_62_g4089/Y            -       A->Y   F     INVXL          2  3.2   142    92    1764    (-,-) 
  P1/mul_23_62_g4067__7098/Y      -       A1->Y  R     AOI21XL        1  3.7   198   154    1918    (-,-) 
  P1/mul_23_62_g3977__7098/Y      -       S0->Y  R     MXI2XL         2  5.4   233   227    2144    (-,-) 
  P1/mul_23_62_g3966__6260/Y      -       B->Y   F     NAND2XL        3  5.0   171   160    2304    (-,-) 
  P1/mul_23_62_g3935__2398/Y      -       B->Y   R     NOR2BXL        3  5.0   183   179    2482    (-,-) 
  P1/mul_23_62_g3911__5526/Y      -       AN->Y  R     NOR2BXL        1  4.9   188   202    2685    (-,-) 
  P1/mul_23_62_cdnfadd3__9315/CO  -       CI->CO R     ADDFXL         1  4.9   123   270    2955    (-,-) 
  P1/mul_23_62_cdnfadd4__9945/CO  -       CI->CO R     ADDFXL         1  4.9   123   254    3209    (-,-) 
  P1/mul_23_62_cdnfadd5__2883/CO  -       CI->CO R     ADDFXL         1  4.9   123   254    3464    (-,-) 
  P1/mul_23_62_cdnfadd6__2346/CO  -       CI->CO R     ADDFXL         1  4.9   123   254    3718    (-,-) 
  P1/mul_23_62_cdnfadd7__1666/CO  -       CI->CO R     ADDFXL         1  4.9   123   254    3972    (-,-) 
  P1/mul_23_62_cdnfadd8__7410/CO  -       CI->CO R     ADDFXL         1  4.9   123   254    4226    (-,-) 
  P1/mul_23_62_cdnfadd9__6417/CO  -       CI->CO R     ADDFXL         1  4.9   122   254    4480    (-,-) 
  P1/mul_23_62_cdnfadd10__5477/CO -       CI->CO R     ADDFXL         1  4.9   122   254    4734    (-,-) 
  P1/mul_23_62_cdnfadd11__2398/CO -       CI->CO R     ADDFXL         1  4.9   122   254    4988    (-,-) 
  P1/mul_23_62_cdnfadd12__5107/CO -       CI->CO R     ADDFXL         1  4.9   122   254    5242    (-,-) 
  P1/mul_23_62_cdnfadd13__6260/CO -       CI->CO R     ADDFXL         1  4.9   119   254    5496    (-,-) 
  P1/mul_23_62_cdnfadd14__4319/CO -       CI->CO R     ADDFXL         1  4.9   119   253    5750    (-,-) 
  P1/mul_23_62_cdnfadd15__8428/CO -       CI->CO R     ADDFXL         1  4.9   119   253    6003    (-,-) 
  P1/mul_23_62_cdnfadd16__5526/CO -       CI->CO R     ADDFXL         1  4.9   119   253    6257    (-,-) 
  P1/mul_23_62_cdnfadd17__6783/CO -       CI->CO R     ADDFXL         1  4.9   119   253    6510    (-,-) 
  P1/mul_23_62_cdnfadd18__3680/CO -       CI->CO R     ADDFXL         1  4.9   119   253    6763    (-,-) 
  P1/mul_23_62_cdnfadd19__1617/CO -       CI->CO R     ADDFXL         1  4.9   119   253    7017    (-,-) 
  P1/mul_23_62_cdnfadd20__2802/CO -       CI->CO R     ADDFXL         1  4.9   119   253    7270    (-,-) 
  P1/mul_23_62_cdnfadd21__1705/CO -       CI->CO R     ADDFXL         1  4.9   119   253    7524    (-,-) 
  P1/mul_23_62_cdnfadd22__5122/CO -       CI->CO R     ADDFXL         1  4.9   119   253    7777    (-,-) 
  P1/mul_23_62_cdnfadd23__8246/CO -       CI->CO R     ADDFXL         1  4.9   119   253    8030    (-,-) 
  P1/mul_23_62_cdnfadd24__7098/CO -       CI->CO R     ADDFXL         1  4.9   119   253    8284    (-,-) 
  P1/mul_23_62_cdnfadd25__6131/CO -       CI->CO R     ADDFXL         1  4.9   119   253    8537    (-,-) 
  P1/mul_23_62_cdnfadd26__1881/CO -       CI->CO R     ADDFXL         1  4.9   119   253    8791    (-,-) 
  P1/mul_23_62_cdnfadd27__5115/CO -       CI->CO R     ADDFXL         1  4.9   119   253    9044    (-,-) 
  P1/mul_23_62_cdnfadd28__7482/CO -       CI->CO R     ADDFXL         1  4.9   119   253    9297    (-,-) 
  P1/mul_23_62_cdnfadd29__4733/CO -       CI->CO R     ADDFXL         1  4.9   119   253    9551    (-,-) 
  P1/mul_23_62_cdnfadd30__6161/S  -       CI->S  F     ADDFXL         1  1.9    77   314    9865    (-,-) 
  P1/g108__6260/Y                 -       B->Y   F     MX2XL          1  2.3    73   160   10025    (-,-) 
  P1/result_reg[30]/D             -       -      F     DFFRHQX1       1    -     -     0   10025    (-,-) 
#---------------------------------------------------------------------------------------------------------



Path 45: MET (3172 ps) Setup Check with Pin P16/result_reg[28]/CK->D
          Group: C2C
     Startpoint: (R) weight_reg_reg[15][2]/CK
          Clock: (R) clk
       Endpoint: (R) P16/result_reg[28]/D
          Clock: (R) clk

                     Capture       Launch     
        Clock Edge:+   13330            0     
       Src Latency:+       0            0     
       Net Latency:+       0 (I)        0 (I) 
           Arrival:=   13330            0     
                                              
             Setup:-     105                  
       Uncertainty:-     300                  
     Required Time:=   12925                  
      Launch Clock:-       0                  
         Data Path:-    9753                  
             Slack:=    3172                  

#--------------------------------------------------------------------------------------------------------------------
#               Timing Point                 Flags    Arc   Edge   Cell     Fanout Load Trans Delay Arrival Instance 
#                                                                                  (fF)  (ps)  (ps)   (ps)  Location 
#--------------------------------------------------------------------------------------------------------------------
  weight_reg_reg[15][2]/CK                   -       -      R     (arrival)   1910    -   200     0       0    (-,-) 
  weight_reg_reg[15][2]/Q                    -       CK->Q  R     DFFRHQX1      26 49.3   422   650     650    (-,-) 
  P16/csa_tree_add_33_32_groupi_g3965/Y      -       A->Y   F     CLKINVX1      23 45.5   368   344     994    (-,-) 
  P16/csa_tree_add_33_32_groupi_g3910/Y      -       A->Y   R     MXI2XL         2  5.6   242   247    1241    (-,-) 
  P16/csa_tree_add_33_32_groupi_g3891/Y      -       B->Y   F     NAND2X1       18 30.3   426   352    1593    (-,-) 
  P16/csa_tree_add_33_32_groupi_g3858/Y      -       A0->Y  R     AOI21XL        1  3.7   198   215    1808    (-,-) 
  P16/csa_tree_add_33_32_groupi_g3769/Y      -       S0->Y  F     MXI2XL         1  6.2   237   159    1966    (-,-) 
  P16/csa_tree_add_33_32_groupi_cdnfadd/CO   -       B->CO  F     ADDFXL         1  4.9   118   307    2274    (-,-) 
  P16/csa_tree_add_33_32_groupi_cdnfadd1/CO  -       CI->CO F     ADDFXL         1  4.9   118   259    2533    (-,-) 
  P16/csa_tree_add_33_32_groupi_cdnfadd2/CO  -       CI->CO F     ADDFXL         1  4.9   118   259    2791    (-,-) 
  P16/csa_tree_add_33_32_groupi_cdnfadd3/CO  -       CI->CO F     ADDFXL         1  4.9   118   259    3050    (-,-) 
  P16/csa_tree_add_33_32_groupi_cdnfadd4/CO  -       CI->CO F     ADDFXL         1  4.9   118   259    3309    (-,-) 
  P16/csa_tree_add_33_32_groupi_cdnfadd5/CO  -       CI->CO F     ADDFXL         1  4.9   118   259    3568    (-,-) 
  P16/csa_tree_add_33_32_groupi_cdnfadd6/CO  -       CI->CO F     ADDFXL         1  4.9   118   259    3827    (-,-) 
  P16/csa_tree_add_33_32_groupi_cdnfadd7/CO  -       CI->CO F     ADDFXL         1  4.9   116   259    4085    (-,-) 
  P16/csa_tree_add_33_32_groupi_cdnfadd8/CO  -       CI->CO F     ADDFXL         1  4.9   116   258    4344    (-,-) 
  P16/csa_tree_add_33_32_groupi_cdnfadd9/CO  -       CI->CO F     ADDFXL         1  4.9   116   258    4602    (-,-) 
  P16/csa_tree_add_33_32_groupi_cdnfadd10/CO -       CI->CO F     ADDFXL         1  4.9   116   258    4861    (-,-) 
  P16/csa_tree_add_33_32_groupi_cdnfadd11/CO -       CI->CO F     ADDFXL         1  4.9   116   258    5119    (-,-) 
  P16/csa_tree_add_33_32_groupi_cdnfadd12/CO -       CI->CO F     ADDFXL         1  4.9   116   258    5377    (-,-) 
  P16/csa_tree_add_33_32_groupi_cdnfadd13/CO -       CI->CO F     ADDFXL         1  4.9   116   258    5636    (-,-) 
  P16/csa_tree_add_33_32_groupi_cdnfadd14/CO -       CI->CO F     ADDFXL         1  4.9   116   258    5894    (-,-) 
  P16/csa_tree_add_33_32_groupi_cdnfadd15/CO -       CI->CO F     ADDFXL         1  4.9   116   258    6153    (-,-) 
  P16/csa_tree_add_33_32_groupi_cdnfadd16/CO -       CI->CO F     ADDFXL         1  4.9   116   258    6411    (-,-) 
  P16/csa_tree_add_33_32_groupi_cdnfadd17/CO -       CI->CO F     ADDFXL         1  4.9   116   258    6669    (-,-) 
  P16/csa_tree_add_33_32_groupi_cdnfadd18/CO -       CI->CO F     ADDFXL         1  4.9   116   258    6928    (-,-) 
  P16/csa_tree_add_33_32_groupi_cdnfadd19/CO -       CI->CO F     ADDFXL         1  4.9   116   258    7186    (-,-) 
  P16/csa_tree_add_33_32_groupi_cdnfadd20/CO -       CI->CO F     ADDFXL         1  4.9   116   258    7445    (-,-) 
  P16/csa_tree_add_33_32_groupi_cdnfadd21/CO -       CI->CO F     ADDFXL         1  4.9   116   258    7703    (-,-) 
  P16/csa_tree_add_33_32_groupi_cdnfadd22/CO -       CI->CO F     ADDFXL         1  4.9   116   258    7961    (-,-) 
  P16/csa_tree_add_33_32_groupi_cdnfadd23/CO -       CI->CO F     ADDFXL         1  4.9   116   258    8220    (-,-) 
  P16/csa_tree_add_33_32_groupi_cdnfadd24/CO -       CI->CO F     ADDFXL         1  4.9   116   258    8478    (-,-) 
  P16/csa_tree_add_33_32_groupi_cdnfadd25/CO -       CI->CO F     ADDFXL         1  4.9   116   258    8737    (-,-) 
  P16/csa_tree_add_33_32_groupi_cdnfadd26/CO -       CI->CO F     ADDFXL         1  4.9   116   258    8995    (-,-) 
  P16/csa_tree_add_33_32_groupi_cdnfadd27/CO -       CI->CO F     ADDFXL         1  4.9   116   258    9253    (-,-) 
  P16/csa_tree_add_33_32_groupi_cdnfadd28/S  -       CI->S  R     ADDFXL         1  1.9    79   349    9602    (-,-) 
  P16/g113/Y                                 -       B->Y   R     MX2XL          1  2.3    81   150    9753    (-,-) 
  P16/result_reg[28]/D                       -       -      R     DFFRHQX2       1    -     -     0    9753    (-,-) 
#--------------------------------------------------------------------------------------------------------------------



Path 46: MET (3172 ps) Setup Check with Pin P14/result_reg[28]/CK->D
          Group: C2C
     Startpoint: (R) weight_reg_reg[13][2]/CK
          Clock: (R) clk
       Endpoint: (R) P14/result_reg[28]/D
          Clock: (R) clk

                     Capture       Launch     
        Clock Edge:+   13330            0     
       Src Latency:+       0            0     
       Net Latency:+       0 (I)        0 (I) 
           Arrival:=   13330            0     
                                              
             Setup:-     105                  
       Uncertainty:-     300                  
     Required Time:=   12925                  
      Launch Clock:-       0                  
         Data Path:-    9753                  
             Slack:=    3172                  

#--------------------------------------------------------------------------------------------------------------------
#               Timing Point                 Flags    Arc   Edge   Cell     Fanout Load Trans Delay Arrival Instance 
#                                                                                  (fF)  (ps)  (ps)   (ps)  Location 
#--------------------------------------------------------------------------------------------------------------------
  weight_reg_reg[13][2]/CK                   -       -      R     (arrival)   1910    -   200     0       0    (-,-) 
  weight_reg_reg[13][2]/Q                    -       CK->Q  R     DFFRHQX1      26 49.3   422   650     650    (-,-) 
  P14/csa_tree_add_33_32_groupi_g3965/Y      -       A->Y   F     CLKINVX1      23 45.5   368   344     994    (-,-) 
  P14/csa_tree_add_33_32_groupi_g3910/Y      -       A->Y   R     MXI2XL         2  5.6   242   247    1241    (-,-) 
  P14/csa_tree_add_33_32_groupi_g3891/Y      -       B->Y   F     NAND2X1       18 30.3   426   352    1593    (-,-) 
  P14/csa_tree_add_33_32_groupi_g3858/Y      -       A0->Y  R     AOI21XL        1  3.7   198   215    1808    (-,-) 
  P14/csa_tree_add_33_32_groupi_g3769/Y      -       S0->Y  F     MXI2XL         1  6.2   237   159    1966    (-,-) 
  P14/csa_tree_add_33_32_groupi_cdnfadd/CO   -       B->CO  F     ADDFXL         1  4.9   118   307    2274    (-,-) 
  P14/csa_tree_add_33_32_groupi_cdnfadd1/CO  -       CI->CO F     ADDFXL         1  4.9   118   259    2533    (-,-) 
  P14/csa_tree_add_33_32_groupi_cdnfadd2/CO  -       CI->CO F     ADDFXL         1  4.9   118   259    2791    (-,-) 
  P14/csa_tree_add_33_32_groupi_cdnfadd3/CO  -       CI->CO F     ADDFXL         1  4.9   118   259    3050    (-,-) 
  P14/csa_tree_add_33_32_groupi_cdnfadd4/CO  -       CI->CO F     ADDFXL         1  4.9   118   259    3309    (-,-) 
  P14/csa_tree_add_33_32_groupi_cdnfadd5/CO  -       CI->CO F     ADDFXL         1  4.9   118   259    3568    (-,-) 
  P14/csa_tree_add_33_32_groupi_cdnfadd6/CO  -       CI->CO F     ADDFXL         1  4.9   118   259    3827    (-,-) 
  P14/csa_tree_add_33_32_groupi_cdnfadd7/CO  -       CI->CO F     ADDFXL         1  4.9   116   259    4085    (-,-) 
  P14/csa_tree_add_33_32_groupi_cdnfadd8/CO  -       CI->CO F     ADDFXL         1  4.9   116   258    4344    (-,-) 
  P14/csa_tree_add_33_32_groupi_cdnfadd9/CO  -       CI->CO F     ADDFXL         1  4.9   116   258    4602    (-,-) 
  P14/csa_tree_add_33_32_groupi_cdnfadd10/CO -       CI->CO F     ADDFXL         1  4.9   116   258    4861    (-,-) 
  P14/csa_tree_add_33_32_groupi_cdnfadd11/CO -       CI->CO F     ADDFXL         1  4.9   116   258    5119    (-,-) 
  P14/csa_tree_add_33_32_groupi_cdnfadd12/CO -       CI->CO F     ADDFXL         1  4.9   116   258    5377    (-,-) 
  P14/csa_tree_add_33_32_groupi_cdnfadd13/CO -       CI->CO F     ADDFXL         1  4.9   116   258    5636    (-,-) 
  P14/csa_tree_add_33_32_groupi_cdnfadd14/CO -       CI->CO F     ADDFXL         1  4.9   116   258    5894    (-,-) 
  P14/csa_tree_add_33_32_groupi_cdnfadd15/CO -       CI->CO F     ADDFXL         1  4.9   116   258    6153    (-,-) 
  P14/csa_tree_add_33_32_groupi_cdnfadd16/CO -       CI->CO F     ADDFXL         1  4.9   116   258    6411    (-,-) 
  P14/csa_tree_add_33_32_groupi_cdnfadd17/CO -       CI->CO F     ADDFXL         1  4.9   116   258    6669    (-,-) 
  P14/csa_tree_add_33_32_groupi_cdnfadd18/CO -       CI->CO F     ADDFXL         1  4.9   116   258    6928    (-,-) 
  P14/csa_tree_add_33_32_groupi_cdnfadd19/CO -       CI->CO F     ADDFXL         1  4.9   116   258    7186    (-,-) 
  P14/csa_tree_add_33_32_groupi_cdnfadd20/CO -       CI->CO F     ADDFXL         1  4.9   116   258    7445    (-,-) 
  P14/csa_tree_add_33_32_groupi_cdnfadd21/CO -       CI->CO F     ADDFXL         1  4.9   116   258    7703    (-,-) 
  P14/csa_tree_add_33_32_groupi_cdnfadd22/CO -       CI->CO F     ADDFXL         1  4.9   116   258    7961    (-,-) 
  P14/csa_tree_add_33_32_groupi_cdnfadd23/CO -       CI->CO F     ADDFXL         1  4.9   116   258    8220    (-,-) 
  P14/csa_tree_add_33_32_groupi_cdnfadd24/CO -       CI->CO F     ADDFXL         1  4.9   116   258    8478    (-,-) 
  P14/csa_tree_add_33_32_groupi_cdnfadd25/CO -       CI->CO F     ADDFXL         1  4.9   116   258    8737    (-,-) 
  P14/csa_tree_add_33_32_groupi_cdnfadd26/CO -       CI->CO F     ADDFXL         1  4.9   116   258    8995    (-,-) 
  P14/csa_tree_add_33_32_groupi_cdnfadd27/CO -       CI->CO F     ADDFXL         1  4.9   116   258    9253    (-,-) 
  P14/csa_tree_add_33_32_groupi_cdnfadd28/S  -       CI->S  R     ADDFXL         1  1.9    79   349    9602    (-,-) 
  P14/g111/Y                                 -       B->Y   R     MX2XL          1  2.3    81   150    9753    (-,-) 
  P14/result_reg[28]/D                       -       -      R     DFFRHQX2       1    -     -     0    9753    (-,-) 
#--------------------------------------------------------------------------------------------------------------------



Path 47: MET (3172 ps) Setup Check with Pin P13/result_reg[28]/CK->D
          Group: C2C
     Startpoint: (R) weight_reg_reg[12][2]/CK
          Clock: (R) clk
       Endpoint: (R) P13/result_reg[28]/D
          Clock: (R) clk

                     Capture       Launch     
        Clock Edge:+   13330            0     
       Src Latency:+       0            0     
       Net Latency:+       0 (I)        0 (I) 
           Arrival:=   13330            0     
                                              
             Setup:-     105                  
       Uncertainty:-     300                  
     Required Time:=   12925                  
      Launch Clock:-       0                  
         Data Path:-    9753                  
             Slack:=    3172                  

#--------------------------------------------------------------------------------------------------------------------
#               Timing Point                 Flags    Arc   Edge   Cell     Fanout Load Trans Delay Arrival Instance 
#                                                                                  (fF)  (ps)  (ps)   (ps)  Location 
#--------------------------------------------------------------------------------------------------------------------
  weight_reg_reg[12][2]/CK                   -       -      R     (arrival)   1910    -   200     0       0    (-,-) 
  weight_reg_reg[12][2]/Q                    -       CK->Q  R     DFFRHQX1      26 49.3   422   650     650    (-,-) 
  P13/csa_tree_add_33_32_groupi_g3965/Y      -       A->Y   F     CLKINVX1      23 45.5   368   344     994    (-,-) 
  P13/csa_tree_add_33_32_groupi_g3910/Y      -       A->Y   R     MXI2XL         2  5.6   242   247    1241    (-,-) 
  P13/csa_tree_add_33_32_groupi_g3891/Y      -       B->Y   F     NAND2X1       18 30.3   426   352    1593    (-,-) 
  P13/csa_tree_add_33_32_groupi_g3858/Y      -       A0->Y  R     AOI21XL        1  3.7   198   215    1808    (-,-) 
  P13/csa_tree_add_33_32_groupi_g3769/Y      -       S0->Y  F     MXI2XL         1  6.2   237   159    1966    (-,-) 
  P13/csa_tree_add_33_32_groupi_cdnfadd/CO   -       B->CO  F     ADDFXL         1  4.9   118   307    2274    (-,-) 
  P13/csa_tree_add_33_32_groupi_cdnfadd1/CO  -       CI->CO F     ADDFXL         1  4.9   118   259    2533    (-,-) 
  P13/csa_tree_add_33_32_groupi_cdnfadd2/CO  -       CI->CO F     ADDFXL         1  4.9   118   259    2791    (-,-) 
  P13/csa_tree_add_33_32_groupi_cdnfadd3/CO  -       CI->CO F     ADDFXL         1  4.9   118   259    3050    (-,-) 
  P13/csa_tree_add_33_32_groupi_cdnfadd4/CO  -       CI->CO F     ADDFXL         1  4.9   118   259    3309    (-,-) 
  P13/csa_tree_add_33_32_groupi_cdnfadd5/CO  -       CI->CO F     ADDFXL         1  4.9   118   259    3568    (-,-) 
  P13/csa_tree_add_33_32_groupi_cdnfadd6/CO  -       CI->CO F     ADDFXL         1  4.9   118   259    3827    (-,-) 
  P13/csa_tree_add_33_32_groupi_cdnfadd7/CO  -       CI->CO F     ADDFXL         1  4.9   116   259    4085    (-,-) 
  P13/csa_tree_add_33_32_groupi_cdnfadd8/CO  -       CI->CO F     ADDFXL         1  4.9   116   258    4344    (-,-) 
  P13/csa_tree_add_33_32_groupi_cdnfadd9/CO  -       CI->CO F     ADDFXL         1  4.9   116   258    4602    (-,-) 
  P13/csa_tree_add_33_32_groupi_cdnfadd10/CO -       CI->CO F     ADDFXL         1  4.9   116   258    4861    (-,-) 
  P13/csa_tree_add_33_32_groupi_cdnfadd11/CO -       CI->CO F     ADDFXL         1  4.9   116   258    5119    (-,-) 
  P13/csa_tree_add_33_32_groupi_cdnfadd12/CO -       CI->CO F     ADDFXL         1  4.9   116   258    5377    (-,-) 
  P13/csa_tree_add_33_32_groupi_cdnfadd13/CO -       CI->CO F     ADDFXL         1  4.9   116   258    5636    (-,-) 
  P13/csa_tree_add_33_32_groupi_cdnfadd14/CO -       CI->CO F     ADDFXL         1  4.9   116   258    5894    (-,-) 
  P13/csa_tree_add_33_32_groupi_cdnfadd15/CO -       CI->CO F     ADDFXL         1  4.9   116   258    6153    (-,-) 
  P13/csa_tree_add_33_32_groupi_cdnfadd16/CO -       CI->CO F     ADDFXL         1  4.9   116   258    6411    (-,-) 
  P13/csa_tree_add_33_32_groupi_cdnfadd17/CO -       CI->CO F     ADDFXL         1  4.9   116   258    6669    (-,-) 
  P13/csa_tree_add_33_32_groupi_cdnfadd18/CO -       CI->CO F     ADDFXL         1  4.9   116   258    6928    (-,-) 
  P13/csa_tree_add_33_32_groupi_cdnfadd19/CO -       CI->CO F     ADDFXL         1  4.9   116   258    7186    (-,-) 
  P13/csa_tree_add_33_32_groupi_cdnfadd20/CO -       CI->CO F     ADDFXL         1  4.9   116   258    7445    (-,-) 
  P13/csa_tree_add_33_32_groupi_cdnfadd21/CO -       CI->CO F     ADDFXL         1  4.9   116   258    7703    (-,-) 
  P13/csa_tree_add_33_32_groupi_cdnfadd22/CO -       CI->CO F     ADDFXL         1  4.9   116   258    7961    (-,-) 
  P13/csa_tree_add_33_32_groupi_cdnfadd23/CO -       CI->CO F     ADDFXL         1  4.9   116   258    8220    (-,-) 
  P13/csa_tree_add_33_32_groupi_cdnfadd24/CO -       CI->CO F     ADDFXL         1  4.9   116   258    8478    (-,-) 
  P13/csa_tree_add_33_32_groupi_cdnfadd25/CO -       CI->CO F     ADDFXL         1  4.9   116   258    8737    (-,-) 
  P13/csa_tree_add_33_32_groupi_cdnfadd26/CO -       CI->CO F     ADDFXL         1  4.9   116   258    8995    (-,-) 
  P13/csa_tree_add_33_32_groupi_cdnfadd27/CO -       CI->CO F     ADDFXL         1  4.9   116   258    9253    (-,-) 
  P13/csa_tree_add_33_32_groupi_cdnfadd28/S  -       CI->S  R     ADDFXL         1  1.9    79   349    9602    (-,-) 
  P13/g111/Y                                 -       B->Y   R     MX2XL          1  2.3    81   150    9753    (-,-) 
  P13/result_reg[28]/D                       -       -      R     DFFRHQX2       1    -     -     0    9753    (-,-) 
#--------------------------------------------------------------------------------------------------------------------



Path 48: MET (3172 ps) Setup Check with Pin P12/result_reg[28]/CK->D
          Group: C2C
     Startpoint: (R) weight_reg_reg[11][2]/CK
          Clock: (R) clk
       Endpoint: (R) P12/result_reg[28]/D
          Clock: (R) clk

                     Capture       Launch     
        Clock Edge:+   13330            0     
       Src Latency:+       0            0     
       Net Latency:+       0 (I)        0 (I) 
           Arrival:=   13330            0     
                                              
             Setup:-     105                  
       Uncertainty:-     300                  
     Required Time:=   12925                  
      Launch Clock:-       0                  
         Data Path:-    9753                  
             Slack:=    3172                  

#--------------------------------------------------------------------------------------------------------------------
#               Timing Point                 Flags    Arc   Edge   Cell     Fanout Load Trans Delay Arrival Instance 
#                                                                                  (fF)  (ps)  (ps)   (ps)  Location 
#--------------------------------------------------------------------------------------------------------------------
  weight_reg_reg[11][2]/CK                   -       -      R     (arrival)   1910    -   200     0       0    (-,-) 
  weight_reg_reg[11][2]/Q                    -       CK->Q  R     DFFRHQX1      26 49.3   422   650     650    (-,-) 
  P12/csa_tree_add_33_32_groupi_g3965/Y      -       A->Y   F     CLKINVX1      23 45.5   368   344     994    (-,-) 
  P12/csa_tree_add_33_32_groupi_g3910/Y      -       A->Y   R     MXI2XL         2  5.6   242   247    1241    (-,-) 
  P12/csa_tree_add_33_32_groupi_g3891/Y      -       B->Y   F     NAND2X1       18 30.3   426   352    1593    (-,-) 
  P12/csa_tree_add_33_32_groupi_g3858/Y      -       A0->Y  R     AOI21XL        1  3.7   198   215    1808    (-,-) 
  P12/csa_tree_add_33_32_groupi_g3769/Y      -       S0->Y  F     MXI2XL         1  6.2   237   159    1966    (-,-) 
  P12/csa_tree_add_33_32_groupi_cdnfadd/CO   -       B->CO  F     ADDFXL         1  4.9   118   307    2274    (-,-) 
  P12/csa_tree_add_33_32_groupi_cdnfadd1/CO  -       CI->CO F     ADDFXL         1  4.9   118   259    2533    (-,-) 
  P12/csa_tree_add_33_32_groupi_cdnfadd2/CO  -       CI->CO F     ADDFXL         1  4.9   118   259    2791    (-,-) 
  P12/csa_tree_add_33_32_groupi_cdnfadd3/CO  -       CI->CO F     ADDFXL         1  4.9   118   259    3050    (-,-) 
  P12/csa_tree_add_33_32_groupi_cdnfadd4/CO  -       CI->CO F     ADDFXL         1  4.9   118   259    3309    (-,-) 
  P12/csa_tree_add_33_32_groupi_cdnfadd5/CO  -       CI->CO F     ADDFXL         1  4.9   118   259    3568    (-,-) 
  P12/csa_tree_add_33_32_groupi_cdnfadd6/CO  -       CI->CO F     ADDFXL         1  4.9   118   259    3827    (-,-) 
  P12/csa_tree_add_33_32_groupi_cdnfadd7/CO  -       CI->CO F     ADDFXL         1  4.9   116   259    4085    (-,-) 
  P12/csa_tree_add_33_32_groupi_cdnfadd8/CO  -       CI->CO F     ADDFXL         1  4.9   116   258    4344    (-,-) 
  P12/csa_tree_add_33_32_groupi_cdnfadd9/CO  -       CI->CO F     ADDFXL         1  4.9   116   258    4602    (-,-) 
  P12/csa_tree_add_33_32_groupi_cdnfadd10/CO -       CI->CO F     ADDFXL         1  4.9   116   258    4861    (-,-) 
  P12/csa_tree_add_33_32_groupi_cdnfadd11/CO -       CI->CO F     ADDFXL         1  4.9   116   258    5119    (-,-) 
  P12/csa_tree_add_33_32_groupi_cdnfadd12/CO -       CI->CO F     ADDFXL         1  4.9   116   258    5377    (-,-) 
  P12/csa_tree_add_33_32_groupi_cdnfadd13/CO -       CI->CO F     ADDFXL         1  4.9   116   258    5636    (-,-) 
  P12/csa_tree_add_33_32_groupi_cdnfadd14/CO -       CI->CO F     ADDFXL         1  4.9   116   258    5894    (-,-) 
  P12/csa_tree_add_33_32_groupi_cdnfadd15/CO -       CI->CO F     ADDFXL         1  4.9   116   258    6153    (-,-) 
  P12/csa_tree_add_33_32_groupi_cdnfadd16/CO -       CI->CO F     ADDFXL         1  4.9   116   258    6411    (-,-) 
  P12/csa_tree_add_33_32_groupi_cdnfadd17/CO -       CI->CO F     ADDFXL         1  4.9   116   258    6669    (-,-) 
  P12/csa_tree_add_33_32_groupi_cdnfadd18/CO -       CI->CO F     ADDFXL         1  4.9   116   258    6928    (-,-) 
  P12/csa_tree_add_33_32_groupi_cdnfadd19/CO -       CI->CO F     ADDFXL         1  4.9   116   258    7186    (-,-) 
  P12/csa_tree_add_33_32_groupi_cdnfadd20/CO -       CI->CO F     ADDFXL         1  4.9   116   258    7445    (-,-) 
  P12/csa_tree_add_33_32_groupi_cdnfadd21/CO -       CI->CO F     ADDFXL         1  4.9   116   258    7703    (-,-) 
  P12/csa_tree_add_33_32_groupi_cdnfadd22/CO -       CI->CO F     ADDFXL         1  4.9   116   258    7961    (-,-) 
  P12/csa_tree_add_33_32_groupi_cdnfadd23/CO -       CI->CO F     ADDFXL         1  4.9   116   258    8220    (-,-) 
  P12/csa_tree_add_33_32_groupi_cdnfadd24/CO -       CI->CO F     ADDFXL         1  4.9   116   258    8478    (-,-) 
  P12/csa_tree_add_33_32_groupi_cdnfadd25/CO -       CI->CO F     ADDFXL         1  4.9   116   258    8737    (-,-) 
  P12/csa_tree_add_33_32_groupi_cdnfadd26/CO -       CI->CO F     ADDFXL         1  4.9   116   258    8995    (-,-) 
  P12/csa_tree_add_33_32_groupi_cdnfadd27/CO -       CI->CO F     ADDFXL         1  4.9   116   258    9253    (-,-) 
  P12/csa_tree_add_33_32_groupi_cdnfadd28/S  -       CI->S  R     ADDFXL         1  1.9    79   349    9602    (-,-) 
  P12/g111/Y                                 -       B->Y   R     MX2XL          1  2.3    81   150    9753    (-,-) 
  P12/result_reg[28]/D                       -       -      R     DFFRHQX1       1    -     -     0    9753    (-,-) 
#--------------------------------------------------------------------------------------------------------------------



Path 49: MET (3172 ps) Setup Check with Pin P11/result_reg[28]/CK->D
          Group: C2C
     Startpoint: (R) weight_reg_reg[10][2]/CK
          Clock: (R) clk
       Endpoint: (R) P11/result_reg[28]/D
          Clock: (R) clk

                     Capture       Launch     
        Clock Edge:+   13330            0     
       Src Latency:+       0            0     
       Net Latency:+       0 (I)        0 (I) 
           Arrival:=   13330            0     
                                              
             Setup:-     105                  
       Uncertainty:-     300                  
     Required Time:=   12925                  
      Launch Clock:-       0                  
         Data Path:-    9753                  
             Slack:=    3172                  

#--------------------------------------------------------------------------------------------------------------------
#               Timing Point                 Flags    Arc   Edge   Cell     Fanout Load Trans Delay Arrival Instance 
#                                                                                  (fF)  (ps)  (ps)   (ps)  Location 
#--------------------------------------------------------------------------------------------------------------------
  weight_reg_reg[10][2]/CK                   -       -      R     (arrival)   1910    -   200     0       0    (-,-) 
  weight_reg_reg[10][2]/Q                    -       CK->Q  R     DFFRHQX1      26 49.3   422   650     650    (-,-) 
  P11/csa_tree_add_33_32_groupi_g3965/Y      -       A->Y   F     CLKINVX1      23 45.5   368   344     994    (-,-) 
  P11/csa_tree_add_33_32_groupi_g3910/Y      -       A->Y   R     MXI2XL         2  5.6   242   247    1241    (-,-) 
  P11/csa_tree_add_33_32_groupi_g3891/Y      -       B->Y   F     NAND2X1       18 30.3   426   352    1593    (-,-) 
  P11/csa_tree_add_33_32_groupi_g3858/Y      -       A0->Y  R     AOI21XL        1  3.7   198   215    1808    (-,-) 
  P11/csa_tree_add_33_32_groupi_g3769/Y      -       S0->Y  F     MXI2XL         1  6.2   237   159    1966    (-,-) 
  P11/csa_tree_add_33_32_groupi_cdnfadd/CO   -       B->CO  F     ADDFXL         1  4.9   118   307    2274    (-,-) 
  P11/csa_tree_add_33_32_groupi_cdnfadd1/CO  -       CI->CO F     ADDFXL         1  4.9   118   259    2533    (-,-) 
  P11/csa_tree_add_33_32_groupi_cdnfadd2/CO  -       CI->CO F     ADDFXL         1  4.9   118   259    2791    (-,-) 
  P11/csa_tree_add_33_32_groupi_cdnfadd3/CO  -       CI->CO F     ADDFXL         1  4.9   118   259    3050    (-,-) 
  P11/csa_tree_add_33_32_groupi_cdnfadd4/CO  -       CI->CO F     ADDFXL         1  4.9   118   259    3309    (-,-) 
  P11/csa_tree_add_33_32_groupi_cdnfadd5/CO  -       CI->CO F     ADDFXL         1  4.9   118   259    3568    (-,-) 
  P11/csa_tree_add_33_32_groupi_cdnfadd6/CO  -       CI->CO F     ADDFXL         1  4.9   118   259    3827    (-,-) 
  P11/csa_tree_add_33_32_groupi_cdnfadd7/CO  -       CI->CO F     ADDFXL         1  4.9   116   259    4085    (-,-) 
  P11/csa_tree_add_33_32_groupi_cdnfadd8/CO  -       CI->CO F     ADDFXL         1  4.9   116   258    4344    (-,-) 
  P11/csa_tree_add_33_32_groupi_cdnfadd9/CO  -       CI->CO F     ADDFXL         1  4.9   116   258    4602    (-,-) 
  P11/csa_tree_add_33_32_groupi_cdnfadd10/CO -       CI->CO F     ADDFXL         1  4.9   116   258    4861    (-,-) 
  P11/csa_tree_add_33_32_groupi_cdnfadd11/CO -       CI->CO F     ADDFXL         1  4.9   116   258    5119    (-,-) 
  P11/csa_tree_add_33_32_groupi_cdnfadd12/CO -       CI->CO F     ADDFXL         1  4.9   116   258    5377    (-,-) 
  P11/csa_tree_add_33_32_groupi_cdnfadd13/CO -       CI->CO F     ADDFXL         1  4.9   116   258    5636    (-,-) 
  P11/csa_tree_add_33_32_groupi_cdnfadd14/CO -       CI->CO F     ADDFXL         1  4.9   116   258    5894    (-,-) 
  P11/csa_tree_add_33_32_groupi_cdnfadd15/CO -       CI->CO F     ADDFXL         1  4.9   116   258    6153    (-,-) 
  P11/csa_tree_add_33_32_groupi_cdnfadd16/CO -       CI->CO F     ADDFXL         1  4.9   116   258    6411    (-,-) 
  P11/csa_tree_add_33_32_groupi_cdnfadd17/CO -       CI->CO F     ADDFXL         1  4.9   116   258    6669    (-,-) 
  P11/csa_tree_add_33_32_groupi_cdnfadd18/CO -       CI->CO F     ADDFXL         1  4.9   116   258    6928    (-,-) 
  P11/csa_tree_add_33_32_groupi_cdnfadd19/CO -       CI->CO F     ADDFXL         1  4.9   116   258    7186    (-,-) 
  P11/csa_tree_add_33_32_groupi_cdnfadd20/CO -       CI->CO F     ADDFXL         1  4.9   116   258    7445    (-,-) 
  P11/csa_tree_add_33_32_groupi_cdnfadd21/CO -       CI->CO F     ADDFXL         1  4.9   116   258    7703    (-,-) 
  P11/csa_tree_add_33_32_groupi_cdnfadd22/CO -       CI->CO F     ADDFXL         1  4.9   116   258    7961    (-,-) 
  P11/csa_tree_add_33_32_groupi_cdnfadd23/CO -       CI->CO F     ADDFXL         1  4.9   116   258    8220    (-,-) 
  P11/csa_tree_add_33_32_groupi_cdnfadd24/CO -       CI->CO F     ADDFXL         1  4.9   116   258    8478    (-,-) 
  P11/csa_tree_add_33_32_groupi_cdnfadd25/CO -       CI->CO F     ADDFXL         1  4.9   116   258    8737    (-,-) 
  P11/csa_tree_add_33_32_groupi_cdnfadd26/CO -       CI->CO F     ADDFXL         1  4.9   116   258    8995    (-,-) 
  P11/csa_tree_add_33_32_groupi_cdnfadd27/CO -       CI->CO F     ADDFXL         1  4.9   116   258    9253    (-,-) 
  P11/csa_tree_add_33_32_groupi_cdnfadd28/S  -       CI->S  R     ADDFXL         1  1.9    79   349    9602    (-,-) 
  P11/g111/Y                                 -       B->Y   R     MX2XL          1  2.3    81   150    9753    (-,-) 
  P11/result_reg[28]/D                       -       -      R     DFFRHQX1       1    -     -     0    9753    (-,-) 
#--------------------------------------------------------------------------------------------------------------------



Path 50: MET (3172 ps) Setup Check with Pin P10/result_reg[28]/CK->D
          Group: C2C
     Startpoint: (R) weight_reg_reg[9][2]/CK
          Clock: (R) clk
       Endpoint: (R) P10/result_reg[28]/D
          Clock: (R) clk

                     Capture       Launch     
        Clock Edge:+   13330            0     
       Src Latency:+       0            0     
       Net Latency:+       0 (I)        0 (I) 
           Arrival:=   13330            0     
                                              
             Setup:-     105                  
       Uncertainty:-     300                  
     Required Time:=   12925                  
      Launch Clock:-       0                  
         Data Path:-    9753                  
             Slack:=    3172                  

#--------------------------------------------------------------------------------------------------------------------
#               Timing Point                 Flags    Arc   Edge   Cell     Fanout Load Trans Delay Arrival Instance 
#                                                                                  (fF)  (ps)  (ps)   (ps)  Location 
#--------------------------------------------------------------------------------------------------------------------
  weight_reg_reg[9][2]/CK                    -       -      R     (arrival)   1910    -   200     0       0    (-,-) 
  weight_reg_reg[9][2]/Q                     -       CK->Q  R     DFFRHQX1      26 49.3   422   650     650    (-,-) 
  P10/csa_tree_add_33_32_groupi_g3965/Y      -       A->Y   F     CLKINVX1      23 45.5   368   344     994    (-,-) 
  P10/csa_tree_add_33_32_groupi_g3910/Y      -       A->Y   R     MXI2XL         2  5.6   242   247    1241    (-,-) 
  P10/csa_tree_add_33_32_groupi_g3891/Y      -       B->Y   F     NAND2X1       18 30.3   426   352    1593    (-,-) 
  P10/csa_tree_add_33_32_groupi_g3858/Y      -       A0->Y  R     AOI21XL        1  3.7   198   215    1808    (-,-) 
  P10/csa_tree_add_33_32_groupi_g3769/Y      -       S0->Y  F     MXI2XL         1  6.2   237   159    1966    (-,-) 
  P10/csa_tree_add_33_32_groupi_cdnfadd/CO   -       B->CO  F     ADDFXL         1  4.9   118   307    2274    (-,-) 
  P10/csa_tree_add_33_32_groupi_cdnfadd1/CO  -       CI->CO F     ADDFXL         1  4.9   118   259    2533    (-,-) 
  P10/csa_tree_add_33_32_groupi_cdnfadd2/CO  -       CI->CO F     ADDFXL         1  4.9   118   259    2791    (-,-) 
  P10/csa_tree_add_33_32_groupi_cdnfadd3/CO  -       CI->CO F     ADDFXL         1  4.9   118   259    3050    (-,-) 
  P10/csa_tree_add_33_32_groupi_cdnfadd4/CO  -       CI->CO F     ADDFXL         1  4.9   118   259    3309    (-,-) 
  P10/csa_tree_add_33_32_groupi_cdnfadd5/CO  -       CI->CO F     ADDFXL         1  4.9   118   259    3568    (-,-) 
  P10/csa_tree_add_33_32_groupi_cdnfadd6/CO  -       CI->CO F     ADDFXL         1  4.9   118   259    3827    (-,-) 
  P10/csa_tree_add_33_32_groupi_cdnfadd7/CO  -       CI->CO F     ADDFXL         1  4.9   116   259    4085    (-,-) 
  P10/csa_tree_add_33_32_groupi_cdnfadd8/CO  -       CI->CO F     ADDFXL         1  4.9   116   258    4344    (-,-) 
  P10/csa_tree_add_33_32_groupi_cdnfadd9/CO  -       CI->CO F     ADDFXL         1  4.9   116   258    4602    (-,-) 
  P10/csa_tree_add_33_32_groupi_cdnfadd10/CO -       CI->CO F     ADDFXL         1  4.9   116   258    4861    (-,-) 
  P10/csa_tree_add_33_32_groupi_cdnfadd11/CO -       CI->CO F     ADDFXL         1  4.9   116   258    5119    (-,-) 
  P10/csa_tree_add_33_32_groupi_cdnfadd12/CO -       CI->CO F     ADDFXL         1  4.9   116   258    5377    (-,-) 
  P10/csa_tree_add_33_32_groupi_cdnfadd13/CO -       CI->CO F     ADDFXL         1  4.9   116   258    5636    (-,-) 
  P10/csa_tree_add_33_32_groupi_cdnfadd14/CO -       CI->CO F     ADDFXL         1  4.9   116   258    5894    (-,-) 
  P10/csa_tree_add_33_32_groupi_cdnfadd15/CO -       CI->CO F     ADDFXL         1  4.9   116   258    6153    (-,-) 
  P10/csa_tree_add_33_32_groupi_cdnfadd16/CO -       CI->CO F     ADDFXL         1  4.9   116   258    6411    (-,-) 
  P10/csa_tree_add_33_32_groupi_cdnfadd17/CO -       CI->CO F     ADDFXL         1  4.9   116   258    6669    (-,-) 
  P10/csa_tree_add_33_32_groupi_cdnfadd18/CO -       CI->CO F     ADDFXL         1  4.9   116   258    6928    (-,-) 
  P10/csa_tree_add_33_32_groupi_cdnfadd19/CO -       CI->CO F     ADDFXL         1  4.9   116   258    7186    (-,-) 
  P10/csa_tree_add_33_32_groupi_cdnfadd20/CO -       CI->CO F     ADDFXL         1  4.9   116   258    7445    (-,-) 
  P10/csa_tree_add_33_32_groupi_cdnfadd21/CO -       CI->CO F     ADDFXL         1  4.9   116   258    7703    (-,-) 
  P10/csa_tree_add_33_32_groupi_cdnfadd22/CO -       CI->CO F     ADDFXL         1  4.9   116   258    7961    (-,-) 
  P10/csa_tree_add_33_32_groupi_cdnfadd23/CO -       CI->CO F     ADDFXL         1  4.9   116   258    8220    (-,-) 
  P10/csa_tree_add_33_32_groupi_cdnfadd24/CO -       CI->CO F     ADDFXL         1  4.9   116   258    8478    (-,-) 
  P10/csa_tree_add_33_32_groupi_cdnfadd25/CO -       CI->CO F     ADDFXL         1  4.9   116   258    8737    (-,-) 
  P10/csa_tree_add_33_32_groupi_cdnfadd26/CO -       CI->CO F     ADDFXL         1  4.9   116   258    8995    (-,-) 
  P10/csa_tree_add_33_32_groupi_cdnfadd27/CO -       CI->CO F     ADDFXL         1  4.9   116   258    9253    (-,-) 
  P10/csa_tree_add_33_32_groupi_cdnfadd28/S  -       CI->S  R     ADDFXL         1  1.9    79   349    9602    (-,-) 
  P10/g111/Y                                 -       B->Y   R     MX2XL          1  2.3    81   150    9753    (-,-) 
  P10/result_reg[28]/D                       -       -      R     DFFRHQX1       1    -     -     0    9753    (-,-) 
#--------------------------------------------------------------------------------------------------------------------

